,,0,0,0,0,0,0,0,0,0,0,0,0,0,0,0,0,0,0,0,0,0,0,0,0,0,0,0,0,0,0,0,0,0,0,0,0,1,1,1,1,1,1,1,1,1,1,1,1,1,1,1,1,1,1,1,1,1,1,1,1,1,1,1,1,1,1,1,1,1,1,1,1
,,1,1,1,1,1,1,2,2,2,2,2,2,5,5,5,5,5,5,10,10,10,10,10,10,36,36,36,36,36,36,100,100,100,100,100,100,1,1,1,1,1,1,2,2,2,2,2,2,5,5,5,5,5,5,10,10,10,10,10,10,36,36,36,36,36,36,100,100,100,100,100,100
,,0.12566370614359174,0.18849555921538758,0.25132741228718347,0.3141592653589793,0.37699111843077515,0.43982297150257105,0.12566370614359174,0.18849555921538758,0.25132741228718347,0.3141592653589793,0.37699111843077515,0.43982297150257105,0.12566370614359174,0.18849555921538758,0.25132741228718347,0.3141592653589793,0.37699111843077515,0.43982297150257105,0.12566370614359174,0.18849555921538758,0.25132741228718347,0.3141592653589793,0.37699111843077515,0.43982297150257105,0.12566370614359174,0.18849555921538758,0.25132741228718347,0.3141592653589793,0.37699111843077515,0.43982297150257105,0.12566370614359174,0.18849555921538758,0.25132741228718347,0.3141592653589793,0.37699111843077515,0.43982297150257105,0.12566370614359174,0.18849555921538758,0.25132741228718347,0.3141592653589793,0.37699111843077515,0.43982297150257105,0.12566370614359174,0.18849555921538758,0.25132741228718347,0.3141592653589793,0.37699111843077515,0.43982297150257105,0.12566370614359174,0.18849555921538758,0.25132741228718347,0.3141592653589793,0.37699111843077515,0.43982297150257105,0.12566370614359174,0.18849555921538758,0.25132741228718347,0.3141592653589793,0.37699111843077515,0.43982297150257105,0.12566370614359174,0.18849555921538758,0.25132741228718347,0.3141592653589793,0.37699111843077515,0.43982297150257105,0.12566370614359174,0.18849555921538758,0.25132741228718347,0.3141592653589793,0.37699111843077515,0.43982297150257105
0,0,(7.364017283683269+0.008084923516558096j),(6.7605242742494225+1.694882503394668e-05j),(6.2506246686910085-0.013683446117830234j),(5.964947202275881+0.0041270592528639405j),(5.7903866038803-0.012189752422386846j),(5.556968441687974-0.0052731893077049286j),(14.71829167951352-0.00840249994466069j),(13.50180078763827-0.01038062498792447j),(12.592200204344902-0.018378869267948517j),(11.904336837437448-0.05688047025373111j),(11.540707565707832+0.14359988876115182j),(11.122309020375226-0.02110940910182979j),(36.77894346854262+0.003915412002009289j),(33.733430631104014+0.11263848978638258j),(31.271529178217385+0.0925563646860752j),(29.72690341737289+0.06505322443286975j),(28.8762646600296-0.01240762172313481j),(27.81999028301709-0.040444435669975576j),(75.85382841366729-6.206626539025137j),(67.57501527898955+0.07893755001452618j),(62.363805353104+0.05284450345301295j),(59.94242240308025+0.06314992522889895j),(57.6190429241539+0.19791863524579156j),(55.899454786723766+0.03017910185414152j),(264.8081248531889-0.18374899404127065j),(243.84920362721337+0.003459229025719157j),(222.88293304381025-0.11294729889970512j),(215.16132672030642-0.5071251038906013j),(207.93518194722947-0.18460209893778057j),(200.32393901256626+0.04635196150245946j),(735.0864930604141-0.10760988253032622j),(675.5797575275905+0.802925224565322j),(620.848441165333+10.048450015081244j),(595.9028668178335-0.7880670002579606j),(575.8454189996809+3.503562762993596j),(557.0272603935992-1.207101403131304j),(7.458885078067325-0.0033150558719078622j),(6.942048806617538+0.01587432797946413j),(6.4883804897303055-0.011335525605736061j),(6.2670440597827595-0.011677432359899808j),(6.191420620557597+0.047424595438511866j),(6.057887008367712+0.015769554191968817j),(14.792826666222712+0.001809617411892638j),(13.705614821225472+0.004078808331542199j),(12.727157441693487-0.02798046098077002j),(12.278026732993455+0.0034306553927638973j),(12.064788143384689+0.002356243331439944j),(11.657821071380184-0.026712169293854754j),(36.895329082653014+0.02468096525108519j),(33.95205412163055-0.09158437736690539j),(31.574034751706947-0.03956326809348243j),(30.145237427234207-0.0015393317333751715j),(29.369932384181297-0.0233753399025833j),(28.454565332429876-0.04243555758358504j),(73.61926770085519-0.0259773726241902j),(67.86524405908133-0.06439844346587038j),(62.8333996883307-0.025901454357071956j),(60.105652993939536-0.13491483470882443j),(58.26252875342352-0.009420269043403243j),(56.15486518722498+0.09061071876332315j),(265.30960030564995+0.8285881637245595j),(243.52115127324987-0.3742364633897284j),(224.60873596395828-0.0017934675147815602j),(215.15285911815542-0.5360660557331114j),(209.27550421629593+0.954940627221759j),(201.20501834385095-0.19754856911863147j),(735.9015728870919-1.3526227742225714j),(703.1299800011466+30.574913197465417j),(624.726174516507-0.2175466994556114j),(596.3663005320558+0.4080021144150651j),(580.2010541217578+0.5111039141854734j),(558.5081656669036+3.6216884098114797j)
0,1,(0.4920593698056517-0.009604949428562881j),(0.4011604429138846-0.005584987089772064j),(0.33110373962287076+0.03634546387117765j),(0.2974769818616086+0.0070965309896857676j),(0.28800341400651996+0.019723090755984496j),(0.26477134785845935+0.00039400496564070964j),(0.9867737704393057-0.007413293458140818j),(0.7991405664718236-0.01950439719976879j),(0.7127802373821945+0.08072752390519752j),(0.5644425865714566-0.0034188475702232046j),(0.6239802550290422+0.04788726714900399j),(0.5452589405611123-0.01706330667443373j),(2.4659232162761597-0.015249645948293034j),(1.961986522547308+0.015450853176193324j),(1.6718716224720152-0.10312627463140045j),(1.638284514083172-0.1102667627341863j),(1.43482460642074+0.09764498783306208j),(1.2936264348183117+0.005323175842068428j),(6.976230291864596-3.3603627995470724j),(4.069550491979271+0.0018192632731235392j),(3.4980778728158803+0.14920478178285923j),(3.471443757604262-0.05257216272868925j),(3.015823452021018+0.09944714761038409j),(2.583351830414615+0.09617891695311309j),(17.589937944137603-0.07063446800943601j),(15.347255256654515-0.24989728641172232j),(11.02318046988327+1.688195468392485j),(11.475989781068213-0.037216489145308174j),(10.251917611642488-0.5656062701452478j),(9.702878392775439+0.13470092524504151j),(49.04455998009689-0.0020817534596968557j),(42.394772930550346-1.6673479695839668j),(40.05275577593959+0.6992094071132158j),(31.141147098827787-0.7922180408913526j),(28.921418311499515+3.790054963214974j),(27.406243692222592-0.47551049646502275j),(0.48451105137155737-0.0009622612332863123j),(0.3949571469418212+0.00998044881476429j),(0.3078763382526512-0.012515638940869019j),(0.2974042948552201+0.013990839080128652j),(0.33082734019974464+0.008884666137179661j),(0.24717283108102278+0.013200546509887386j),(0.9914033519630202+0.01880801884794358j),(0.7906985174532299+0.009921604925671979j),(0.6542800382387813-0.008100476664304176j),(0.6103476920374946+0.01409373734728928j),(0.5435921190419422-0.007742348119327706j),(0.5039030163411594-0.0401310423067826j),(2.4462262115005378+0.01361736253495213j),(2.0284216346078017+0.045289951594148975j),(1.6428843702361342-0.00024154580025513426j),(1.3157658579661153+0.08200477028983341j),(1.3542029704454053+0.00419632849178534j),(1.2826996694646484+0.020520274106709282j),(4.963514235339237+0.022823320327802633j),(4.151973564840956-0.08100608961997328j),(3.2153757629426964+0.17462625616415128j),(3.1566256926658123+0.005900402367399217j),(2.861794454385396-0.11647160658747778j),(2.6487836293685403+0.06791401899163614j),(18.060448540777394+0.7185003333425709j),(14.967436723557539+0.42793249145775386j),(11.743016325450618+0.4777992058663414j),(11.041977867311596+0.2662272231203263j),(10.535960518652397+0.07618136877114046j),(9.676767736535792-0.1722349590830188j),(48.84738282419678-0.058894799470002195j),(49.6630165445964+42.350834067016244j),(33.192387102527164-1.7049500339851427j),(29.867412823248088-0.9974090853375804j),(30.337790548562676+1.3718192372623341j),(22.61064735714351-1.05749141519107j)
0,2,(1.125304955818097+0.0020623339868113266j),(0.9532019725734515+0.009989686170102409j),(0.8256138675054705-0.04004751203368978j),(0.7440521999835235+0.0033186911588965196j),(0.6919643904504822-0.021788421703691052j),(0.6461920475930751-0.0012655786501232225j),(2.2764239825549737-0.007875458100313384j),(1.8869975984100495-0.02613075483534444j),(1.5998957391936248-0.03334341250855832j),(1.421793231784542+0.019589798681816872j),(1.3413236631686534+0.08389692755480715j),(1.3023955296235996-0.023482605078262275j),(5.686609504445059+0.0015497853644603765j),(4.890629694872517+0.06907054733228035j),(4.241478717096606+0.04553496743981178j),(3.852874126274544-0.24705312145933803j),(3.3637917400648414-0.03829755015195713j),(3.234327400504708-0.0561269949809684j),(15.473501939889147-5.317582822745018j),(9.388194123787866+0.09857738820029205j),(8.238123951095833-0.0035791692924647123j),(7.437820341923418+0.19721127258977766j),(6.887804239871368+0.3471758853208007j),(6.595914079235266+0.17954598534618604j),(40.84344221099627-0.0025657444393987205j),(34.838488429365974+0.16423407489042197j),(30.25576040759021+0.14253231537632782j),(27.775953803981007+0.24267963229872613j),(25.67072841844084+0.346973851057248j),(23.354305808407958-0.092288205007093j),(113.10965450454785+0.046142399496289954j),(95.0566177303145-0.8942722918289663j),(74.8667936805654+5.552976871365576j),(75.81802908886198+0.6642111344030468j),(69.17509177826301+0.3324840261053801j),(65.00840149082019-0.6779958442029779j),(1.0988413731894184-0.00648494500717086j),(0.8928852798602992+0.008447137157560763j),(0.7023499096641604+0.0066258561313382236j),(0.5642800874688612+0.01873751704238047j),(0.48473234947908095+0.00615630874348315j),(0.38422305379462873+0.005684336846135798j),(2.219872284877161+0.008514560530009166j),(1.840656668163512-0.0007003132111685963j),(1.542289562320614+0.005434040764959508j),(1.2873502073727499+0.015917770504973245j),(1.1905094197523094+0.023314114818771135j),(0.9866710726669923-0.004486059699045442j),(5.638018747739108+0.03128668957626259j),(4.602709830718726-0.0715757292469287j),(3.877706822019606+0.02768127023824532j),(3.474662872000001+0.04068463156883653j),(3.2377088759831243-0.040382434848252054j),(2.908976675582522-0.031676579009946j),(11.329176271225526-0.0017014093430143514j),(9.560561717822237-0.09812850438998262j),(8.05415810237123+0.08983633213197527j),(7.256389474018929-0.046032586016301676j),(6.708772586780186-0.001563248429827792j),(6.157713349437676+0.04819605736001157j),(41.728616371523444+0.5253563429930725j),(34.768286265165855+0.2786498286542476j),(29.75039436956137-0.11885315612062669j),(26.411033141207394+0.25827413477828154j),(23.82024680652228-0.024020187324924325j),(23.053663778777445-0.22432144229560033j),(113.00394483287634+0.5590728436957163j),(57.90154170862126-11.184562021370983j),(81.24986784287-0.5564135680197211j),(74.2482681409597-1.890616409820804j),(71.17069987985529+1.4359834357380845j),(62.04369907464104+2.7938244158901515j)
0,3,(0.4769331798175358+0.0015813824763183937j),(0.40775562396161247-0.00881938091003237j),(0.3679722464634585+0.0314238755265837j),(0.30495793974325647-0.00162623016551465j),(0.24440874149337727+0.01618461268967214j),(0.2656895186512995+0.0008554806132723691j),(0.9899843653272266-0.00900749693028629j),(0.8055537668507391-0.01141422141411716j),(0.7964818248475487+0.04110127841133743j),(0.583926692072575-0.016243201803428822j),(0.5832347395207615+0.1415932967708132j),(0.5577086866636807+0.013939264353901165j),(2.4618199737795834+0.001088733591054103j),(2.1605004971710557+0.19813280401984912j),(1.8070567844167662-0.0369069801427383j),(1.7465808001636731-0.44354232687768813j),(1.3615008454889665+0.08019387874379025j),(1.2600693810654517-0.02972723487749518j),(5.9011245765753415-3.850368863361365j),(4.117609373845459-0.026762465497720322j),(3.19211812212745-0.08284074493800397j),(3.0487175053181303+0.07128707439780468j),(2.901940438701638+0.0843379380718392j),(2.6619166689222418-0.1473552172465571j),(17.552686176100963-0.09576887782087479j),(15.334115781934093+0.002194603153222785j),(10.5585935059865-0.19170006523904237j),(12.171185230587435-0.49351558287968356j),(10.677034506123608-0.3630822802315459j),(9.558299596445822-0.45791878711665257j),(48.982989446752526+0.02419421125622634j),(43.581542920534424-0.29718178749330504j),(26.850392093666276+7.554706043869457j),(31.426227368625405-0.35551611072451195j),(30.62849262815324+0.36030738432914156j),(27.534562606555554-0.5121493078179579j),(0.49249230602654853+0.0019671144273742587j),(0.42071932339247314-0.005315637589005992j),(0.33835691933294276+0.0050258299997245j),(0.2992039402014519-0.024109920144355913j),(0.2633434571745211-0.014430986971756331j),(0.2260906870257968+3.549002250670145e-05j),(0.9944671761131576-0.009603765465311914j),(0.7980238177016445+0.006049962483206807j),(0.6843013659191794+0.004402630842093801j),(0.5860660240314627-0.02158721866250598j),(0.5985535661739078-0.013852959584877965j),(0.4675612573726431+0.019676144719734834j),(2.4618896720247885+0.0067989470758481356j),(2.06295611301332+0.016358065765134048j),(1.7537779947929037+0.021001746447534518j),(1.3287792403219398+0.08786615178422759j),(1.3451674605491006-0.0076351416270972j),(1.2907523092138662-0.009299144371208682j),(4.903142529087106+0.07235630164214585j),(4.168061741343469-0.01420842347846378j),(3.5019165437668014+0.1094374698022516j),(3.141316219940411+0.052720306217525534j),(2.8673102937919897-0.059776119129142095j),(2.5106920414953966+0.03580472797685297j),(18.35066438857634+0.483430868870793j),(14.45765439417393-0.10328266243080929j),(12.684787843303464+0.13463359325727747j),(10.321212280552437-0.364315756695479j),(11.35452271733339-0.5034672086345738j),(9.230514884667839-0.09002020374981298j),(48.576622617267866-0.4056403620369649j),(-3.8351587593085865+8.662947570070545j),(34.74664577874169-1.2143810210292378j),(28.16773498155636+0.8496918427456321j),(30.45459658895845+0.007272744794504585j),(24.912940221360614+0.08987061840013187j)
0,4,(-9.458314789419985-0.0021236910004605036j),(-8.522642313927483+0.004397732655443465j),(-7.77531452191204-0.0140383812573448j),(-7.31143432379708-0.012916051402135587j),(-7.014763149380466-0.0019295307137858764j),(-6.733621356068555+0.005289282816772545j),(-18.971473797787095+0.03269874838236497j),(-16.99349271959248+0.06742999816100403j),(-15.701358004854287-0.07010651842474491j),(-14.474499348181775+0.05695271992125983j),(-14.089246223078273-0.416977380403881j),(-13.527672177357935+0.047716056549082175j),(-47.39329616294114+0.008695715002318138j),(-42.74654734409169-0.3952926933564953j),(-38.99193630214578+0.0019419225170214105j),(-36.96464285945406+0.7358089888332328j),(-35.03638185203268-0.12713369445179623j),(-33.608013499616675+0.12097548953159354j),(-104.20468522443247+18.734941019468945j),(-85.15036926843399-0.15257173585327521j),(-77.2921252987706-0.11562937113763638j),(-73.90040400863711-0.27907610929119997j),(-70.4246110550113-0.7288796056234315j),(-67.74063736530503-0.1585487865498152j),(-340.7941911842727+0.35271808430583285j),(-309.36906309519304+0.08000937958440968j),(-274.720467429157-1.5260804193159387j),(-266.5844555366025+0.7951775435913078j),(-254.5348624829969+0.7663167985329267j),(-242.93942281026614+0.3691541057768717j),(-946.2236969918472+0.03935502485765596j),(-856.6126911093182+2.0558768246088777j),(-762.6183827144408-23.855342338156674j),(-734.2882703741352+1.2715900174916328j),(-704.5704217164614-7.986409136341734j),(-676.9764681829693+2.8727570516213596j),(-9.534729809140607+0.008795147281280715j),(-8.65061055715461-0.028986276260222214j),(-7.836963655716097+0.012199478502729864j),(-7.427932379594063+0.003058997572102625j),(-7.270323760924909-0.048034574127017185j),(-6.915373583038884-0.03468992872283914j),(-18.998569478852286-0.019528431390968694j),(-17.13499382316238-0.019350062738356013j),(-15.608028408571574+0.026244263839149993j),(-14.761790655660784-0.011854944485544871j),(-14.397443249815653-0.004075055137280523j),(-13.615956420826176+0.05165313262912964j),(-47.441463713671126-0.07638396454595431j),(-42.64614170051064+0.10151208998050384j),(-38.848403939737864-0.008878202920718866j),(-36.26444539550799-0.20901621981200966j),(-35.30701169250915+0.06719658746933943j),(-33.93699398837068+0.06289100571633673j),(-94.8151007367046-0.06750084029398411j),(-85.74584108339114+0.2577414614337602j),(-77.6048500965221-0.34799860207996053j),(-73.65998438131071+0.12232671205645869j),(-70.70040608949826+0.18723124200006358j),(-67.47205421203147-0.24252552512649733j),(-343.4493296069146-2.5558757089853397j),(-307.7145286570748-0.22906319339972292j),(-278.7869345032559-0.49178617445521733j),(-262.9270824060416+0.3758804545113036j),(-254.98623425770984-0.5036345993336658j),(-243.16596474451924+0.6841251749095963j),(-946.3295231610564+1.2580850924362006j),(-806.8593795513199-70.4041327358033j),(-773.9150752419438+3.6932913217253387j),(-728.6497164727483+1.6303315389708366j),(-712.1641411400715-3.326179330521373j),(-668.0754523019704-5.447892019715325j)
1,0,(0.48070522797163345-0.01834134442533225j),(0.4123802775486245-0.01924801055315664j),(0.35021604774453985-0.002746030679640417j),(0.30442136261354863+0.001642727736790181j),(0.28727412628705695-0.0012115335859483878j),(0.23897397782243052-0.02263292502786543j),(0.9890178213999609-0.002524670041074817j),(0.7906072810536562-0.012682358223643636j),(0.6883667058827974-0.002013817730364964j),(0.6026547406043888+0.014862640906609076j),(0.5109520449739344+0.08490032649344625j),(0.5285906435171677+0.0023407933086473376j),(2.465737825896216-0.016383620671519106j),(2.181210485442459+0.11572385752681465j),(1.6974211271072857-0.03741605453458652j),(1.5703194351132321-0.01088996387157648j),(1.3629175179520496+0.015428240603989618j),(1.3278629470598133-0.03353167500701282j),(2.3308204153415364-4.8897909598910045j),(4.345139010753127+0.5036830709702534j),(3.627495232276699+0.1515727307074557j),(1.9211100506042196-0.3458975255055001j),(2.785768288609526+0.12937746924600124j),(2.6056351030443063+0.054185693567224746j),(17.556076913698107-0.023803536420621718j),(14.808864744450208-0.059646179787317344j),(10.238811125983567-0.03415872252536989j),(11.387997983500224+0.2691580644754146j),(10.105484202662229-0.1231757962897837j),(9.509264023603281+0.015446443287362221j),(49.07418499577693-0.10111865594533498j),(39.9277045227488-1.6305110249452142j),(31.033070005866627-1.5048512431988819j),(30.942108573757483-0.42144047407366614j),(26.970936910904655-1.1441789134575568j),(26.821531096386682-0.7563985134267566j),(0.4792404154711424+2.4962208585971313e-05j),(0.4263176878158725-0.001746024780256844j),(0.32605412291395974-0.01089406470680146j),(0.26825210692160906-0.006117880668454284j),(0.22585353266592245+0.015400549497598295j),(0.21597700169971015+0.0032536793601169456j),(0.9690599948377109-0.004077895443080487j),(0.7823371835701306+0.04587179999271099j),(0.6301389883627613-0.013385773768005454j),(0.5865888076509111-0.0029331069494783757j),(0.5593714610847396+0.03530466189831816j),(0.4653251839568952+0.019571873107040644j),(2.472338111442898+0.017324800732705092j),(2.0028109665896237-0.06772430644468652j),(1.6656952833845828+0.09447638316574913j),(1.5226166571457243-0.028942210206428287j),(1.4044499777992407-0.05286390611845582j),(1.2626799725775544-0.01788011488866531j),(4.87651320621427+0.008635477828562443j),(4.124953864314849+0.006907702716863362j),(3.399399930693105-0.055834971780033715j),(2.9321780406650526-0.06698351398924562j),(2.8775473911392155+0.05844601551593187j),(2.5995789458697898-0.06324033133981866j),(17.53579187971946-1.562927075056562j),(14.502222728607137+0.09402758880140305j),(12.255518422059053-0.36365955359137203j),(10.924798088583767+0.033002368850092445j),(10.355612921643946+0.30424230808111685j),(9.93846313931834-0.1097882449958103j),(49.013314151498136-1.0770090345067658j),(8.498025233068114-17.37144997414189j),(33.31646218246254-1.5564248832872085j),(30.38180509441856-0.4502063664560243j),(27.66114986847944+0.025737781245812386j),(19.999530246034812-0.3083323129012925j)
1,1,(7.34099379439679+0.009055802401050528j),(6.7533552805074475+0.017020809672697812j),(6.263025342524896-0.014073788399020515j),(5.94973276450971-0.0030984925651362794j),(5.770677827457729-0.023539513397436762j),(5.56930226564616-0.008557089558065556j),(14.71870483895658-0.0037207944758419487j),(13.514756612762312-0.007851649298580288j),(12.488802287429298+0.002554931613722111j),(11.914964247693986+0.01997654182674946j),(11.577466258058744+0.03736391030839492j),(11.118415398953289-0.0070476310794092j),(36.74260617707926-0.03684552424699561j),(33.79079248882633+0.025131276311635364j),(31.32427224533316+0.07680672487053286j),(29.808861478101118+0.08656461976911167j),(28.90463406662862-0.006105917748278955j),(27.791676545370382-0.04735985500313333j),(72.63342425413731-3.156513515467374j),(68.66609618422954-0.3352576489484811j),(62.75603484400533-0.14163589608143567j),(58.59178448014171+0.6642431209756054j),(57.87477017453976+0.023674192476871525j),(55.62371937343926-0.011196415332950238j),(264.69405248009923+0.13179083400710567j),(244.3435801149756+0.13784692209254956j),(223.87797168029095+1.9018744426213487j),(214.846043594666-0.062070607617393136j),(207.9825832940328+0.04496717496967051j),(200.54639815938853+0.058173740136908236j),(735.4375958468302+0.11171921118952355j),(676.0590288530411+5.619709323701613j),(623.6406819259291+1.689580893079949j),(596.712976341285-0.30501827376474466j),(576.2088498472486-0.6831501938228257j),(556.8271515277597-0.529726669198979j),(7.4412687301352065+0.0018924445157564307j),(6.967066138009825+0.003858450570532135j),(6.493333046526696+0.005487493800464982j),(6.310345440133049+0.03126221788714778j),(6.20183665289677+0.027309055057070708j),(6.055489905042513+0.008502284728653109j),(14.781984072062416-0.008925047884272619j),(13.673904336127874+0.0018119662316173901j),(12.761371051202806-0.013723274473237623j),(12.28018563774357+0.011995673700145204j),(12.071227336303183+0.00023791198194267338j),(11.65873936729439-0.02034256692931402j),(36.87490893653384+0.008835743161370146j),(33.93728238903802-0.03889768102123803j),(31.51887525308981+0.05867781999741517j),(30.244524616814754-0.021033005316191122j),(29.402708679139195-0.0021659370341424733j),(28.441536255863376-0.022824285635394403j),(73.63817673304749+0.003681877161561431j),(67.67230623064417-0.11477535020665997j),(62.79792141533707+0.059011648667109284j),(60.005140875578434-0.07087380976609481j),(58.493025861721186-0.2225798590945285j),(56.22739679601737-0.018038791320599046j),(264.76104928816903-1.1542020969630187j),(243.81665230328758+0.21879965371260113j),(224.38330687721316-0.3478700596683808j),(215.09889589464336-0.46443263369727106j),(208.90912758048083-0.03916452711675156j),(201.3378213997442+0.2535997732594808j),(735.344962031998-0.1335215772826075j),(655.3129640361776-32.83210872633549j),(628.5121434587891-2.3594380620023117j),(598.4646063305707+0.08090700504550341j),(577.5355451127595-0.08052366522508692j),(560.0702474889436-4.500874737716373j)
1,2,(0.5079848341124218+0.007314258203395929j),(0.4216259800380258+0.0006153611791706315j),(0.3420869567202353+0.011878677496694821j),(0.3047337124056534+0.004628824595834663j),(0.30554242415712374+0.008319406424444883j),(0.2635055122559694-0.016160185271132194j),(0.9826575830599484-0.0016191998348583092j),(0.8106808409052652+0.0027152346819773465j),(0.6750301159127011+0.02670436425502315j),(0.5873738868357855+0.017827144628117825j),(0.5123025508978516+0.02761784170926443j),(0.5248042523549332+0.003185186367598958j),(2.4325442861037905-0.010466729134339658j),(2.144897696583574-0.16911599311339445j),(1.6500563870728733-0.024886969794867375j),(1.496865959369748+0.12988195137312264j),(1.471087501951315+0.10727898623894461j),(1.33661079006611-0.07232472501897746j),(3.8690704747613935-5.539526559458555j),(3.6902895937225417-0.03762810885400325j),(3.309365243810225+0.029043349287226405j),(3.0136479267030474-0.7347505380902268j),(2.879612163865938+0.2617717772271716j),(2.554053831381521-0.03333677437234389j),(17.59861577717508+0.039193257257903014j),(14.95423444307439-0.17595651720516603j),(13.662278916001247+0.7712825450479821j),(10.83786181949212+0.7141688640909629j),(10.234823568534505-0.2374196084469795j),(9.499740951461783+0.03621459262331639j),(48.946834854905084-0.003780473109163296j),(43.94998909808037+0.09787149425234531j),(31.77611235271904-1.6758160373868964j),(32.192037669929874+0.40544997177259035j),(28.231178854131986-0.7270392142159494j),(26.264650192139847-0.5392561845895942j),(0.4829791667946872+0.008592523138675756j),(0.42103172229590846-0.008917426450416821j),(0.3260686212791365-0.0075230049635657825j),(0.2508574782680278+0.01842142716496742j),(0.24584542416627925+0.005734759038982226j),(0.21747324004310625-0.0023955378936225263j),(0.9680609835068741-0.0023574731820969197j),(0.8183106506029123+0.027681122275773518j),(0.7365759221070604+0.026716938758274134j),(0.6036282301807505+0.00020761412925937583j),(0.562132489880853+0.0535169016841508j),(0.48369708976205106+0.010371337080706547j),(2.4807379056862726+0.012552762690298591j),(2.037104556662936+0.002081035039216972j),(1.7147343254764693-0.06449971256530773j),(1.5199920327535106+0.033522675329128004j),(1.3404488742803993-0.005747273593046109j),(1.2848721730496273-0.019966320381989033j),(4.894556180148088-0.015653861578588835j),(3.8447376180661332-0.05348961350912407j),(3.4232955884803067-0.03168287178998397j),(3.0487978462656224+0.02810834453469524j),(2.9081696558922525-0.08822150417094499j),(2.605289552796143+0.01484810341757048j),(16.762897531071175-1.1518381180270527j),(14.383011159855288+0.10739474141872662j),(13.238072259571041+0.09059463961753877j),(11.04721475787034+0.05277009253691478j),(10.403044493859+0.12826396327695955j),(10.021661340545787+0.1381425377296237j),(48.556291304260256+0.5316525839214776j),(75.17777835528051-1.8903473333889806j),(34.52856109590364-0.9502013137033352j),(30.816151639387247+0.9580530273306351j),(27.560423225974777-0.5689756178810175j),(22.462419258064607-6.0899582394300324j)
1,3,(1.158195061836192+0.012844705560179137j),(0.9446443842985883+0.002206560485530362j),(0.8132408818003745-0.01623647927869319j),(0.7459666835259338+0.004590617651198392j),(0.722557102926816-0.03408606537566508j),(0.6605519847566947+1.0121610155400251e-05j),(2.279016955799966-0.004637506932805957j),(1.9233165269764603-0.020164099173661687j),(1.635957866594284-0.01903975887948095j),(1.4794164171490785+0.008403812050371773j),(1.3593749981343182+0.07923975532880301j),(1.2924151712584677-0.007588200294198155j),(5.73525683392529-0.03207784532656088j),(5.032915410571886-0.09290774403861335j),(4.076233455761026+0.023595780323222293j),(3.6726876116926603+0.1547137452737255j),(3.492151560517878-0.09669794208691762j),(3.229452706376897-0.07587895340200168j),(9.512980712629101-2.806506611384154j),(10.644418533899435+0.14557342746946j),(8.287279556301165+0.13967149305976845j),(7.06257537366765-0.40518394158458726j),(7.020359772807113-0.01576979250184163j),(6.602666381242271+0.07145676716376947j),(40.746900020887814+0.0254082760517349j),(35.4460073451484+0.0947167310233894j),(28.560697684617505-0.34539821404114157j),(26.987215432864147+0.16395319435111433j),(25.17403956890779-0.1445290875402545j),(23.32296588535757-0.19901086829103942j),(113.42592274186809+0.19347116355778127j),(92.65096333776498+4.05610517179538j),(78.43075874408012-2.056928664651572j),(75.76189920399428-0.4680488910824785j),(69.64227493140336+1.5244739373030924j),(65.27842104507647-0.45180332219259967j),(1.087034789450264+0.002398904976254168j),(0.9024038885290235-0.012700431633624443j),(0.6850083358755057-0.009423171006129327j),(0.6038228038558289+0.0016761902768724912j),(0.4934655732173535-0.004776860550226081j),(0.40103616689361254+0.00484655466938172j),(2.213088611843007+0.007425899033909j),(1.8089170854547671-0.007794017942529041j),(1.516091100747186+0.011500748909806124j),(1.3066745190452445-0.01426908490618517j),(1.1831779819067987+0.047279996575558814j),(1.0120800325644608+0.020526074203588485j),(5.654387414698485-0.003707642527305488j),(4.7041906674553235+0.021594444977702132j),(3.9333407803398477+0.0781267652818789j),(3.5657962837296204+0.028410680031966562j),(3.195663155725772+0.05969444657358136j),(2.847166562919933-0.0036215718369150274j),(11.331350377120163-0.007797036695586179j),(9.570848558945583-0.08043845263795557j),(8.062418726752444-0.09106926557521211j),(7.302454138080773-0.024407228149779137j),(6.7990880554568385-0.07206072532344487j),(6.137740993514125-0.03176218770775119j),(40.23522786293983-1.077835049068856j),(34.54442112905976-0.22450416946538443j),(29.523864500224118-0.027096302205972478j),(26.77135304961722+0.7660132462322977j),(25.4558910580124+0.5310531218451062j),(22.7974772263873-0.403007054607869j),(113.05891464609302-0.16262446901566818j),(129.54278489468723-20.930102436708154j),(82.31378651528247-2.7408707792800655j),(78.54095233626313+0.3764116950535765j),(68.67479260267086+0.3899163854713166j),(66.99341825545515-2.303679928732059j)
1,4,(-9.487878917964137-0.010873420653062738j),(-8.532005923512962-0.0005947203442384641j),(-7.768569228826672+0.02117762076470786j),(-7.304854523459415-0.007763677149129844j),(-7.086051480771629+0.05051770734854344j),(-6.732333742571108+0.047340078822977194j),(-18.96939719914324+0.012502171134643802j),(-17.039361262151413+0.03798287205084572j),(-15.488156975330405-0.008205719133862921j),(-14.58440929267444-0.06107013868906641j),(-13.960095851634428-0.2291218338090495j),(-13.464225466035025+0.009109851751166076j),(-47.37614512334581+0.09577371922463129j),(-43.149816079449124+0.12116860221180659j),(-38.747983215246876-0.03809948109716643j),(-36.548734484052794-0.3602703534038074j),(-35.230790646732075-0.019903367198233823j),(-33.685602988950095+0.22909520825474416j),(-88.3462958612916+16.392337644859168j),(-87.3459433266279-0.2763707390382457j),(-77.9801748758437-0.1786516766128976j),(-70.58911782964891+0.8215888829402545j),(-70.5605104000589-0.39905364624716455j),(-67.3860746891967-0.08110927100393184j),(-340.59564519187927-0.17258883076051745j),(-309.5526866477104+0.0030390439513325873j),(-276.33975940801804-2.293600050934316j),(-264.0591188308714-1.0852095151404537j),(-253.49693063400665+0.46015731718151187j),(-242.87836901986626+0.08917609237262525j),(-946.8845384392233-0.20029124571550483j),(-852.5876858124798-8.14317496597863j),(-764.8806230284143+3.548015052308301j),(-735.6090217891161+0.7890576669774134j),(-701.0532405439353+1.0298943847762416j),(-675.1917538611657+2.2771846892680685j),(-9.490523101483374-0.012908834898743837j),(-8.716819435014003+0.01950543320726883j),(-7.830464125901212+0.022352746252456868j),(-7.433277829057342-0.045241950970399625j),(-7.167001185822597-0.043667500549315896j),(-6.889976314952533-0.014206981256075668j),(-18.93219366215656+0.007934517527603546j),(-17.08346925585235-0.0675708702089266j),(-15.64417706162722-0.011108640290713012j),(-14.777077194765312+0.00499890279998727j),(-14.375909269621701-0.13633947496247423j),(-13.619841667580948-0.03012671230251973j),(-47.48237236845997-0.03500566418103812j),(-42.6813885801301+0.08294650732853626j),(-38.832645641757225-0.16678125478687633j),(-36.85292959007624-0.011958140090165159j),(-35.34327068802038+0.001082670103048855j),(-33.83625496545378+0.06429229477422815j),(-94.74059649660227+0.011133543279541414j),(-85.2128462721902+0.24179571409166556j),(-77.68303566046478+0.11957546002278008j),(-73.28857090078624+0.13415620772190806j),(-71.07783096567948+0.32441606725024563j),(-67.57000628698698+0.09819321011399396j),(-339.29496656164065+4.9468023393423834j),(-307.24630732120914-0.19571781421065282j),(-279.4007620584772+0.6480312757311566j),(-263.8422617923047-0.38735307662653895j),(-255.12367605367467-0.9243948664035315j),(-244.09542310627452+0.12105298880047144j),(-945.9734821331842+0.8415024971532148j),(-868.5315524989207+73.02400838903486j),(-778.670953252433+7.606935035926256j),(-738.2035154044916-0.9651653628252745j),(-701.4319108095317+0.23384511541604525j),(-669.5256152758948+13.202845236866835j)
2,0,(1.1698266103145274-0.0073097037294493905j),(0.9638014443465603-0.007581810554975921j),(0.8258384376333344+0.009194839025294443j),(0.7412311041711822+0.0020626343422009974j),(0.7046631828708688-0.0063157009446672685j),(0.6502329377170022-0.014722504087425176j),(2.2765865257503193+0.009194635566422j),(1.8915723264866642+0.037072146906648173j),(1.6287954049877758+0.01663355574169978j),(1.5156417404929396-0.044219990991752556j),(1.2946187944387344+0.03134063348755456j),(1.3000903740480105+0.0017608031586088257j),(5.68637410432856-0.005602584647994124j),(4.811684741659878+0.17708449022098116j),(4.131394599253801-0.019245926594005258j),(3.79689983609785-0.029426756399233645j),(3.5391798656585918-0.01600114512750417j),(3.222257847335263-0.02516814366540787j),(6.904412479401459+3.275865237168336j),(9.555158695769745-0.06174268213561174j),(8.200134571041986+0.04208296066247019j),(7.279443896529262-0.6969810934436289j),(6.873193803960126+0.31535344621459993j),(6.462442264692035-0.05450667785963992j),(40.845954206583336+0.003458107260640997j),(34.84386406145998-0.15350122009460065j),(28.208467227447862-0.41552155464059304j),(26.865347247251094-0.01732261391462231j),(25.03058707920283+0.16733978460485943j),(23.29530149267047-0.1855706147274354j),(113.19416524100401-0.020225300379067335j),(95.36923964027828+0.9070085292999539j),(86.47906440054861+20.100129626042722j),(76.80928072489758+2.172424307348635j),(70.50832643559147+0.04492858322830173j),(65.50059671574685+0.5984992261667905j),(1.1063898604191076-0.00855436899070261j),(0.9158178480013348+0.002270113713166197j),(0.701230177990541-0.022035048017051022j),(0.5868182957270978+0.01017580949258251j),(0.4815433276383382+0.017967503955587508j),(0.39457968267332744+0.008162458097938169j),(2.2197774557360823-0.007427999219794576j),(1.800593656511945+0.010726194599408323j),(1.4788523636408113-0.0009726992234953269j),(1.298938549112558-0.00466576935859353j),(1.1614495996586454-0.010253908417435453j),(0.9880548870746488-0.0021139682800528914j),(5.6385329521352014-0.03997297631142799j),(4.670696296039825-0.05487742184638167j),(3.9435449902338062-0.003194742944052642j),(3.5041225710927506-0.0460863359033572j),(3.181353436599086+0.029315810613644633j),(2.905906382978426+0.022826924010599492j),(11.328622817461417-0.0011647738047102507j),(9.584586421893029+0.02576524911883249j),(7.971967413377435-0.02477882465296588j),(7.076760333839095+0.3122857534759875j),(6.738148253046547-0.03392199589989642j),(6.053748347339086+0.1957945003192343j),(41.813240951172986-0.2135422481392535j),(34.3634625215234+0.09326696988015737j),(29.28143824981589-0.10082943199931016j),(26.651962669233647-0.029562174169790012j),(25.940377882388223-1.121961515677805j),(22.997630203147907-0.07054619552170749j),(112.93541616905597-0.5418721240189948j),(132.6700733946677-20.665051526583625j),(80.65554600416407-0.7980320488181079j),(75.8158325648028-1.5181110889211933j),(70.52481277063093+1.4548041774963174j),(62.12115882862077+0.0691907752901777j)
2,1,(0.4784150356901954-0.028085260677387314j),(0.4042628080383572+0.005287738668006109j),(0.35589592882330456-0.014734768318752423j),(0.2931746907477778-0.0016169372492028933j),(0.31354385138513635+0.009249578212960713j),(0.27433464106270766+0.0014673540333851182j),(0.9900627587684789+0.010233515064343283j),(0.7742637335159862-0.00445857992782403j),(0.6557085146805027+0.01741345212034609j),(0.6184213799478661-0.03495888637666761j),(0.5575234779009839+0.05500752296893743j),(0.5365310619268323-0.011573556083762149j),(2.4513047264824017+0.0013771246576671503j),(1.9644670472255288-0.03420683608024744j),(1.5850450090167045+0.05325391801881163j),(1.441591923087792+0.10429584572727835j),(1.427465384940892+0.047266118649877564j),(1.3364479342212834-0.03383505347447335j),(1.8625478358121867+1.3601313655357896j),(3.949453023726789-0.25406298856213483j),(3.2901718225944245+0.03877411334582703j),(2.3206911831506467-0.16115297335515955j),(3.0883375417522396+0.1253735449613751j),(2.6363602085743074+0.007946470243161752j),(17.55281050357789+0.09955067028287284j),(15.371317033019803-0.007757846813074565j),(11.36355897267996-0.13113313088495993j),(11.313884112559663+0.11311512066805207j),(10.236615558254321+0.24677675822072453j),(9.452312660595394-0.1637974427257598j),(49.01998493419763-0.03105688185051214j),(43.43270342051671-0.4395609980367312j),(45.400158042775324-7.267680156941175j),(30.87371987873878+2.2262086371473337j),(28.635984450834126-0.31891852062408965j),(27.00397367331415+0.5284113104448922j),(0.49225074021383064-0.006925824727500682j),(0.43025796970802543+0.009715617514750391j),(0.3405470959805794-0.009781628865679258j),(0.2887576135103693-0.028332692568637047j),(0.29248825151767455+0.007811653745373362j),(0.24405184224804566+0.00631687202504802j),(0.9933615888370425+0.012235109942229136j),(0.8014293326224454-0.009111354808751027j),(0.6442685153799249-0.005404133644025037j),(0.5787275957397882-0.010481841249243007j),(0.5331998600193255+0.013772832919179273j),(0.48739207979593113+0.012382343242781868j),(2.4708530134073654-0.01044221334562842j),(2.0636910986795995-0.016502350558738943j),(1.7364926462971377-0.0037116663885440326j),(1.408683579356039-0.23859058665658744j),(1.3855137465385838+0.009835869286396404j),(1.2613171056447046+0.046913221895768624j),(4.900031921896492-0.06855371368024232j),(4.07932059607837-0.01424218114982867j),(3.341587720691103-0.09733001492779625j),(2.8550975637939846-0.044952413019552884j),(2.9367998229852073-0.2581139325891002j),(2.694406475068031+0.06532858903130323j),(18.43548942679122-0.2379996925474046j),(14.621720891624697-0.4137267814159402j),(12.840336428071154+0.1638648446438209j),(11.107991026932398+0.048127646903462384j),(10.11038903944094+0.2541440126041825j),(9.743111154095763+0.09452452847431214j),(48.61575428322519+0.4480432715666631j),(85.08150984229374+0.06191425139764739j),(34.94487112723473-1.295817956457057j),(31.391323471740396+1.800734621618631j),(28.5058871930514+2.712899156987344j),(27.40508238351321-1.9800933993080996j)
2,2,(7.334677233522814+0.02484709361928905j),(6.766403063559265+0.006859612274638938j),(6.243597708857622+0.02062057252787497j),(5.957422667458414+0.006344211304361025j),(5.761475945821228-0.0029505751738971853j),(5.571151681096611-0.003080868788937874j),(14.717501060991228+0.009330885759385232j),(13.494044028787119+0.008593117191602051j),(12.526356031709689+0.023529341472007914j),(11.890688604329938-0.009771456812418755j),(11.4853500448535+0.0037264951420192816j),(11.130678227218937-0.01562781179369388j),(36.77568182225233+0.0001787655760647766j),(33.92866407612715+0.034775031517842336j),(31.300503713709666-0.05170177605043769j),(29.713777359234903+0.17490228065763702j),(28.926202155814202-0.07252029046534858j),(27.83577463559041-0.011751986249405988j),(68.21071333111396+1.8676624704091234j),(67.5486753624286+0.21098563199955578j),(62.440701135957696+0.020365293811877905j),(59.9109684626448-0.23747066393799443j),(57.89514571069191+0.62684355827977j),(55.59733401199182+0.048405707389129304j),(264.8062545295767+0.18414026967604524j),(243.85957631487577-0.00792536877530381j),(224.73001127901824+0.5508248109694307j),(214.75262205401984+0.0009997933321557184j),(207.6477102938969-0.21126476531084393j),(200.5197514824382+0.14564791129745913j),(735.0204741677682+0.16859072590463597j),(675.31941859602-0.8148694761581012j),(622.273322473485+15.107322912385087j),(594.5782273912613-0.08481528389262394j),(577.9557309503425-0.16973927032961456j),(556.2136483662676+0.8109680277872684j),(7.451110509763042-0.00873249439426882j),(6.9551001257458385-0.010622846345787473j),(6.488467294024372+0.024451413494882668j),(6.301539279012605+0.004313142202156506j),(6.198533547224573+0.0036003565686923977j),(6.046816414661995+0.0048130268656816355j),(14.793359051777088-0.0010914245564352942j),(13.68608091003614+0.031071454102154394j),(12.823095007494407+0.02641637274289166j),(12.289056179026227+0.01078112924411645j),(12.045697173633044+0.01390852597597636j),(11.68325036598876+0.012086314635389783j),(36.89696791630399-0.03084155458541593j),(33.92043176638795+0.017829535183100376j),(31.506830889038575+0.008921910560545143j),(30.164671500418315+0.0018717215402404008j),(29.416802195780136-0.009030924794380724j),(28.42347632960326+0.03186080033413696j),(73.61785694013892+0.027832367253726176j),(67.7992646897552+0.17958645368254622j),(62.67987073186015+0.04222767807040739j),(60.10070364819365+0.12145643110066118j),(58.37104435116529-0.07804648394177782j),(56.35308026519807+0.08947968001877982j),(265.5346049375379-0.6098410329016843j),(243.55192307456676-0.08527578007943859j),(225.46933941155143+0.18674107278904728j),(215.1927424193783+0.13493768778347714j),(209.19918653449312+1.028339668294631j),(201.21034146342157+0.011199984774123095j),(736.0765654032504+1.3159899752311262j),(656.3437704382243+35.831924632135326j),(625.3222942573228-0.5057277739510369j),(594.1742851603954+0.8989695807693892j),(579.3971237833771+0.4679439699391992j),(555.5939064109969-2.131882084841095j)
2,3,(0.4590251728826334+0.03364928096249531j),(0.4001686206046977-0.00042554496913882467j),(0.33507725272148514-0.025675129397282587j),(0.3126853059027275+0.0038404847468531678j),(0.2733926291353994+0.03658376320726632j),(0.2709183746672034+0.007538014662087263j),(0.9858150960187287+0.008605209301920784j),(0.8144315983779904+0.006030616045643117j),(0.6814445452968284+0.011667119778921098j),(0.6079900596214153-0.019214791384411234j),(0.4861339442417128+0.058595796437433983j),(0.541453293771745+0.0037387984025937793j),(2.4689816427582363+0.0002278576846836966j),(2.2206249143674386+0.12055539830104078j),(1.7077663822020757+0.008396937914354474j),(1.3819255486715898+0.27642158887867985j),(1.338242564919028-0.01607373549629615j),(1.3372385808971405-0.03010846612056406j),(2.378660875219424+2.2786617595846583j),(4.019324120223044-0.32884653005276765j),(3.247657138678174+0.15599129958578328j),(3.085252041285206-0.3563890788859365j),(2.9583423037750793+0.14804756580242784j),(2.546420498693405-0.03530132567476696j),(17.58765657240691+0.07437535047325211j),(15.373888580645879+0.2496761440752957j),(10.475347102112273-1.1748366336877814j),(11.374954573361697+0.6213484949232901j),(9.964488886556879+0.218308794137136j),(9.487657435123133+0.5311947965811452j),(49.04112690622214+0.012289804341168775j),(42.605712877244976+0.9179230367723828j),(31.34264566389225+19.745027634209194j),(29.783239505855434+1.1817437697637203j),(28.269365564049995-0.9551536505955802j),(25.886338871479055+0.4046983659456993j),(0.4849341733175468-0.00418040008002131j),(0.4221484160638452-0.026164239393202886j),(0.27139029188348957-0.0005778256400850307j),(0.2884009654729998-0.000531446842013561j),(0.2682620308050775+0.006472745420372086j),(0.22432649685136336+0.00955031509062422j),(0.9925607578018804-0.01580976286145392j),(0.797922326358687-0.010532100827706475j),(0.6853103027288461+0.0009948033590058136j),(0.5871545593300724+0.013538691353947807j),(0.5563791368529435-0.01583065642832865j),(0.4720621114633854-0.018918607588139208j),(2.448433679517036-0.01216087893883569j),(2.055381361634037-0.015964277024830276j),(1.706951297269753+0.012909864936973436j),(1.4731636217278437-0.19179762956058477j),(1.362048404340643+0.014441754385654593j),(1.3091669593349515-0.031197928316204965j),(4.963371600402672-0.026546584383392968j),(4.195662345852632+0.08124834331805952j),(3.266698994496574-0.08858541499762496j),(2.8863708826653265-0.25547421817760707j),(2.920836948821749-0.0991600374141848j),(2.5339631373824103+0.07273592885796498j),(18.249029938298687-0.5318827085088893j),(14.761105303898772-0.1306115844965554j),(12.288049251871684+0.5679873889160327j),(10.93522899778051+0.030367450004673557j),(9.40441134140133-0.4077899021673521j),(9.525877908793925-0.18882635336989484j),(48.84422098803253+0.07093370228155105j),(39.56131495714308+46.43290013350767j),(32.77992603876656-0.713002896587593j),(34.50125370563222+4.799287516676212j),(30.122516619617198+2.1190415618489418j),(27.702912557808805-0.5750659865334935j)
2,4,(-9.441944054331453-0.023101410073806505j),(-8.534635936852217-0.004139995390262552j),(-7.760409328241707+0.010594486158361782j),(-7.304513768364286-0.010630393264090543j),(-7.053075609896746-0.03656706652753927j),(-6.766637634922847+0.008798003478238892j),(-18.969965441484554-0.03736424579359801j),(-16.974311687330257-0.047237300158315954j),(-15.492304497223808-0.06924346941187931j),(-14.632741783501157+0.1081651246509101j),(-13.823626261491796-0.14867044771216875j),(-13.508752957111636+0.021701766297719693j),(-47.382342295942735+0.003818836730928865j),(-42.9254407771497-0.29820808312907765j),(-38.72470970496743+0.009296847014358178j),(-36.33419466587458-0.5261929602945017j),(-35.231089971382225+0.05732905222453333j),(-33.73171899805806+0.10086364948152493j),(-79.35633452250447-8.782320828280074j),(-85.07261120107471+0.43366656978081863j),(-77.17866466858763-0.2572136674659049j),(-72.5963555826294+1.4519938097984024j),(-70.81501936031904-1.215618114537591j),(-67.24255698384279+0.03345582583072115j),(-340.7926758122241-0.3615243976287541j),(-309.4486459900945-0.08049170818999585j),(-274.7773845830052+1.1706665089933352j),(-264.3068079869163-0.7181407957197052j),(-252.87940181798788-0.42116057223702796j),(-242.75502307050527-0.3274746507929649j),(-946.2757512492586-0.12959834835481843j),(-856.7270745343767-0.5705010913785351j),(-785.4951905794195-47.68480001840118j),(-732.0444675010243-5.49556142991014j),(-705.3694074006394+1.3988828582926658j),(-674.6045576268514-2.3425769301611012j),(-9.534685284263219+0.0283930883349095j),(-8.723324358901245+0.024801355832821725j),(-7.801634857201373+0.00794309127434717j),(-7.465516152254436+0.014375187307865467j),(-7.240827149493508-0.03585225529912761j),(-6.909774438936706-0.028842671917268525j),(-18.999058853764993+0.01209407674713825j),(-17.08602622506601-0.022154192073962964j),(-15.631526187880135-0.021034344601748467j),(-14.753876882924091-0.009172209653624641j),(-14.296725772257123-0.0015967927207567456j),(-13.630759442074826-0.0034360860397812942j),(-47.45478756179977+0.09341762316035762j),(-42.71020052280943+0.06951451431128675j),(-38.8938198226804-0.014925366375983629j),(-36.55064127466373+0.4746028326330798j),(-35.345717782739-0.044562510057081894j),(-33.899866776933536-0.07040301939751403j),(-94.80988328010885+0.06843270484675301j),(-85.65883405447865-0.2723578652452687j),(-77.26012486085955+0.16846657549432464j),(-72.91893242679745-0.1333155535160664j),(-70.96682938046138+0.4692424460805915j),(-67.63519823173402-0.4233386961820287j),(-344.0323652539636+1.5932656824312375j),(-307.2982117901105+0.536347176027185j),(-279.8791633412127-0.8177638738309057j),(-263.88792511339494-0.18387061024945694j),(-254.6543647971042+0.24726773605513586j),(-243.4769607293698+0.15364803531568327j),(-946.4719568438676-1.2930948252902326j),(-913.6566685680381-61.66168741859161j),(-773.7026374276362+3.3125806750345532j),(-735.8826949046855-5.980880640614217j),(-708.5503403689474-6.754688867215407j),(-672.8230601907158+4.61785070224397j)
3,0,(0.48187939450510425+0.007877152032265244j),(0.40728757277270056+0.012014244189672202j),(0.34298829118759405-0.009842981019674821j),(0.30168853305348603-0.0034096192973823297j),(0.28778600662937315+0.002320014101152623j),(0.24322493590370586+0.0025387738194074805j),(0.9822041115738859+0.002941528435429608j),(0.8384308073934357+0.02780046638483416j),(0.7176802838359684+0.04194598829459523j),(0.6422440442795796-0.032742662641013554j),(0.5821261906708903+0.1365713460274863j),(0.5346792670835099-0.003776574841474256j),(2.4485720422538177+0.020677820381246548j),(2.0836608377721397+0.1277601621095295j),(1.6657762486045704+0.11997641478834054j),(1.5906379514066469-0.04775722281306438j),(1.4886429438434399-0.038899851968917376j),(1.3198874337806454-0.010992566899767117j),(-0.18458723636231317-0.7604535104847456j),(4.038611970002163-0.08987408937358943j),(3.3679350189070085-0.05647931305375087j),(2.3830637036114783-0.26937668407009807j),(2.868018452921584+0.2240994187603607j),(2.682073324574558-0.12043828713168636j),(17.599955561429738-0.03638380071888836j),(14.94221805635781+0.21256446978840415j),(14.500419612449592-0.100023108564253j),(11.388477093233929+0.12271804683681475j),(10.230305285381347-0.13392084542324945j),(9.420020412891073-0.12836066818983483j),(48.97357572895561-0.028066134875246007j),(43.52364149724334-0.6030158456374259j),(31.846725601981326+6.120153202109864j),(31.211356693316763+0.48028709847664786j),(26.352247168683892+13.180695726427437j),(27.369806270284634+0.49884313239519784j),(0.47674861528142215-0.0069890579068636605j),(0.40452891078885495-0.013964934182135458j),(0.3325230679524975-0.008970643844955033j),(0.2895015985973373+0.027492796080110904j),(0.26343802072497263+0.02428323930703967j),(0.23095853616108303+0.0022375090590746605j),(0.9685583381910886+0.001161756514281742j),(0.820539542906453+0.040251692110850806j),(0.6216213762540158+0.019948181230844908j),(0.5732465571340063+0.0021959650853002333j),(0.5567485173608346+0.033474160734111455j),(0.46978059043579695-0.0018973817428727807j),(2.4688012422036087-0.02369760531481857j),(1.9605400911442623-0.09142362061067533j),(1.6707075826534514+0.06664214425511261j),(1.5021213517643002+0.03439037442268067j),(1.3935108626712245-0.03665864205278224j),(1.2480068892118252-0.019006593865715793j),(4.8948790967957585+0.016142654087688557j),(4.035890049605438+0.038301171514519394j),(3.36362918075021-0.04635939066526684j),(2.9652268213803277+0.24447893924714292j),(2.768388996998795-0.016353604760766527j),(2.600356775106329-0.05715845635112404j),(16.613097689388237+0.30350573716713924j),(14.318581235128306+0.00595249896531147j),(12.944678804598418+0.33938944580563923j),(10.766309231158075-0.03517371140906356j),(11.30752778062817+0.6170580899105471j),(9.00411264956708-0.14136344442289905j),(48.56769416678068-0.3981172784811271j),(3.735459220525936+0.949568625295597j),(35.072958247927346-0.2938300865046699j),(32.00158295934444-0.4132886563101721j),(25.841621172368107+0.0647904420847647j),(24.268944406103994+3.3971092090004626j)
3,1,(1.1421879296736013+0.003651639045635535j),(0.9508375414866088-0.012773843376728655j),(0.8298287864805953-0.007872617770513055j),(0.7381661242699674+0.002046461524190857j),(0.68172529561203-0.021541990680831735j),(0.6473761821679987-0.006647353965968016j),(2.278522201268851+0.0059298254380779625j),(1.9333256111045607+0.03175805908055079j),(1.6266538708732794+0.01750644813987079j),(1.5053682838800972-0.026402838121770578j),(1.466234108491661+0.038669889345070985j),(1.3054297575655538+0.0005369333394188991j),(5.72973796377851-0.03250383142662194j),(4.728345783901943+0.013259112072021795j),(4.189067876427005-0.1258712497431813j),(3.6568259615568706+0.02643441664873758j),(3.3776328996818137-0.04576848502119396j),(3.193060411405332-0.04031829659952879j),(8.47741021864311-1.0602828848536991j),(9.50156016998502-0.07929216829882701j),(8.069007222307485-0.05590646766002738j),(6.747457183738991+0.2711656407712968j),(7.090760632251099+0.021076814359655804j),(6.539362219340073+0.01812950369556776j),(40.751080738732306-0.020095598965783168j),(35.43758537743185-0.007480335593342602j),(30.134023266567684-2.233383608998332j),(26.86031602049851+0.18048564039294668j),(25.202507346047156+0.037792640741653116j),(23.72645461159534-0.11852876132303436j),(113.4567810972851-0.20496797319479754j),(91.24407162053049-2.7404709417024975j),(86.30020076612976-0.5564691967475532j),(73.6353527703042-0.2650027469278058j),(72.73480225594557+9.818431872010244j),(66.0270475167499+1.092818005301691j),(1.0846685684550414-0.0007211224698988605j),(0.8689276099143077-0.027998003998134402j),(0.7026793371729545-0.013681913593983325j),(0.5867402608302975-0.03516778377689456j),(0.4960942461053354-0.008208314882370171j),(0.4209456491377653-0.0014804888349607415j),(2.212830511756159-0.006285135624732319j),(1.8022579655395516+0.006680839031890984j),(1.4933824396442161+0.010408646282902279j),(1.2850875279238236+0.0017567610192387728j),(1.1555639384617327+0.0001631830541329593j),(0.9995764841093033-0.019885512143911765j),(5.6584283964772135-0.002226202963823698j),(4.703571487056182-0.07213318051189832j),(4.012948219598815+0.02696137681298927j),(3.4480654759772333+0.07860214759020057j),(3.2052770875627967+0.0023273525629692315j),(2.9049841889596277-0.02681183063457404j),(11.332748904808536+0.006001490688170463j),(9.473557578985023-0.1765810022169374j),(8.111871551846194-0.0787486959625947j),(7.047073134632445+0.056629991391645706j),(6.929753374356957-0.32995246262631284j),(6.104011428372229+0.01712462306042095j),(40.0787988736851+0.38974004237913107j),(34.56979699153635-0.0952921517242622j),(29.779076166999157+0.5372680957014015j),(26.978111167909816-0.4892859643378138j),(24.89168631491366-0.3838760980465228j),(23.021052068444174-0.3729059189599857j),(113.0673440750495+0.2363605570764804j),(61.073313285066185-17.579998313187073j),(82.1490133934136+0.31315579914282665j),(74.69245948989388+1.0350543665488523j),(64.91850646602019-0.7601094215168409j),(62.898147122656866-3.2593910883949277j)
3,2,(0.4910910718823902-0.009531434113285275j),(0.3910594183362003+0.019882090184369677j),(0.3400781064900673-0.003357131338029423j),(0.30398130398458056-0.003470162004833688j),(0.3084376935110266-0.0009024699389747204j),(0.2515920152399132-0.007246552004973421j),(0.9871117120471878+0.0023401972748550715j),(0.8149914203414493+0.018784345658550444j),(0.7086075827748669-0.019020566882580858j),(0.6067727226208507-0.05345225432031961j),(0.5315058307287558+0.04129619700717982j),(0.5325940935977089-0.008181657384059071j),(2.460981210930337-0.0017409877444372057j),(2.0765114300820278-0.08719987407085644j),(1.7776127120098686+0.020180810602569155j),(1.4545532570727064+0.10098273703718497j),(1.5893188047334896-0.20155056785132355j),(1.288117137284691-0.0402298624370338j),(0.19228087519840842-2.281671542748003j),(4.074623926035761+0.03181960692433217j),(3.3903175512929877-0.009541619399492385j),(3.034641172179903-0.45171620496494547j),(3.053325824428128+0.24320592267099178j),(2.6676650825675288-0.05731549805059788j),(17.555843190872757+0.026975522357740367j),(14.804856173965018+0.09769728791232613j),(11.39945770205175-0.15309431981423635j),(11.31930452790336+0.381591433404338j),(10.758465289355978-0.8115775217358889j),(9.884464561228986+0.09738082285748018j),(49.03098280264105+0.13002769045862905j),(40.299260116813066+2.313085460385242j),(31.084842245508355+3.3364431146540694j),(30.87709053859483-0.48474841996247875j),(25.38587767677066+1.7543884538708596j),(26.490863348287263+0.3989853503627234j),(0.4798589124125372+0.004897155632756611j),(0.3935209437722083-0.007178609128480007j),(0.3211290749284563+0.007523589447813766j),(0.3166715840135227+0.00811013863450756j),(0.25785463021019595+0.008951395875093873j),(0.22132404356328228+0.008072970799761103j),(0.9682352956826167+0.003122208531389059j),(0.8324810569952446-0.0009338389061519375j),(0.676797446044069-0.04794861863077232j),(0.5930544145432791-0.009154701529059006j),(0.5449409088510452+0.04324679869607742j),(0.4869121909810757+0.0006131160269963604j),(2.4612122283744715-0.029653254321129696j),(2.0424745428263664+0.013085776530161741j),(1.7402359307122828+0.07119277893979115j),(1.524325332784965+0.012155508052181796j),(1.3502783252603354-0.000946532029288405j),(1.2564769988489852-0.03573259416386437j),(4.875949264338992-0.010497393178893866j),(4.02237615473657-0.15117380233429434j),(3.4266237268142348-0.05986656816173985j),(3.1443941065573724+0.03767491852752047j),(2.8251093812489287-0.1168409708921394j),(2.572244571130122-0.03087880588820968j),(16.970618703127677+0.8984400928106098j),(14.42246599734951-0.3651796684510087j),(12.236778229537114-0.34063182163599315j),(11.028061787154279+0.013928068281943595j),(9.550674298029266+0.7934257670075938j),(9.15606466923408-0.4904791144625764j),(49.19234454439621+1.1480464140902562j),(69.68215486751573-19.533577937066884j),(34.45669660251883+0.28700172802363966j),(29.892801915767627-1.3522003872854205j),(27.009403379624665-1.5839165045034935j),(21.862754267428755-0.2653633866943075j)
3,3,(7.3572062562916765-0.010073277226230637j),(6.76517004706161-0.019583107159698354j),(6.248018509248686-0.0075950436053433545j),(5.967794207063186+0.009714785767746426j),(5.78490903862895-0.050739299862557985j),(5.566731362011754-0.0068420456243600825j),(14.716946105204128+0.0034914551975706587j),(13.517944126099904+0.016909237822646528j),(12.521358091713179+0.04360312482620987j),(11.9304081095709-0.015344355700850354j),(11.58125169945644+0.0992062185228102j),(11.121607729360793+0.005041641495039606j),(36.80154609061731+0.051103029276731604j),(33.9557164690302+0.0012931603308565798j),(31.36631599762256+0.0007481119510011069j),(29.645009082689825+0.16898525579437695j),(28.81919646633856-0.10277535747662014j),(27.7393076114119-0.06813232816443238j),(70.42692899020945-0.17568826224513856j),(67.57946039839695-0.17408190887017838j),(62.55972585696503-0.040539594220824426j),(59.44150517605387-0.3597189225951265j),(57.92357311036829-0.05418324455590451j),(55.633780615347646-0.054651247015717885j),(264.69507210359404-0.12697099857643934j),(244.3148080421426-0.05764934412364653j),(225.65720010622303+0.7950491628810727j),(214.8773172969367+0.7098455059814484j),(207.9435550283448-0.12112779409869745j),(199.8203833869737+0.5574604431196093j),(735.4437129211203-0.13174386072995503j),(674.397703798868-4.950703526649534j),(620.5525439530784+4.817548767552552j),(596.7195024179483-0.46048988157153303j),(585.0406386102901-0.44530655400933483j),(555.5327887345175+0.5309973827537249j),(7.4411559629377715+0.00021764116148537127j),(6.925467597884358-0.026769170956373323j),(6.481329934520236+0.0030965455596658753j),(6.275351504358257-0.005102382651978932j),(6.189759129143736-0.014676220840054377j),(6.044800405962665+0.00124684146468379j),(14.783703650978778+0.008979174074582374j),(13.674094495477842-0.0064143584075389j),(12.755064149419518-0.03348089963489187j),(12.263167874642857-0.016780263028379316j),(12.061841523050715+0.04052400298280112j),(11.68066167299977+0.006842854070488791j),(36.867555410134756-0.005829115551182262j),(33.96037295184136-0.020099720429383794j),(31.501056180431362+0.0461406010197436j),(30.12058653164589+0.08276375079900866j),(29.392004067564834+0.052786164756858156j),(28.42588858379388+0.01633993801700573j),(73.64183168315708+0.00010017794118155621j),(67.93021731855502+0.09145776652612625j),(62.73124535516894-0.10228235142929876j),(59.87760273286192-0.28051006602624184j),(58.41585970528408-0.09678833933538655j),(56.29630265505078-0.02311291948421612j),(264.3253488861256+0.6058328365776902j),(243.80571034533128-0.09790198279586093j),(225.19750238787168-0.29825815844574777j),(215.33183699603055+0.6006968510603912j),(209.00248273720064-1.3330102491609424j),(200.97381696865114+0.22397999434446803j),(735.3821875360079+0.17500402100918677j),(694.9536786280701-34.99758031267805j),(625.8829728183707-0.6782897762326456j),(596.2451569458835+2.6808093612071815j),(574.2566117717223+1.9744897580868326j),(556.3583518984053-1.4967071641256382j)
3,4,(-9.472364651895049+0.008075920064935627j),(-8.514354580259202+0.00046061504642302964j),(-7.760913693722424+0.028667773784642914j),(-7.31163016859741-0.004881465984966971j),(-7.062858033496152+0.0708637476059355j),(-6.708924496553909+0.018197178230109246j),(-18.964784130053722-0.01470300639588018j),(-17.104691965111428-0.0952521086960465j),(-15.57429983026784-0.08403499374093837j),(-14.68479315991437+0.12794211057712435j),(-14.161117828521787-0.31574365157916784j),(-13.494310847597689+0.006379657449648413j),(-47.440837307187394-0.03753603056779298j),(-42.84423451946393-0.05511256054228575j),(-38.99877283413564-0.01503408717692345j),(-36.34702625150875-0.24864518736117525j),(-35.274791114905405+0.3889942621170981j),(-33.540372594204534+0.1596730541027247j),(-78.91203285111278+4.278096202729259j),(-85.19425646416119+0.3114285600317217j),(-77.38698564992565+0.16246699416353394j),(-71.6066672346104+0.8096461701422868j),(-70.93567801984408-0.4341989112124107j),(-67.52288124176172+0.21427552864423838j),(-340.60195159446107+0.156474875758164j),(-309.49946765005564-0.24513207792088565j),(-281.69110068501897+1.6914518744023503j),(-264.4454149380101-1.394640626857111j),(-254.13483294861544+1.0288335203004095j),(-242.8513229720433-0.40795183644257804j),(-946.9050525500913+0.23475027820427385j),(-849.4646770327444+5.981104853321085j),(-769.7843125656882-13.717675888314204j),(-732.4433024203595+0.7299539497022067j),(-709.5135657081559-24.30820949859168j),(-675.4205058703216-2.521643870290717j),(-9.482432058870232+0.0025953838345142977j),(-8.592445061350292+0.07591071754545986j),(-7.837661414026813+0.01203242310317254j),(-7.468264946383669+0.004667228868921125j),(-7.207146025259697-0.01035009714214441j),(-6.918028638696569-0.010076832081987952j),(-18.933327796571337-0.006978003609467542j),(-17.12937306073792-0.03958433411314877j),(-15.546865412555139+0.05107268980759194j),(-14.714556375072002+0.021982238406670795j),(-14.319094888992055-0.11740814676489464j),(-13.636930937104957+0.014326928500850489j),(-47.45599727728107+0.06140617804403803j),(-42.66695907297849+0.1705707443096216j),(-38.92494791277004-0.2109369007768258j),(-36.59509869038032-0.20791178044925296j),(-35.341070343400034-0.01750834234639953j),(-33.83535666226129+0.06521108455678437j),(-94.74540894908937-0.01174692952019285j),(-85.46204110296318+0.19799586628818844j),(-77.63336981414969+0.28725700584674385j),(-73.03429679401711-0.058273783137714474j),(-70.93911146106652+0.5599353695979055j),(-67.57291542930736+0.0940255584095624j),(-337.98786415242523-2.197518709216382j),(-307.11655456848854+0.552421304062932j),(-280.1580355884532-0.23776756185414172j),(-264.10431918219484-0.0901652457775981j),(-254.7523711301481+0.3064024910919123j),(-242.15504635724758+0.7807684827099877j),(-946.209570322316-1.1612937143257795j),(-829.4446060249928+71.1615878566397j),(-777.5616410620166+0.3719623359293678j),(-732.8320013078351-1.9503746884564066j),(-692.0261427876853+0.3047457212051654j),(-665.3881976917785+1.6243524500188755j)
4,0,(-9.496428516474534+0.009688972605958579j),(-8.543993568917308+0.014798628093426469j),(-7.769667445256478+0.017077618791851143j),(-7.3122882021140985-0.0044228020344732055j),(-7.0701099196676+0.017396972851848547j),(-6.68940029313111+0.04008984460358844j),(-18.966100138237685-0.0012089940161159607j),(-17.022411202572027-0.04180963007991423j),(-15.627042599051444-0.038186857037981525j),(-14.664877362814359+0.11898048297988861j),(-13.92840459579139-0.3964121947696393j),(-13.485669305023912+0.020784387476047606j),(-47.37962744102122-0.0026070270637426063j),(-42.80998669597848-0.5332069996437085j),(-38.76612115318304-0.15587079834582562j),(-36.68476063999062+0.023020718651004746j),(-35.26700498748367+0.051880378215566125j),(-33.68999851119281+0.11013682124216118j),(-84.90447407204798+8.581005772232551j),(-85.5139249555146-0.4310038494755801j),(-77.55937017532972-0.1900208817691933j),(-71.5260400538252+1.2491053777903325j),(-70.14602346964513-0.8667489694667552j),(-67.64960547903465+0.09058016956996506j),(-340.81011153490005+0.24047822392013973j),(-308.4441504894814-0.0028762989322057564j),(-275.8306310096913+0.6626506846299236j),(-264.8031490442917+0.13257160649300204j),(-253.30155851447591+0.2743589560459583j),(-242.5485249417311+0.252132878127469j),(-946.3284190261506+0.25701997372997454j),(-854.4003431878609+0.5235931167173646j),(-770.2073011737295-34.763881600035006j),(-734.8656128098053-1.443203931493656j),(-699.6769295148608-15.585008159191773j),(-676.7191944760174+0.8661575579960754j),(-9.52126391643911+0.01883351622930096j),(-8.688714184653584-0.0024335462039797306j),(-7.848187637736316+0.053234985699774307j),(-7.411616782874784-0.01987303851227029j),(-7.162260153738975-0.10507876920702142j),(-6.899403111597492-0.029422353310696536j),(-18.950222437155162+0.008534524011620359j),(-17.10908514365972-0.1009284430921138j),(-15.457768868417352+0.022391623986502296j),(-14.736800865005984+0.001971092958430898j),(-14.342357448849695-0.0608810402442177j),(-13.58098155249777+0.01115476384318037j),(-47.47500139459346+0.021664838274682463j),(-42.58610142502256+0.30560941219818716j),(-38.85397917101345-0.11835785826896572j),(-36.67409838024041+0.04217784400890068j),(-35.34925743469446+0.08357918378054485j),(-33.87115961895343+0.056485246994878224j),(-94.71928282275744+0.002363821316223591j),(-85.61067413701943-0.0065756176031896985j),(-77.56839602962492+0.15287420375154603j),(-73.07982346904424-0.35486022536332773j),(-70.64661540557285+0.0012478465529461857j),(-67.40855575645253-0.1660138041931809j),(-341.2717315408273+0.6443749833731118j),(-306.70541801023063+0.18098920410372443j),(-279.09037101731025+0.126894573297335j),(-263.49592970327495+0.5677996564459846j),(-256.87904130310176-0.7543033295158068j),(-243.14526158827948+0.5192777680093954j),(-946.4179973492094+3.369621234922768j),(-848.0343720341618+6.511835629106997j),(-773.7711510145044+2.8658212417062927j),(-734.5655139169847+1.9735804886162214j),(-704.228645944713-2.0565287447363545j),(-664.8985455428324-6.780059567237515j)
4,1,(-9.45365612956624+0.0249827686592643j),(-8.509616072946299-0.0039497178742031736j),(-7.7798537974516675+0.0003357106171082702j),(-7.278550561389063-0.004427562699538035j),(-7.053950388461416+0.016108835109322983j),(-6.755784436735322+0.013343084525007765j),(-18.974063569433216-0.0050292525684381695j),(-17.021486523854684+5.656734562231591e-05j),(-15.483944910365276-0.11820235577913607j),(-14.603196498093407+0.04480403024191215j),(-14.225204099480429-0.1789285897714077j),(-13.505635159006788+0.03514756049818568j),(-47.38957208361633+0.08322187696424344j),(-42.4455918425011-0.019634405479604045j),(-38.77025675324888+0.0989368814852365j),(-36.54556387682895-0.10702811941094126j),(-35.144556957672066-0.09303670371346584j),(-33.61481132581531+0.11619002923506372j),(-89.94961260045721+6.217027834332356j),(-86.18665986992062+0.6667935425363147j),(-77.61329176172313+0.009563468612775239j),(-71.1313766046356-0.7216836256630526j),(-71.06969180056413-0.2695716994082886j),(-67.38279363176824-0.11105847555889237j),(-340.58788166654705-0.14061143731475934j),(-310.49973778208175+0.1272885467255893j),(-276.39873438942186-1.2255531711305423j),(-264.49623350879244-0.1943136642982779j),(-253.6736238099768+0.23606969621320673j),(-243.42804382435472+0.08945153866685018j),(-946.9589218584098+0.12638739731548299j),(-853.1305768246389-0.7723294143784187j),(-795.3937965107739+5.435359053495574j),(-732.3631960891557-0.8639695755634307j),(-706.5010548655279-12.6064181207783j),(-677.2644164100464-0.615992150082576j),(-9.502699062965096+0.006716768972973242j),(-8.66120957942789+0.004443680878681633j),(-7.844435585567029+0.030491509944102393j),(-7.4832458193779505+0.01824760064942632j),(-7.321250123156881-0.03579038964951797j),(-6.967663083075925-0.02653725073439661j),(-18.979579554644946-0.015832968481516885j),(-17.068290167744593-0.009303073889858737j),(-15.553302038278549+0.016819623802009076j),(-14.754350113130311-0.017364338453455197j),(-14.3035831596547-0.006432012012266397j),(-13.649611644715234+0.06797365587633697j),(-47.450416575005605-0.009784731593076579j),(-42.73296668893581+0.08224353472112256j),(-38.91120034956478-0.08168399411293681j),(-36.41703922909097+0.09900874669006399j),(-35.34771481243565-0.014200263581126471j),(-33.89053287883222-0.01779826678662033j),(-94.83447222287221+0.03604740488092917j),(-85.37715821820296+0.3866044139493141j),(-77.46675796483585-0.05755753300237565j),(-73.06394065362667+0.05329311664713399j),(-71.22134436491865+0.9270960701186439j),(-67.67460408554007-0.1323269311297821j),(-341.3357867212441+0.28396111960907433j),(-307.975607378401-0.13771308686770567j),(-278.7457377260998-0.8310660499253402j),(-264.2269717471514+0.639363236289725j),(-254.44717874759053+0.09272564906129332j),(-243.77878433197532+0.19705070478934772j),(-945.8754432013494-0.4919874261632273j),(-851.1315012799239+7.998761998407701j),(-778.7983909185617+5.0470404072355635j),(-734.4158036386438-1.9192947587745266j),(-701.2977047347757-3.2442634073103562j),(-672.9834936239786+10.797618101027126j)
4,2,(-9.459058095335724-0.024692251696210032j),(-8.532290434506944-0.037346749808281565j),(-7.751376639573395+0.010905393347149378j),(-7.31018988383217-0.010821565054258908j),(-7.067420453939863+0.017322060392117505j),(-6.732441256185567+0.0277531847151673j),(-18.963694338653337-0.002176425099068624j),(-17.006713888443883-0.003961942696785403j),(-15.509889469590883+0.002130273664110227j),(-14.506628445571119+0.025806767822803778j),(-13.870482089648764-0.1565374614132713j),(-13.490472102795179+0.044106887888415214j),(-47.355816823731516+0.010479165938251711j),(-43.04070289766526+0.15247028833412696j),(-38.96965152988902+0.010872967802926237j),(-36.518070701951906-0.15871384760860652j),(-35.35040020256385+0.20508942222968685j),(-33.694829963445926+0.18043356868638583j),(-87.74556662096292+11.271118454542453j),(-84.70178300597478-0.30375451827017486j),(-77.37850788215677-0.036287854407152764j),(-73.39707790345118+1.2267261344033917j),(-70.71588793885734-1.4789971434987343j),(-67.41496700517612-0.13729942031237674j),(-340.8041557086208-0.2477433048522899j),(-308.4571553612812-0.07804947682227947j),(-280.04750830466145-1.3115453515794968j),(-264.68574220539637-1.3394397231261337j),(-254.3117275702282+0.913288044436456j),(-243.25826280353692-0.18695512177114892j),(-946.1079463298621-0.3409803427503917j),(-854.625285541228-0.7018151866505207j),(-760.0010707522779-22.320926861017824j),(-733.465384688648-0.5000974023205345j),(-700.7478792595082-1.1900939954306864j),(-673.9775633975149+0.007298650642582061j),(-9.512789940585218+0.0017277173491327957j),(-8.66253874703279+0.01827211315238575j),(-7.838014634939554-0.031077543275009847j),(-7.433348029078962-0.049580662708422985j),(-7.186966236861362-0.024442749842226164j),(-6.869839289580125-0.01617668608780276j),(-18.94952759796374-0.008187875335297634j),(-17.17752922952767-0.05711844832319635j),(-15.778763311192316-0.010617561337917802j),(-14.773090463568309-0.01775281460237821j),(-14.343279598554812-0.13398652051046833j),(-13.6405270824043-0.01858584673871977j),(-47.476936816562976+0.016655402810813236j),(-42.602721114093214+0.03857913804617752j),(-38.83950724438604-0.04329591291388901j),(-36.683651739712566-0.08823692108109071j),(-35.3452468489227+0.05610416868745549j),(-33.87379842965762+0.05551174153711713j),(-94.71753864138728+2.050478755544205e-05j),(-85.22694005031234+0.12320518508607847j),(-77.58394851484118-0.04051415047911089j),(-73.55028387914338-0.14120361532497605j),(-70.81308741435997+0.28465776402595466j),(-67.68833180081117-0.12164504289963318j),(-340.9967383673781+0.3378827410918106j),(-307.1256862564628+0.06441102011419275j),(-280.6945808778435+0.18214988032619317j),(-263.67904375572743-0.4599144155466064j),(-252.97315588272983-1.9260260507093534j),(-243.44176497096024+0.5655042765933231j),(-946.8291460629766-3.5547618455085512j),(-859.104474188387-3.2237106989167614j),(-775.5574145284692+1.7253352912913584j),(-729.1315173917495+1.385745963308466j),(-705.1375552884842+0.24889151615022342j),(-661.9626962203004+5.6923700944422535j)
4,3,(-9.451359670828037-0.03800209177276148j),(-8.517738675926509+0.02662147255333913j),(-7.7643088902340045+0.018082776754735297j),(-7.331404136235102-0.016519658000283988j),(-7.025267512184542+0.03205698934128413j),(-6.763891240086949-0.0015615712611558585j),(-18.971762522350048+0.0015483393636008258j),(-17.061246018305095+0.008638466719489202j),(-15.63524232845184-0.07733176413698573j),(-14.601741278413968+0.04239853683831818j),(-14.009995381353233-0.3786350670598617j),(-13.513184881054686-0.01513150395733609j),(-47.46760454108042-0.02034177522590852j),(-43.36975729114057-0.22707361861313224j),(-38.95737262000243+0.004166149954158538j),(-36.44620304321775-0.15657826306909417j),(-35.011091437264426+0.13535315631604128j),(-33.5660682797514+0.20384698256449418j),(-88.21969515463331+4.5539019774059994j),(-86.36081242636489+0.38411747695120724j),(-77.28678067407184-0.17228245348673354j),(-72.63805009632486+1.0500048686678465j),(-70.80421562565212-0.16243246681652224j),(-67.44478416420556+0.16585102277328367j),(-340.58231487298974+0.12295624987232712j),(-310.468819749871-0.2889381341282622j),(-275.2518383989393+0.916885750086891j),(-265.41067253374996-1.0016316123761726j),(-253.75911798993312+0.41043036773336894j),(-242.18930630390028-0.43172558429306207j),(-946.8937520159631-0.09821131842522135j),(-853.2359229344123+0.27385710557507537j),(-757.176340454717-30.060353780979653j),(-733.6908684964235+0.10231111361480316j),(-713.5807717338967-0.4843211170273207j),(-674.2321112576285+0.028256881311136794j),(-9.505617201611406-0.00040328292278246636j),(-8.670739984932634+0.07095020319733347j),(-7.776085844015097+0.0018788422828591028j),(-7.466779822252623+0.028066684917245066j),(-7.214830154929356+0.027413249947164875j),(-6.896251185830844-0.015679939319978686j),(-18.983820228562184+0.00900847460555454j),(-17.078957739784716+0.018690520789947485j),(-15.64076954592503+0.01658418185749211j),(-14.743062701647707+0.03909827288484591j),(-14.399952007327311-0.05812095003368434j),(-13.63236530337903-0.028125516277658802j),(-47.43226617523866+0.014898772213274736j),(-42.78290048177049-0.0018882891597726825j),(-38.89512447547576-0.15817651135126454j),(-36.48832560535866-0.007249135341634627j),(-35.29488607189858-0.11928388960042646j),(-33.87298146080083+0.027787516381060584j),(-94.83969667093436-0.03811321097666731j),(-85.86478990843958-0.07805929618076846j),(-77.56227987224723+0.1724992392724891j),(-73.20774503596088+0.5076658221117913j),(-71.00308262170668+0.32778238043144015j),(-67.47869800039489-0.053669999024428705j),(-341.16027174657916+0.520454006792427j),(-307.5688921782915+0.556300393718999j),(-279.69420185285685-0.3772700046178983j),(-263.35962461783237-1.032740559979601j),(-255.21732349474203+1.7132162002344842j),(-242.52764921757426+0.4578699292964359j),(-945.8619457751472+0.32232708080316996j),(-860.2220089236702+0.831144294931903j),(-775.7233281595114+5.3465346967679395j),(-737.4551069188074-8.706188263467197j),(-703.5084870635553-4.490836396556745j),(-675.9672122096746+4.285406386337058j)
4,4,(37.860502413610625+0.02802260166239101j),(34.103638754551866-0.000123631967365867j),(31.065206772702844-0.04640149945036798j),(29.23243278421819+0.0361915878003245j),(28.216748273544997-0.08288485771315118j),(26.941517230116407-0.07962454334809799j),(75.87562056846862+0.0068663326724685j),(68.11185763418558+0.0370765386425127j),(62.256119307676336+0.2315907007114184j),(58.37644358427175-0.23198981646022787j),(56.03408616472629+1.110513313504267j),(53.99496144810229-0.08490733204761636j),(189.59262088941708-0.07075224039008532j),(171.66603872015443+0.6274447348160472j),(155.46340205649574+0.04189479874270141j),(146.1945982608902+0.3992995122262517j),(140.77305358505237-0.29928625269159426j),(134.56570808082938-0.6106074013705864j),(350.8193484593413-30.623054038777298j),(342.7631802602978-0.3161526549210265j),(309.83795049312766+0.38902772105292627j),(288.6925446555258-2.804152753589758j),(282.7358188352333+2.777750277620598j),(269.8921502801062-0.008073296921213391j),(1362.784463782837+0.02492026832527472j),(1237.8698633830534+0.24257536257513834j),(1107.5287121051992+0.9575620868545798j),(1059.3957972924004+2.4028133941259284j),(1015.0460278836069-1.8341470637778343j),(971.424137872681+0.27709628908598916j),(3786.2890392304203+0.05578429100839344j),(3415.3921284889193+0.6766943794272038j),(3082.7785088879627+81.70980319256387j),(2934.385062084635+2.704959795738887j),(2820.506635369192+29.86584139186448j),(2702.193285541308-0.28572094043761354j),(43.02971558299274-0.026874719559852878j),(45.90472978024257-0.09123245264257918j),(51.256105540838746-0.05452779703343813j),(60.96589957874549+0.023139414026903893j),(73.77141580492696+0.13789864032886356j),(88.728138577028+0.08781623042785469j),(80.85049527842534+0.006477845276275707j),(79.65538956590458+0.1486594436686346j),(82.37998560701338-0.045177862933574175j),(90.17821327414697-0.0059522119484611835j),(102.27528136812457+0.2594205302834647j),(115.59846747292299-0.03241706859308824j),(194.821966422721-0.04343428134605176j),(181.9262169980419-0.424543795763455j),(175.4491930838678+0.4015142756431018j),(177.43402408317834-0.04570053858964229j),(186.22321431866663-0.006199199125671129j),(196.60345428831207-0.12198624145173653j),(384.0983358193604-0.0003185199623789714j),(353.3010896035945-0.4251746856876366j),(330.13076422362985-0.22730175936274577j),(324.0727021664888-0.06489509820413808j),(328.5702389652338-1.5407840423360142j),(331.34517154941375+0.4736557743263319j),(1369.7518738373594-1.7866728510911685j),(1240.59713110947-0.6639875321901627j),(1138.1742733176154+0.8992915999139086j),(1085.9324789552838+0.28549208742344945j),(1064.4028085739737+0.8743875306354312j),(1033.9884420075434-1.7397026784185812j),(3789.971877848967+0.35480095613468166j),(3429.713883708756-12.118031210238769j),(3123.7996664660377-14.984731633469409j),(2966.7388509949064+7.2661565859625625j),(2859.058502180802+9.542737037554673j),(2736.906929509586-13.995335068507302j)
