,abs_amplitude,amplitude_squared,abs_c_0
0,0.0009029590665872673,8.153350759321491e-07,0.0
1,0.0009657306572817683,9.326357024138763e-07,0.0
2,0.0013499814402707195,1.8224498890754062e-06,0.0
3,0.0007549457832852934,5.699431357002452e-07,0.0
4,0.003945044631692055,1.5563377146042305e-05,0.0
5,0.00048635364851024694,2.3653987141922883e-07,0.0
6,0.00429746204673458,1.8468180043124164e-05,0.0
7,0.0033370627664794468,1.1135987907423458e-05,0.0
8,0.01245324644636115,0.00015508334705380662,0.0
9,0.008089551445207843,6.544084258466431e-05,0.0
10,0.005487561851481519,3.0113335073835277e-05,0.0
11,0.009601822931243906,9.219500360296132e-05,0.0
12,0.064615010544057,0.004175099587608596,0.0
13,0.09387204290687912,0.008811960439510954,0.0
14,0.1375614953514146,0.01892316500331726,0.0
15,0.0758703567702167,0.0057563110364399666,0.0
16,0.11492126584607434,0.013206897343664094,0.0
17,0.18339929684727896,0.03363530208407635,0.0
18,0.23379705510802606,0.05466106297718538,0.0
19,0.21330698155935646,0.04549986838196363,0.0
20,0.061958613619497914,0.0038388698016502323,0.0
21,0.11700880360592585,0.013691060121290125,0.0
22,0.7779352803626253,0.6051833004328764,0.0
23,0.9730823229093343,0.9468892071586259,0.0
24,0.9886201075220785,0.9773697169969661,0.0
25,0.9519582978039818,0.9062246007578545,0.0
26,0.9426130328467078,0.8885193296924687,0.0
27,0.9764572809252983,0.9534688214720268,0.0
28,0.8999958923074571,0.809992606170296,0.0
29,0.7765815533879085,0.6030789090623769,0.0
30,0.9834640944810726,0.9672016251334762,0.0
31,0.9750224669845432,0.9506688111246246,0.0
32,0.9426031956369919,0.8885007844250692,0.0
33,0.9952371706041224,0.9904970257520991,0.0
34,0.9952371706041224,0.9904970257520991,0.0
35,0.8255813873259523,0.6815846270990441,0.0
36,0.9889272221852079,0.9779770507789516,0.0
37,0.8206321365045144,0.6734371034639639,0.0
38,0.9022240774460732,0.814008285923418,0.0
39,0.9636920101927423,0.9287022905093285,0.0
40,0.7839651501351712,0.6146013566264615,0.0
41,0.995996248464954,0.9920085269562625,0.0
42,0.9981955273407812,0.9963943108031403,0.0
43,0.8998154642744675,0.8096678697474754,0.0
44,0.8243956127376776,0.6796281263011309,0.0
45,0.7123390700317818,0.5074269506937437,0.0
46,0.9856437376815069,0.9714935776307713,0.0
47,0.9306893933646597,0.8661827469214783,0.0
48,0.9935140591106475,0.9870701856505152,0.0
49,0.9984074912508233,0.9968175185857627,0.0
50,0.9970221992226952,0.9940532657428597,0.0
51,0.8545463072728174,0.7302493912736086,0.0
52,0.8836059107688227,0.7807594055456006,0.0
53,0.8814586145735187,0.776969289205867,0.0
54,0.9717680465704003,0.9443331363352516,0.0
55,0.9717680465704003,0.9443331363352516,0.0
56,0.975740654151858,0.9520698241646957,0.0
57,0.9724870954407951,0.9457311507988742,0.0
58,0.9724083888485426,0.9455780747030185,0.0
59,0.9002059181426982,0.8103706950591383,0.0
60,0.9392132021013173,0.8821214390014099,0.0
61,0.9315691652692935,0.8678211096805282,0.0
62,0.9743263112029723,0.9493117607023912,0.0
63,0.829251475089275,0.6876580089377384,0.0
64,0.9108697760407665,0.8296837489045561,0.0
65,0.9558443069891553,0.9136383392035786,0.0
66,0.969512754356631,0.939954980860181,0.0
67,0.8460283482508563,0.7157639660440721,0.0
68,0.8454028641055364,0.7147060026378441,0.0
69,0.9232248234064886,0.852344074553942,0.0
70,0.903085397265375,0.8155632347539601,0.0
71,0.997863285641468,0.9957311368311859,0.0
72,0.9695522825587117,0.940031628614808,0.0
73,0.9765087669976423,0.9535693720232558,0.0
74,0.8199943250954747,0.672390693188783,0.0
75,0.8954517974289085,0.801833921518663,0.0
76,0.9033228953221989,0.8159922532132803,0.0
77,0.9279368382569806,0.8610667757943617,0.0
78,0.9899288859304644,0.9799591991995303,0.0
79,0.980950433999945,0.9622637539646804,0.0
80,0.9393164366993254,0.8823153682535178,0.0
81,0.9881782253038237,0.9764962049646145,0.0
82,0.9707290733088516,0.9423149337670618,0.0
83,0.9050226735417946,0.8190660396247377,0.0
84,0.9445671609377357,0.8922071215219743,0.0
85,0.9593105911208076,0.9202768102365534,0.0
86,0.980884857219785,0.962135103123078,0.0
87,0.9221047305169887,0.8502771340418084,0.0
88,0.8958575733446319,0.8025607917189325,0.0
89,0.997590181888532,0.9951861710003943,0.0
90,0.8167513798251899,0.6670828164463516,0.0
91,0.943437032149389,0.8900734336308472,0.0
92,0.9181143549226349,0.842933968715006,0.0
93,0.8473894786311873,0.7180689284948354,0.0
94,0.9149305391117585,0.837097891399333,0.0
95,0.8374514218434118,0.7013248839475521,0.0
96,0.9498142575678324,0.9021471238791328,0.0
97,0.9504651122522203,0.9033839296086258,0.0
98,0.9069772130072529,0.8226076649144037,0.0
99,0.9429288977422828,0.8891149061974765,0.0
100,0.7535407385114328,0.5678236445963555,0.0
101,0.973843277653771,0.9483707294314397,0.0
102,0.9466504649954861,0.89614710287617,0.0
103,0.9510996538196755,0.9045905514959066,0.0
104,0.9761221895459761,0.9528145289240304,0.0
105,0.9939316544716432,0.9879001337607379,0.0
106,0.9692391415160023,0.9394245134466772,0.0
107,0.8061946860509496,0.6499498718167891,0.0
108,0.9574436110482218,0.9166982683370587,0.0
109,0.8911103321840276,0.794077624125128,0.0
110,0.9964388935293329,0.9928904685379613,0.0
111,0.9673250934269139,0.9357178363733877,0.0
112,0.9426367831366544,0.88856410492222,0.0
113,0.9979825828636658,0.9959692356992336,0.0
114,0.9340257654434754,0.8724041305122701,0.0
115,0.9816661837367443,0.9636684962922635,0.0
116,0.9634609519555968,0.9282570059431847,0.0
117,0.9695729144829026,0.9400716364988699,0.0
118,0.8997628653691044,0.8095732138972211,0.0
119,0.9091797629931919,0.8266078414363567,0.0
120,0.9959874219760624,0.991990944734523,0.0
121,0.9423310725406824,0.8879878502756728,0.0
122,0.9406602261751952,0.8848416611079694,0.0
123,0.9768499363629256,0.9542357981722518,0.0
124,0.9497567611085913,0.9020379052714818,0.0
125,0.9679008782424919,0.9368321101025872,0.0
126,0.9587948022365954,0.919287472795912,0.0
127,0.912398800216795,0.8324715706370469,0.0
128,0.9497218564322369,0.9019716045850945,0.0
129,0.9651197819689956,0.9314561935478817,0.0
130,0.9789045939311943,0.9582542040195965,0.0
131,0.8611971832355765,0.7416605884128911,0.0
132,0.9607909665818148,0.923119281465218,0.0
133,0.9835531823559392,0.9673768625224954,0.0
134,0.9702524453641624,0.941389807735137,0.0
135,0.9749004247452482,0.9504308381684653,0.0
136,0.9981601505469156,0.9963236861398413,0.0
137,0.95792661029322,0.9176233907078586,0.0
138,0.9303742397842256,0.8655962260540757,0.0
139,0.9564142532741624,0.9147282238659736,0.0
140,0.8142055613990411,0.6629306962131277,0.0
141,0.9451341697088966,0.8932785987513254,0.0
142,0.9821699429809778,0.9646577968952572,0.0
143,0.9691296419080554,0.9392122628248357,0.0
144,0.9629396335230366,0.92725273780948,0.0
145,0.7631383388232452,0.5823801241819022,0.0
146,0.9768421488071468,0.9542205836861639,0.0
147,0.8808013294015086,0.7758109818754648,0.0
148,0.9246510190941981,0.8549795071119392,0.0
149,0.9659132173341212,0.9329883434207532,0.0
150,0.8797679098708342,0.7739915752384963,0.0
151,0.8705101870446238,0.757787985748466,0.0
152,0.9047302895696697,0.8185368968648185,0.0
153,0.9766306771583131,0.9538074795667052,0.0
154,0.943215481556716,0.8896554446482676,0.0
155,0.9819054830049375,0.9641383775551596,0.0
156,0.8703385570809486,0.7574892039417477,0.0
157,0.946573700355615,0.8960017702049217,0.0
158,0.7425257768824163,0.5513445293348358,0.0
159,0.7988245250020983,0.638120621744828,0.0
160,0.9061984016372683,0.8211955431299398,0.0
161,0.9651131851402599,0.9314434601315775,0.0
162,0.9301103889365114,0.8651053356076286,0.0
163,0.8923651440137714,0.796315550250719,0.0
164,0.9525459926860089,0.9073438681821742,0.0
165,0.9312571382722926,0.8672398575831,0.0
166,0.9967705190357535,0.9935514676188055,0.0
167,0.9967705190357535,0.9935514676188055,0.0
168,0.8824396067706578,0.7786996595975532,0.0
169,0.916759065041297,0.840447183335393,0.0
170,0.9854302088218058,0.9710726964585877,0.0
171,0.9886179943855918,0.97736553882299,0.0
172,0.9435626639015872,0.8903105007090595,0.0
173,0.952626236534959,0.9074967465347598,0.0
174,0.9424837184686403,0.8882755595784753,0.0
175,0.9751307364380151,0.9508799531461456,0.0
176,0.9844802996624724,0.9692014604235115,0.0
177,0.9798497643801342,0.9601055607558044,0.0
178,0.9848469475394583,0.9699235100777887,0.0
179,0.9831438996146811,0.9665719273495621,0.0
180,0.9494991959455542,0.9015487231012539,0.0
181,0.940609062894597,0.884745409199452,0.0
182,0.982201919153944,0.9647206099896907,0.0
183,0.9956332625179329,0.9912855934321032,0.0
184,0.9070421152083373,0.8227253987616147,0.0
185,0.9522736624129143,0.9068251281253051,0.0
186,0.9959312142964384,0.9918789836099783,0.0
187,0.946057089183428,0.8950240159942207,0.0
188,0.9706282963958821,0.9421192897643723,0.0
189,0.9326703845133564,0.869874046148292,0.0
190,0.8988799141186613,0.8079851000059719,0.0
191,0.9996263107755975,0.9992527611948314,0.0
192,0.9875313284513445,0.9752181246728773,0.0
193,0.9875313284513445,0.9752181246728773,0.0
194,0.6969610462977015,0.4857547000563868,0.0
195,0.9434534138742807,0.8901043441510348,0.0
196,0.9515081198899716,0.9053677022165486,0.0
197,0.8712724919936387,0.7591157553048051,0.0
198,0.722698108719541,0.5222925563468015,0.0
199,0.9989369823557722,0.9978750947180564,0.0
200,0.9852810105114826,0.9707786696745284,0.0
201,0.9852810105114826,0.9707786696745284,0.0
202,0.933711846296741,0.8718178119148688,0.0
203,0.9278269106945956,0.860862776209077,0.0
204,0.9950701161268585,0.9901645360087196,0.0
205,0.994037857779174,0.9881112626982093,0.0
206,0.9753925891194046,0.9513907029090557,0.0
207,0.977861853091415,0.9562138037313762,0.0
208,0.9459297315800972,0.8947830570871947,0.0
209,0.9649591741362463,0.9311462077497066,0.0
210,0.9869312043063544,0.974033202033591,0.0
211,0.9444337128807392,0.8919550380256985,0.0
212,0.9515940376908936,0.9055312125688578,0.0
213,0.9267228579041835,0.8588152553620975,0.0
214,0.9162215204677903,0.8394618745683095,0.0
215,0.9408009616360427,0.8851064494153026,0.0
216,0.9618447240977298,0.925145273274638,0.0
217,0.9513549355958559,0.9050762134825951,0.0
218,0.8889255689855852,0.7901886671963463,0.0
219,0.9420438644290353,0.8874466425083907,0.0
220,0.889382860013397,0.7910018716856096,0.0
221,0.8353386488241016,0.6977906582192757,0.0
222,0.9609437553067532,0.9234129008630453,0.0
223,0.9085312003936892,0.8254289420887978,0.0
224,0.9888494424545606,0.9778232198426954,0.0
225,0.9887396433166187,0.9776060822658743,0.0
226,0.8559646262922748,0.7326754414636736,0.0
227,0.9150699179321533,0.8373529547043578,0.0
228,0.9544491709444858,0.9109732199166163,0.0
229,0.9695410226678923,0.9400097946359025,0.0
230,0.8937474059787255,0.7987844256937008,0.0
231,0.9775537105529587,0.9556112570158578,0.0
232,0.9535042086290325,0.9091702758732776,0.0
233,0.9579848268150816,0.9177349284079218,0.0
234,0.9759604658803179,0.9524988309613273,0.0
235,0.974657952131733,0.9499581236536235,0.0
236,0.8850768396020064,0.7833610119998758,0.0
237,0.918617711420952,0.8438584997362676,0.0
238,0.8794485386530975,0.7734297321390686,0.0
239,0.9407578917070482,0.8850254108090901,0.0
240,0.9874185886303624,0.9749954691727768,0.0
241,0.9863917631500586,0.9729687104102813,0.0
242,0.9462735440652114,0.8954336201977355,0.0
243,0.9311323256697095,0.867007407907082,0.0
244,0.8275216929347803,0.6847921522776448,0.0
245,0.9738694319441628,0.9484216704752463,0.0
246,0.9930713727541476,0.9861907513838072,0.0
247,0.9622934673286652,0.9260087172634248,0.0
248,0.9622934673286652,0.9260087172634248,0.0
249,0.9721339891790085,0.9450444929170926,0.0
250,0.9668336771977204,0.9347673593636658,0.0
251,0.8759767883235201,0.7673353336815891,0.0
252,0.9666407319211937,0.9343943046091411,0.0
253,0.9682502661073552,0.9375085778169642,0.0
254,0.9875300013580504,0.975215503582231,0.0
255,0.9909617816761189,0.982005252742708,0.0
256,0.8989574790045605,0.8081245490582347,0.0
257,0.9359438691479254,0.8759909261955888,0.0
258,0.9494864495575536,0.9015245178934087,0.0
259,0.9359058517406532,0.8759197633223975,0.0
260,0.9816732022765193,0.9636822760678361,0.0
261,0.9864025535202395,0.972989997591249,0.0
262,0.9482959721831388,0.8992652508587643,0.0
263,0.9875840475676597,0.9753222510101216,0.0
264,0.7747716056069004,0.6002710408546944,0.0
265,0.9431590937352619,0.8895490760955205,0.0
266,0.806007220812404,0.6496476400017352,0.0
267,0.9965517978172609,0.9931154857328148,0.0
268,0.9640021244454611,0.9293000959353622,0.0
269,0.9913593901807604,0.9827934404995691,0.0
270,0.885661603164304,0.784396475319565,0.0
271,0.9647150885958009,0.930675202164404,0.0
272,0.9647150885958009,0.930675202164404,0.0
273,0.9769418833988622,0.9544154435389162,0.0
274,0.9348278571719695,0.8739031225447361,0.0
275,0.9009874345425829,0.8117783572036251,0.0
276,0.9818129301990942,0.9639566299061314,0.0
277,0.8619750776206127,0.7430010344390612,0.0
278,0.9749024843094323,0.9504348539127029,0.0
279,0.9595215945087312,0.9206816903285779,0.0
280,0.9118337686159201,0.8314408215883113,0.0
281,0.9605682301737407,0.9226913248191125,0.0
282,0.9894996799142525,0.9791096165504081,0.0
283,0.9562818042569762,0.9144748891529777,0.0
284,0.9931815285906099,0.9864095487335806,0.0
285,0.9931815285906099,0.9864095487335806,0.0
286,0.9739973662666582,0.9486708694943867,0.0
287,0.9572284454959753,0.9162862968666413,0.0
288,0.9652391126194831,0.9316865445304473,0.0
289,0.8784295282262411,0.7716384360597766,0.0
290,0.9902926835017594,0.9806795989971158,0.0
291,0.9539104123352997,0.9099450747617015,0.0
292,0.9899505119952052,0.980002016199569,0.0
293,0.9959346847368693,0.9918858962619272,0.0
294,0.9573805935905028,0.9165776009837034,0.0
295,0.9031242709774696,0.8156334488285859,0.0
296,0.991540821536048,0.9831532007723809,0.0
297,0.9464152223617898,0.8957017731181159,0.0
298,0.9652444451064689,0.9316968388088951,0.0
299,0.9551614624810182,0.9123334194088775,0.0
300,0.9993127879428385,0.9986260481460886,0.0
301,0.9946683978290027,0.9893652216397153,0.0
302,0.9946683978290027,0.9893652216397153,0.0
303,0.8784621345754802,0.771695721882909,0.0
304,0.9038715295811237,0.8169837419873202,0.0
305,0.9903089449042909,0.9807118063574498,0.0
306,0.8636912643948239,0.7459626001919296,0.0
307,0.7326668483664149,0.5368007106951752,0.0
308,0.9425226671177739,0.888348978030802,0.0
309,0.7922545294372432,0.6276672394138276,0.0
310,0.9569454577752926,0.9157446091567644,0.0
311,0.994616800448306,0.9892625797340254,0.0
312,0.9881820788451379,0.9765038209506983,0.0
313,0.9660127999247538,0.9331807296184623,0.0
314,0.9666470569904366,0.9344065327882725,0.0
315,0.9818677424938029,0.9640642637498769,0.0
316,0.9387995660082122,0.8813446251372077,0.0
317,0.8290802546109383,0.6873740685857382,0.0
318,0.7697232890569654,0.5924739417166728,0.0
319,0.9726045149590333,0.9459595425186965,0.0
320,0.9554003998808525,0.9127899240924928,0.0
321,0.9014942646715872,0.8126919092357657,0.0
322,0.7767161664039024,0.6032880031531745,0.0
323,0.9496902426092397,0.9019115569071966,0.0
324,0.9936443201459927,0.987329034958392,0.0
325,0.997507529737201,0.995021271882413,0.0
326,0.9701123502507872,0.9411179721091061,0.0
327,0.9677837573154392,0.9366054009235889,0.0
328,0.9237641369066275,0.8533401806348464,0.0
329,0.9474435010541808,0.8976491876898036,0.0
330,0.9609710777963596,0.923465412361097,0.0
331,0.9609710777963596,0.923465412361097,0.0
332,0.9113854396587534,0.8306234196219793,0.0
333,0.7999306912975462,0.6398891108797702,0.0
334,0.9993727336206051,0.9987458607043209,0.0
335,0.9892264915441649,0.9785690515727777,0.0
336,0.9735839266038145,0.9478656621413017,0.0
337,0.9735839266038145,0.9478656621413017,0.0
338,0.9748237536511283,0.9502813506824757,0.0
339,0.9505495197813919,0.9035443895566347,0.0
340,0.9418904668212451,0.887157651488743,0.0
341,0.9418904668212451,0.887157651488743,0.0
342,0.9283273972395915,0.8617917564656342,0.0
343,0.677248460510461,0.45866547726378937,0.0
344,0.9816891223520087,0.9637135329442571,0.0
345,0.9816891223520087,0.9637135329442571,0.0
346,0.9809436221957858,0.9622503899265885,0.0
347,0.893181625007012,0.7977734152501667,0.0
348,0.8847506472548644,0.7827837078179015,0.0
349,0.9978612003468951,0.9957269751577462,0.0
350,0.9157038352611365,0.8385135139119546,0.0
351,0.8913374779378591,0.7944824995766235,0.0
352,0.9710143344941429,0.9428688377931032,0.0
353,0.932950517157505,0.870396667464456,0.0
354,0.9923590720633058,0.9847765279063453,0.0
355,0.9886379807712882,0.97740505702353,0.0
356,0.899046433447666,0.8082844894949686,0.0
357,0.9743098978077613,0.9492797769661704,0.0
358,0.992137844514591,0.9843375025180587,0.0
359,0.9978246008541121,0.9956539340696681,0.0
360,0.9043819892916691,0.8179067825551567,0.0
361,0.8256484539207113,0.6816953694616609,0.0
362,0.9814192709993479,0.9631837854888915,0.0
363,0.7612130876202232,0.5794453647643136,0.0
364,0.9145571472896639,0.8364147756586079,0.0
365,0.7637294649587875,0.5832826956462358,0.0
366,0.8494755623164207,0.7216087309727992,0.0
367,0.6503310777814382,0.42293051072836696,0.0
368,0.9897841212313736,0.9796726066417625,0.0
369,0.9929974758255122,0.9860439869958387,0.0
370,0.9867552323897443,0.9736858886485382,0.0
371,0.9967861466287085,0.9935826221109091,0.0
372,0.9995317027341385,0.9990636247706062,0.0
373,0.9539462701459502,0.9100134863253703,0.0
374,0.8481276748828035,0.7193205529021104,0.0
375,0.951110055339806,0.9046103373684887,0.0
376,0.932067769548948,0.8687503270319508,0.0
377,0.9765087169497507,0.9535692742788484,0.0
378,0.8799916605738363,0.7743853226794979,0.0
379,0.8481558297254869,0.719368311497329,0.0
380,0.9870779815242865,0.9743229416100597,0.0
381,0.995942431809895,0.9919013274794073,0.0
382,0.9643494029248062,0.9299697709214302,0.0
383,0.9111779143393822,0.8302451915798665,0.0
384,0.9954902249982945,0.9910007880671551,0.0
385,0.9918640271603885,0.9837942483748238,0.0
386,0.985952487784115,0.9721023081676855,0.0
387,0.9482700959373047,0.8992161748489451,0.0
388,0.8744538522803333,0.7646695397679151,0.0
389,0.9514816662419944,0.905317361194642,0.0
390,0.9371714315401545,0.8782902920950224,0.0
391,0.9183268501680935,0.843324203739652,0.0
392,0.9214328555359885,0.8490385072612059,0.0
393,0.8453110417945957,0.7145507573798647,0.0
394,0.9133362355861202,0.8341830792346249,0.0
395,0.9878339452636221,0.9758159034150927,0.0
396,0.993052844368606,0.9861539517085788,0.0
397,0.9752398678778854,0.9510927998984754,0.0
398,0.9861509125016333,0.9724936222278041,0.0
399,0.9657695649940751,0.932710852668845,0.0
400,0.9726566365239486,0.9460609325740807,0.0
401,0.9726566365239486,0.9460609325740807,0.0
402,0.9794005289297382,0.9592253960678508,0.0
403,0.9444855736724591,0.8920529988753941,0.0
404,0.9887780559444139,0.9776820439172146,0.0
405,0.8359263350536422,0.6987728376362141,0.0
406,0.9219459414373615,0.8499843189328229,0.0
407,0.9746627719652586,0.9499675190550018,0.0
408,0.9874731252033394,0.9751031729988501,0.0
409,0.9098929721458803,0.8279052207604637,0.0
410,0.8529115545457138,0.727458119877586,0.0
411,0.9580429762836529,0.9178463444064399,0.0
412,0.9203437491014629,0.8470326165101365,0.0
413,0.9697746904412711,0.9404629502204631,0.0
414,0.987065290555665,0.9742978878197395,0.0
415,0.987065290555665,0.9742978878197395,0.0
416,0.6893564880659777,0.4752123676386585,0.0
417,0.932641708426318,0.8698205562963611,0.0
418,0.9101073017415443,0.8282953006832744,0.0
419,0.7730564285756002,0.5976162417620621,0.0
420,0.9593940301310478,0.920436905051094,0.0
421,0.9312915603749407,0.8673039704255917,0.0
422,0.9671037229092841,0.9352896108649974,0.0
423,0.9809115410020391,0.9621874512709951,0.0
424,0.9809115410020391,0.9621874512709951,0.0
425,0.9284393743567054,0.8619996718558706,0.0
426,0.9170689364569015,0.8410154342141923,0.0
427,0.7698307279627977,0.5926393497157311,0.0
428,0.9260062355307273,0.8574875482417887,0.0
429,0.9260062355307273,0.8574875482417887,0.0
430,0.9087499992223134,0.8258265610865545,0.0
431,0.8804185327383092,0.7751367927890772,0.0
432,0.9800004907340534,0.9604009618389855,0.0
433,0.9800004907340534,0.9604009618389855,0.0
434,0.9249415954685996,0.8555169550279985,0.0
435,0.9045756474116773,0.8182571018902551,0.0
436,0.9161822924545026,0.8393899930071876,0.0
437,0.9849645527929547,0.9701551702586252,0.0
438,0.9915682144635881,0.9832075239345083,0.0
439,0.9851018063665045,0.9704255689065501,0.0
440,0.9744939326014541,0.9496384246770474,0.0
441,0.9871452651289947,0.9744557744665933,0.0
442,0.9289212601447018,0.8628947075488207,0.0
443,0.9912419111811464,0.9825605264820516,0.0
444,0.9931502362530159,0.9863473917694213,0.0
445,0.9867249951997654,0.9736262161519771,0.0
446,0.9277977428098352,0.8608086515630251,0.0
447,0.9177797270458609,0.8423196273763749,0.0
448,0.9977951126406858,0.9955950868096388,0.0
449,0.9977951126406858,0.9955950868096388,0.0
450,0.9980219579149343,0.9960478284803589,0.0
451,0.9808284395744393,0.9620244278780296,0.0
452,0.921716779934998,0.8495618224137416,0.0
453,0.9800045493361202,0.9604089167194921,0.0
454,0.9288807390773943,0.8628194274289663,0.0
455,0.959502344511548,0.9206447491231574,0.0
456,0.8871115869965037,0.7869669677834554,0.0
457,0.9648175977338849,0.9308729968969844,0.0
458,0.9861899215698451,0.9725705614059372,0.0
459,0.9780578985760765,0.9565972529670508,0.0
460,0.9780578985760765,0.9565972529670508,0.0
461,0.9886336895438607,0.9773965721011066,0.0
462,0.9837578309690592,0.9677794699929481,0.0
463,0.9959716694363805,0.9919595663198908,0.0
464,0.9866258200086735,0.9734305087077874,0.0
465,0.9734029906459156,0.9475133821984125,0.0
466,0.9731931981082687,0.9471050008441998,0.0
467,0.9969968471332398,0.9940027131936207,0.0
468,0.9882431035406392,0.9766244316956344,0.0
469,0.9865636639879305,0.9733078631012902,0.0
470,0.9853402099313101,0.9708953293074782,0.0
471,0.9287969930616206,0.862663854320308,0.0
472,0.9318715760769459,0.8683846343001312,0.0
473,0.9708785397302514,0.9426051389087453,0.0
474,0.9718904476966395,0.9445710423239743,0.0
475,0.9947812734321125,0.9895897819712154,0.0
476,0.9947812734321125,0.9895897819712154,0.0
477,0.9651788214266509,0.9315701573305388,0.0
478,0.9927473476710842,0.9855472963079726,0.0
479,0.9868452772327745,0.9738636011966315,0.0
480,0.9907507433812773,0.9815870355105536,0.0
481,0.9965887689719216,0.9931891744409701,0.0
482,0.9965887689719216,0.9931891744409701,0.0
483,0.9585632137760755,0.9188434348047181,0.0
484,0.9662665069406455,0.9336709624352766,0.0
485,0.9189149913626705,0.8444047613510568,0.0
486,0.9927933365712781,0.9856386091403311,0.0
487,0.9165717579328442,0.8401037874401043,0.0
488,0.8379041643037276,0.7020833885575282,0.0
489,0.9062622978183579,0.82131135244701,0.0
490,0.9925552789430738,0.985165981757763,0.0
491,0.9149249617653469,0.8370876856613214,0.0
492,0.9947988703980717,0.9896247925452795,0.0
493,0.904014720519682,0.8172426149162788,0.0
494,0.8212210107139805,0.6744039484380916,0.0
495,0.9620096809130729,0.9254626261704724,0.0
496,0.7385242335823431,0.5454180435883873,0.0
497,0.8785169378940995,0.771792010166825,0.0
498,0.8861901190839125,0.7853329271619591,0.0
499,0.9305805440198702,0.8659801489083176,0.0
500,0.8958231239051778,0.8024990693232316,0.0
501,0.9536875104141961,0.9095198675200273,0.0
502,0.8991662429007063,0.8084999323721721,0.0
503,0.928262039959454,0.861670414829687,0.0
504,0.9595284700166965,0.9206948847725824,0.0
505,0.9851918446550362,0.970602970774793,0.0
506,0.9851918446550362,0.970602970774793,0.0
507,0.9183219752785834,0.8433152502795591,0.0
508,0.8469013177165201,0.7172418419499781,0.0
509,0.9286568291477926,0.8624035063228324,0.0
510,0.9598492498773592,0.9213105824901291,0.0
511,0.9575100730854803,0.9168255400601618,0.0
512,0.9440865847683162,0.8912994795395031,0.0
513,0.9891191421803606,0.9783566774276123,0.0
514,0.9064262098225755,0.8216084738533197,0.0
515,0.9189356637975106,0.8444427541989714,0.0
516,0.9284706437170194,0.8620577362442964,0.0
517,0.9362127737179112,0.8764943576725849,0.0
518,0.9822158501287701,0.9647479762441826,0.0
519,0.9822158501287701,0.9647479762441826,0.0
520,0.9542504846383335,0.9105939874324944,0.0
521,0.9787518830188808,0.957955248513005,0.0
522,0.9389837250713329,0.8816904359488364,0.0
523,0.9504230241037755,0.903303924746566,0.0
524,0.9718691409389052,0.9445296271093255,0.0
525,0.9251534510608566,0.8559089080098127,0.0
526,0.9890049720824396,0.9781308348037873,0.0
527,0.9890049720824396,0.9781308348037873,0.0
528,0.9886393118888852,0.9774076890121285,0.0
529,0.8915192322806677,0.794806541526311,0.0
530,0.9642318468941483,0.9297430545649003,0.0
531,0.9400482220956959,0.8836906598652788,0.0
532,0.9873930580431822,0.974945051071867,0.0
533,0.9937303926001009,0.9875000931771506,0.0
534,0.9695236526773917,0.9399761131009117,0.0
535,0.9461819828336604,0.8952603446390373,0.0
536,0.9746833126827806,0.9500075600222792,0.0
537,0.9737892364232236,0.9482654769737248,0.0
538,0.9459715637496243,0.8948621994229096,0.0
539,0.9203823829543083,0.847103730852651,0.0
540,0.9177868820974783,0.8423327609502105,0.0
541,0.9643285484312097,0.929929549319444,0.0
542,0.9984357234530423,0.9968738938672,0.0
543,0.7763199144700901,0.602672609602848,0.0
544,0.999546587871497,0.9990933813255523,0.0
545,0.9946124230064974,0.9892538719988558,0.0
546,0.9796117323075416,0.9596391460745826,0.0
547,0.94643562833201,0.8957403985762066,0.0
548,0.8592915431811873,0.7383819561827062,0.0
549,0.8341139128759688,0.6957460196532593,0.0
550,0.978030712797799,0.9565440751757707,0.0
551,0.9345688963207627,0.8734190219702085,0.0
552,0.7543634600860407,0.5690642299129836,0.0
553,0.9649126283961106,0.9310563804382906,0.0
554,0.9516872639362974,0.9057086483385558,0.0
555,0.9824237848841386,0.9651564931060763,0.0
556,0.9824237848841386,0.9651564931060763,0.0
557,0.918677088378184,0.8439675927110176,0.0
558,0.8847438764287783,0.7827717268782213,0.0
559,0.9847200987280202,0.9696736728389219,0.0
560,0.9292145167318034,0.863439618105119,0.0
561,0.9622715250015383,0.9259664878287862,0.0
562,0.9886995393942732,0.9775267791984481,0.0
563,0.9886995393942732,0.9775267791984481,0.0
564,0.8565219276477144,0.7336298125413565,0.0
565,0.8958040259798355,0.8024648529616819,0.0
566,0.9623405354122806,0.9260993060975948,0.0
567,0.9618020118067047,0.9250631099154244,0.0
568,0.9910725450263014,0.9822247895049102,0.0
569,0.9770513966632359,0.95462943172158,0.0
570,0.9307311911930365,0.8662605502596087,0.0
571,0.911580999428509,0.8309799185190794,0.0
572,0.954154041895377,0.9104099356652848,0.0
573,0.9887351618384088,0.9775972202556245,0.0
574,0.810235964244444,0.6564823177551239,0.0
575,0.695005919957238,0.4830332287756068,0.0
576,0.8103225734405026,0.6566226730272388,0.0
577,0.951053057675483,0.9045019185138855,0.0
578,0.9334898298974283,0.8714032625219297,0.0
579,0.9334898298974283,0.8714032625219297,0.0
580,0.9242417171377846,0.8542227516978006,0.0
581,0.8452516550598215,0.7144503603813674,0.0
582,0.9489724782234383,0.9005487644255341,0.0
583,0.9014928698513951,0.8126893943929043,0.0
584,0.9890974167335606,0.9783136997890027,0.0
585,0.968146091499845,0.9373068544864263,0.0
586,0.957719201100411,0.9172260681564094,0.0
587,0.9551234397058129,0.9122607850754637,0.0
588,0.8512287344043843,0.7245903582756898,0.0
589,0.9818125722176655,0.9639559269646686,0.0
590,0.9806512727476583,0.9616769187416021,0.0
591,0.9250575817560674,0.8557315295643834,0.0
592,0.709229507164437,0.5030064938327102,0.0
593,0.8712338966098607,0.7590485026020015,0.0
594,0.9794174458757516,0.9592585332857809,0.0
595,0.9201390279716082,0.846655830796536,0.0
596,0.9712557168203702,0.943337667456251,0.0
597,0.9947548486311422,0.9895372088751666,0.0
598,0.9964081570378028,0.9928292154114707,0.0
599,0.973891277975878,0.948464221317489,0.0
600,0.973891277975878,0.948464221317489,0.0
601,0.9885098531787061,0.9771517298313871,0.0
602,0.8686859718322346,0.754615317658114,0.0
603,0.781740769543227,0.6111186307660368,0.0
604,0.9935550338779444,0.9871516053442033,0.0
605,0.9838747092179055,0.9680094434386182,0.0
606,0.9865224981575715,0.9732266393710557,0.0
607,0.9865224981575715,0.9732266393710557,0.0
608,0.98602475107663,0.9722448097357301,0.0
609,0.9463943694246969,0.8956623024787697,0.0
610,0.9897923470830092,0.9796888903440922,0.0
611,0.9265137754918006,0.8584277761760707,0.0
612,0.9158501874894445,0.8387815659244506,0.0
613,0.9827604195227335,0.9658180421804992,0.0
614,0.8367706150587662,0.7001850622258258,0.0
615,0.9763777915295777,0.9533135917921756,0.0
616,0.9763777915295777,0.9533135917921756,0.0
617,0.9557494006588714,0.9134569168597918,0.0
618,0.9786873575203912,0.957828943770246,0.0
619,0.9172915159525995,0.8414237252386181,0.0
620,0.9139816606458974,0.8353624759970323,0.0
621,0.995901193626564,0.991819187466815,0.0
622,0.9244144273472692,0.8545420334877797,0.0
623,0.914045732902303,0.8354796018369082,0.0
624,0.9935798306857011,0.9872008799454265,0.0
625,0.9346035838210905,0.8734838588912263,0.0
626,0.9500931865152014,0.9026770630626092,0.0
627,0.9029352219429717,0.8152920150252035,0.0
628,0.9996698751699464,0.9993398593222963,0.0
629,0.9420324926992235,0.8874252173011126,0.0
630,0.8194875438553695,0.6715598345341062,0.0
631,0.8688536266990844,0.754906624628152,0.0
632,0.8828162201911225,0.7793644786325404,0.0
633,0.9633128486089815,0.9279716442951504,0.0
634,0.9818138733555277,0.9639584819133842,0.0
635,0.9452209136829086,0.8934425756635526,0.0
636,0.9964733262936606,0.9929590900147521,0.0
637,0.9076234399786558,0.8237803087986886,0.0
638,0.7129847491453628,0.5083472525138759,0.0
639,0.8159559328499073,0.6657840843529624,0.0
640,0.9281735880639964,0.8615062095795933,0.0
641,0.9799372949570432,0.9602771020477271,0.0
642,0.9230194222560019,0.8519648538618034,0.0
643,0.991073100282466,0.9822258901034989,0.0
644,0.9134761131836303,0.8344386093570726,0.0
645,0.9697833217853918,0.9404796912131088,0.0
646,0.9697833217853918,0.9404796912131088,0.0
647,0.9223366670120602,0.850704927314916,0.0
648,0.853045976188903,0.7276874374920784,0.0
649,0.8101244743748023,0.6563016639810497,0.0
650,0.9894560456599115,0.9790232662929489,0.0
651,0.765709417182242,0.5863109115615687,0.0
652,0.8743180026822597,0.7644319698142958,0.0
653,0.8750155235989384,0.7656521665391244,0.0
654,0.8458024154638185,0.7153817260044298,0.0
655,0.8296238344777096,0.6882757067334981,0.0
656,0.8204253230798206,0.6730977107506281,0.0
657,0.8244784595756032,0.6797647303041595,0.0
658,0.9995720761838969,0.9991443354865861,0.0
659,0.9647446016870941,0.9307321464843898,0.0
660,0.9647446016870941,0.9307321464843898,0.0
661,0.9590581977520225,0.9197926266753575,0.0
662,0.855654901301782,0.7321453101217623,0.0
663,0.951929150131379,0.9061691068698495,0.0
664,0.9334008557512423,0.8712371575171515,0.0
665,0.9751798657458366,0.9509757705560679,0.0
666,0.9591090289216286,0.9198901293589895,0.0
667,0.9969380279174526,0.9938854315079394,0.0
668,0.9977100188399997,0.9954252816937125,0.0
669,0.9422419672629266,0.8878199248715101,0.0
670,0.9176522232654967,0.8420856028641089,0.0
671,0.9574783358911059,0.9167647637008014,0.0
672,0.9984488281489224,0.9969000624319565,0.0
673,0.8752574335817264,0.7660755750400702,0.0
674,0.7400999983457796,0.5477480075514229,0.0
675,0.9450430230598612,0.8931063154341213,0.0
676,0.8511722719788192,0.7244942365855849,0.0
677,0.8585290369573266,0.7370721072988747,0.0
678,0.995185808360029,0.9903947931612044,0.0
679,0.9982202183597814,0.9964436043422495,0.0
680,0.9982202183597814,0.9964436043422495,0.0
681,0.9982202183597814,0.9964436043422495,0.0
682,0.981292442045026,0.9629348568146906,0.0
683,0.9671548093859164,0.9353884253183082,0.0
684,0.9757622570100692,0.9521119822053844,0.0
685,0.7811734970089874,0.6102320324292505,0.0
686,0.6304069554855813,0.3974129295245997,0.0
687,0.9315912182256132,0.867862197875082,0.0
688,0.9725522807890112,0.9458579388679077,0.0
689,0.9275288935377319,0.8603098483473293,0.0
690,0.860658172409247,0.7407324897348252,0.0
691,0.9119977118084123,0.8317398263437799,0.0
692,0.8701204887550842,0.7571096649513865,0.0
693,0.93644697120997,0.8769329298883264,0.0
694,0.7977898772570035,0.6364686882537446,0.0
695,0.9445945827492633,0.8922589257592549,0.0
696,0.9625926308458489,0.9265845729587328,0.0
697,0.8141231548719277,0.6627965112986207,0.0
698,0.9937627624461766,0.9875644280246559,0.0
699,0.9756955438317358,0.9519817942531068,0.0
700,0.9794822595195913,0.9593854967136041,0.0
701,0.9794822595195913,0.9593854967136041,0.0
702,0.956065715409261,0.9140616521810221,0.0
703,0.9041948654444765,0.8175683546961549,0.0
704,0.9772640073055244,0.9550449399748521,0.0
705,0.9853148147259608,0.9708452841184545,0.0
706,0.8708139909291086,0.7583170067978816,0.0
707,0.9382643711739241,0.8803400302143993,0.0
708,0.8693886874811163,0.7558366899201381,0.0
709,0.9174362513726586,0.841689275332716,0.0
710,0.9727712464096748,0.9462838978414323,0.0
711,0.9756925084007649,0.9519758709493767,0.0
712,0.9972775449817262,0.9945625017247789,0.0
713,0.9873289019773137,0.9748183606797279,0.0
714,0.8345265710284763,0.6964345977525465,0.0
715,0.9261333940744803,0.8577230636199166,0.0
716,0.9967422547817136,0.9934951224673345,0.0
717,0.8907085071919134,0.7933616447840469,0.0
718,0.976892973747338,0.9543198821569171,0.0
719,0.8525010675749805,0.7267580702164814,0.0
720,0.9472181726661488,0.8972222666289982,0.0
721,0.974963059050777,0.9505529665136488,0.0
722,0.974963059050777,0.9505529665136488,0.0
723,0.8938206139083017,0.7989152898474133,0.0
724,0.8859845683862249,0.7849686554185251,0.0
725,0.9913424700156157,0.9827598928566619,0.0
726,0.9447749479839782,0.8925997023381287,0.0
727,0.9746199872802422,0.9498841196061395,0.0
728,0.7615701129781316,0.5799890369815242,0.0
729,0.9383099456070905,0.8804255540251811,0.0
730,0.9453965712982779,0.8937746770225399,0.0
731,0.9826578118456144,0.9656163751812109,0.0
732,0.9587655514315472,0.9192313826118388,0.0
733,0.9832189356559453,0.9667194754324099,0.0
734,0.9683574038152019,0.9377160615237179,0.0
735,0.9800857957646139,0.9605681670595564,0.0
736,0.925711312766612,0.8569414345840841,0.0
737,0.9176346557659705,0.8420533614627311,0.0
738,0.9889463155988083,0.9780148151364577,0.0
739,0.9751213223679575,0.950861593336634,0.0
740,0.9366851915350526,0.8773791480410581,0.0
741,0.9465519748100583,0.8959606410168212,0.0
742,0.9822463093415077,0.9648078122150128,0.0
743,0.9814449914740953,0.9632342712895869,0.0
744,0.8987542185517599,0.8077591453645845,0.0
745,0.9569523924152104,0.9157578813491948,0.0
746,0.9897036463577684,0.9795133076138627,0.0
747,0.930446357882503,0.8657304248968147,0.0
748,0.9368237252875043,0.8776386922615574,0.0
749,0.975442981024618,0.9514890092301933,0.0
750,0.8578650078817908,0.735932371748025,0.0
751,0.8154112786221224,0.6648955533041645,0.0
752,0.8664722001395053,0.7507740736145949,0.0
753,0.8761684449980327,0.7676711440102707,0.0
754,0.9812207702425937,0.9627941999554688,0.0
755,0.9265920707860091,0.8585728656435045,0.0
756,0.9517821209425981,0.9058892057459904,0.0
757,0.927660611766581,0.8605542106231473,0.0
758,0.9964818093059965,0.9929759962777523,0.0
759,0.9692555576005508,0.9394563359395547,0.0
760,0.9758332439624375,0.9522505200222542,0.0
761,0.9497470162405709,0.9020193948578672,0.0
762,0.9524817863381196,0.9072215533058554,0.0
763,0.8993728191804712,0.8088714678806285,0.0
764,0.9858161118251936,0.9718334063341426,0.0
765,0.9887230135062929,0.977573197436965,0.0
766,0.9086279920476287,0.8256048279325056,0.0
767,0.7629840684758883,0.582144688748019,0.0
768,0.7595505757713994,0.5769170771546643,0.0
769,0.9968156389612053,0.993641418077636,0.0
770,0.9722067480445225,0.9451859609433055,0.0
771,0.9932589577236058,0.9865633570981838,0.0
772,0.965550825752404,0.9322883971111493,0.0
773,0.9863735709010841,0.9729328213721561,0.0
774,0.9840569593641798,0.968368099273075,0.0
775,0.9081515769339272,0.8247392866875788,0.0
776,0.8655184439362769,0.749122176793874,0.0
777,0.8302310834978744,0.6892836520060546,0.0
778,0.9886399828106042,0.9774090156117518,0.0
779,0.932489095250968,0.8695359127619688,0.0
780,0.9149920540085855,0.8372104588988503,0.0
781,0.9576389975633256,0.9170724496540912,0.0
782,0.9781659459703751,0.9568086178561188,0.0
783,0.9639187789350082,0.9291394123835572,0.0
784,0.9420945879437389,0.8875422126328832,0.0
785,0.9977210295887424,0.9954472528836202,0.0
786,0.9393553543714821,0.8823884817863727,0.0
787,0.9876984032864139,0.9755481358545315,0.0
788,0.9744642133493995,0.9495805030986639,0.0
789,0.7843918203301259,0.6152705278008085,0.0
790,0.980714378957065,0.9618006930931418,0.0
791,0.9447462577240973,0.8925454914836864,0.0
792,0.9460777636948403,0.8950631349578301,0.0
793,0.9251355152993517,0.8558757216681969,0.0
794,0.9517340321411214,0.9057976679355971,0.0
795,0.9207405787500531,0.8477632133569828,0.0
796,0.8614733284558015,0.7421362956407173,0.0
797,0.9901076490274469,0.9803131566626578,0.0
798,0.9753645303370103,0.9513359670395367,0.0
799,0.8518379088678556,0.725627822984361,0.0
800,0.980265171470329,0.9609198063977535,0.0
801,0.9492839896949956,0.9011400930912485,0.0
802,0.9526687143497521,0.9075776793008096,0.0
803,0.9804590234684056,0.9612998967006195,0.0
804,0.9804590234684056,0.9612998967006195,0.0
805,0.9947497451831993,0.9895270555420398,0.0
806,0.9676490611145536,0.9363447054758771,0.0
807,0.9672304489626804,0.9355347414005483,0.0
808,0.8937688164735034,0.798822697300447,0.0
809,0.9585236498694913,0.9187675873591312,0.0
810,0.949651141971679,0.901837291448114,0.0
811,0.9415267245941835,0.8864725731250515,0.0
812,0.916249113104831,0.8395124372653895,0.0
813,0.9875081682712621,0.9751723824024633,0.0
814,0.9693508346799449,0.9396410406947058,0.0
815,0.9816858069317407,0.9637070235312228,0.0
816,0.9947353544957257,0.9894984254837371,0.0
817,0.9693064720295275,0.9395550367183291,0.0
818,0.8098899059840189,0.655921659814803,0.0
819,0.9719899126453425,0.9447643902843006,0.0
820,0.9403267238284537,0.8842143475459531,0.0
821,0.9111371510276493,0.8301709079827814,0.0
822,0.9444698970877602,0.8920233865049644,0.0
823,0.9873305097630708,0.9748215355090052,0.0
824,0.9318774542583302,0.8683955897549863,0.0
825,0.9790678055618649,0.9585737678877257,0.0
826,0.9554976521189428,0.9129757632048122,0.0
827,0.8777264785356346,0.7704037711225658,0.0
828,0.937545496700621,0.8789915583836142,0.0
829,0.9909259846140185,0.981934306983262,0.0
830,0.9909259846140185,0.981934306983262,0.0
831,0.9137545393975144,0.8349473582695637,0.0
832,0.9117729264544434,0.8313298694152998,0.0
833,0.9938543697869177,0.9877465083445512,0.0
834,0.9725463735702322,0.9458464487446097,0.0
835,0.9943295749472542,0.9886913036147871,0.0
836,0.9840739709834219,0.9684015803670806,0.0
837,0.9825174764479246,0.9653405915255981,0.0
838,0.9888545671061358,0.9778333548866633,0.0
839,0.9166051063033953,0.8401649209014587,0.0
840,0.8044713704843375,0.6471741859289482,0.0
841,0.85084822966169,0.723942709918432,0.0
842,0.9628977660474629,0.9271721078591946,0.0
843,0.8571595886132999,0.7347225603517215,0.0
844,0.7757440780000465,0.6017788745521423,0.0
845,0.9442250001044231,0.8915608508221978,0.0
846,0.9580165833893229,0.9177957740489515,0.0
847,0.8458021442780889,0.7153812672654131,0.0
848,0.8458021442780889,0.7153812672654131,0.0
849,0.9851354161557021,0.9704917881642684,0.0
850,0.9150816445992399,0.8373744162824496,0.0
851,0.9421383416757723,0.8876246548555742,0.0
852,0.9386830792397718,0.8811259232510597,0.0
853,0.9565895750419111,0.9150636150788641,0.0
854,0.9738711533940285,0.9484250234130154,0.0
855,0.9750073360600363,0.9506393053708886,0.0
856,0.9453944708868164,0.8937707055833635,0.0
857,0.9453944708868164,0.8937707055833635,0.0
858,0.9708198500390655,0.9424911812298735,0.0
859,0.9708198500390655,0.9424911812298735,0.0
860,0.9584675026856955,0.9186599537045537,0.0
861,0.9865312739932569,0.9732439545667585,0.0
862,0.9316626549966824,0.8679953027154673,0.0
863,0.9342378307161312,0.8728003243411826,0.0
864,0.9668805147679229,0.9348579298378836,0.0
865,0.8965380490278402,0.803780473354646,0.0
866,0.9510471815820191,0.9044907415951019,0.0
867,0.9108445178948611,0.8296377357791219,0.0
868,0.9695528017494313,0.9400326353801719,0.0
869,0.9508901593974002,0.9041920952388132,0.0
870,0.8396166948131577,0.7049561942089712,0.0
871,0.9569982852835079,0.9158457180355745,0.0
872,0.8592511703709974,0.7383125737839288,0.0
873,0.9712455152821179,0.9433178509556267,0.0
874,0.7012895700623408,0.49180706107822286,0.0
875,0.9653378764566457,0.9318772157218261,0.0
876,0.9653378764566457,0.9318772157218261,0.0
877,0.9653378764566457,0.9318772157218261,0.0
878,0.8506119874652113,0.7235407532195167,0.0
879,0.8879648884044152,0.7884816430390656,0.0
880,0.9827784904789328,0.9658535613480499,0.0
881,0.9616661940767695,0.9248018688300988,0.0
882,0.9118849820319462,0.8315342204554029,0.0
883,0.9455200238407563,0.8940081154838243,0.0
884,0.9208747838443458,0.8480103675203707,0.0
885,0.9036869408719944,0.8166500871025836,0.0
886,0.95137722913363,0.9051186321139835,0.0
887,0.9320128304822644,0.8686479161835621,0.0
888,0.9923020753690153,0.9846634087816548,0.0
889,0.87998845689548,0.774379684269288,0.0
890,0.9953640976916124,0.9907496869734377,0.0
891,0.9791160476476359,0.9586682347611277,0.0
892,0.8436793542036395,0.7117948527094702,0.0
893,0.8685159780044788,0.7543200040490763,0.0
894,0.9194222029985317,0.8453371873666733,0.0
895,0.9878302844223323,0.975808670821906,0.0
896,0.9878302844223323,0.975808670821906,0.0
897,0.9677420650072591,0.9365247043845142,0.0
898,0.9118935675832296,0.8315498785996701,0.0
899,0.9514067461289653,0.9051747965797053,0.0
900,0.9988113392523682,0.9976240914191093,0.0
901,0.9896910410763965,0.9794883567868815,0.0
902,0.903472526256007,0.8162626056994113,0.0
903,0.9487467479140564,0.9001203916774981,0.0
904,0.9678196684789793,0.9366749106947614,0.0
905,0.8769911109318692,0.7691134086535141,0.0
906,0.8288874629230875,0.6870544261910727,0.0
907,0.9667207395585476,0.9345489882926253,0.0
908,0.8127046315777393,0.6604888181879089,0.0
909,0.9645983199977481,0.9304499189424781,0.0
910,0.9623482623817263,0.926114178109128,0.0
911,0.983936548398764,0.9681311312748733,0.0
912,0.8695193036923665,0.7560638194936579,0.0
913,0.9754609465139266,0.9515240581738456,0.0
914,0.7824675387110694,0.6122554491365589,0.0
915,0.9710883065935169,0.9430124992026642,0.0
916,0.9710883065935169,0.9430124992026642,0.0
917,0.9337257020730121,0.8718436867117393,0.0
918,0.9083953465176144,0.8251821055748568,0.0
919,0.909801328207252,0.8277384568076799,0.0
920,0.9780378796198987,0.9565580939713876,0.0
921,0.9124340227202173,0.8325358458173981,0.0
922,0.9578320181907619,0.917442175071388,0.0
923,0.870015275820998,0.7569265801618873,0.0
924,0.9577922182381339,0.917365933317525,0.0
925,0.9297336967333802,0.864404746841517,0.0
926,0.9594715299418163,0.9205856167688896,0.0
927,0.9735385249142129,0.9477772594921415,0.0
928,0.9218954375651423,0.8498911978034251,0.0
929,0.9555406681314518,0.9130579684531013,0.0
930,0.8874284544883001,0.7875292618354929,0.0
931,0.9408956940960913,0.8852847071685654,0.0
932,0.8310711573481584,0.6906792685760075,0.0
933,0.9748175483891542,0.9502692526474411,0.0
934,0.9953466038315724,0.9907148617590451,0.0
935,0.9698171603522057,0.9405453245136158,0.0
936,0.9698171603522057,0.9405453245136158,0.0
937,0.9746354777183189,0.9499143144272157,0.0
938,0.9946021961081494,0.9892335285031536,0.0
939,0.9566875631738395,0.9152510935314991,0.0
940,0.9701148843014655,0.9411228887432459,0.0
941,0.9666014813289039,0.9343184237072313,0.0
942,0.9244424410906137,0.8545938268895727,0.0
943,0.7857421752920096,0.6173907660326192,0.0
944,0.9387277433421539,0.8812097761202528,0.0
945,0.986679101716066,0.9735356497632229,0.0
946,0.9380531470476831,0.8799437066860621,0.0
947,0.9728396910285895,0.9464170644406015,0.0
948,0.9882976857326953,0.9767323156246013,0.0
949,0.9713526143156975,0.9435259013379402,0.0
950,0.9403946258447702,0.8843420523177253,0.0
951,0.9628671314022044,0.9271131127347099,0.0
952,0.8647389304924091,0.7477734179091556,0.0
953,0.9509581301250317,0.9043213652508968,0.0
954,0.999436063958524,0.998872445940907,0.0
955,0.9797112175252283,0.9598340697447652,0.0
956,0.91812176004614,0.8429475662702218,0.0
957,0.8412856054076843,0.7077614698661738,0.0
958,0.961919488848149,0.9252891030258843,0.0
959,0.961919488848149,0.9252891030258843,0.0
960,0.9002371007327126,0.81042683753564,0.0
961,0.9076835689818045,0.8238894613995462,0.0
962,0.9403894343661338,0.884332288267457,0.0
963,0.9512045660148069,0.9047901264074171,0.0
964,0.9386643983136159,0.8810908526614626,0.0
965,0.9711118424594657,0.9430582105650182,0.0
966,0.8886370263108266,0.7896757645305488,0.0
967,0.9739684667746171,0.9486145742712985,0.0
968,0.9427412559343676,0.8887610756407088,0.0
969,0.9305197778342235,0.8658670569406526,0.0
970,0.9904749778581304,0.981040681763064,0.0
971,0.8797504038126358,0.7739607730084958,0.0
972,0.9966414275001448,0.9932941350095265,0.0
973,0.9835678241307151,0.9674056646652293,0.0
974,0.9984108010694196,0.9968241276920802,0.0
975,0.757039318427946,0.573108529645849,0.0
976,0.9828573228050036,0.9660085169914191,0.0
977,0.9554826440710545,0.9129470831210135,0.0
978,0.8895038792861705,0.7912171512651461,0.0
979,0.7685296543754894,0.5906378296545092,0.0
980,0.9529328750111262,0.9080810642769707,0.0
981,0.8223406104830111,0.6762440796495713,0.0
982,0.932288688206383,0.8691621981575784,0.0
983,0.9237168568807166,0.8532528316855903,0.0
984,0.9753045494085304,0.9512189640969765,0.0
985,0.9440274975287607,0.8911879160904143,0.0
986,0.959653429019617,0.9209347038291091,0.0
987,0.9639944526936346,0.9292853048241001,0.0
988,0.9706610476106312,0.9421828693485681,0.0
989,0.9786828382260876,0.9578200978382704,0.0
990,0.9382346457870128,0.8802842505550813,0.0
991,0.951730598220929,0.9057911315899674,0.0
992,0.9023744503240176,0.814279648597573,0.0
993,0.9506328809613466,0.9037028743648697,0.0
994,0.99976225438785,0.9995245652986762,0.0
995,0.9676471192520539,0.9363409473967987,0.0
996,0.9717343392854574,0.9442676261465444,0.0
997,0.9015802070044452,0.8128468696621782,0.0
998,0.9860554403088123,0.9723053313626058,0.0
999,0.9860554403088123,0.9723053313626058,0.0
1000,0.9860554403088123,0.9723053313626058,0.0
1001,0.9640041219183099,0.9293039470754916,0.0
1002,0.8940411262810085,0.7993095354818142,0.0
1003,0.9920284870656836,0.9841205191498291,0.0
1004,0.9770216928671919,0.9545713883330734,0.0
1005,0.987400893392369,0.9749605242720485,0.0
1006,0.898212232957887,0.8067852154351934,0.0
1007,0.8721970170514317,0.7607276365534155,0.0
1008,0.8691479805907644,0.7554182121650037,0.0
1009,0.9956790186752481,0.991376708230105,0.0
1010,0.9985273137457128,0.9970567962962291,0.0
1011,0.9838644633179657,0.9679892821799487,0.0
1012,0.8891503781784565,0.7905883950148923,0.0
1013,0.9975268265422043,0.9950597696713609,0.0
1014,0.9729090078690084,0.9465519375926582,0.0
1015,0.9337657013371617,0.8719183849936816,0.0
1016,0.9928079806323329,0.9856676864072507,0.0
1017,0.9868368249920624,0.9738469191604143,0.0
1018,0.9506604776282105,0.9037553437242973,0.0
1019,0.9786577782318948,0.9577710468937886,0.0
1020,0.8605432438016658,0.7405346744526933,0.0
1021,0.9152579783294907,0.8376971668957865,0.0
1022,0.97767361802512,0.9558457033823282,0.0
1023,0.8643586701844985,0.7471159107231147,0.0
1024,0.9390166970505661,0.8817523573397547,0.0
1025,0.9468977661492769,0.8966153795384907,0.0
1026,0.9616062181164395,0.9246865187202015,0.0
1027,0.9911579864681328,0.9823941541395633,0.0
1028,0.9197529252661303,0.8459454435356039,0.0
1029,0.9919479218406313,0.9839606796439472,0.0
1030,0.8992893115642786,0.8087212658937541,0.0
1031,0.8861268302992386,0.7852207593761755,0.0
1032,0.903647025086197,0.816577945947134,0.0
1033,0.9754222828918402,0.9514486299619291,0.0
1034,0.9421064571076733,0.8875645765239722,0.0
1035,0.9932787316564973,0.98660263876114,0.0
1036,0.9997398408816068,0.9994797494459805,0.0
1037,0.9357593412831785,0.8756455447987281,0.0
1038,0.8820532381448851,0.7780179149218774,0.0
1039,0.8158357621370819,0.6655879907817932,0.0
1040,0.8048097077161187,0.6477186656341044,0.0
1041,0.9814705227064714,0.9632843869417141,0.0
1042,0.9814705227064714,0.9632843869417141,0.0
1043,0.9942458802267738,0.9885248703479124,0.0
1044,0.9353272058873109,0.874836982072964,0.0
1045,0.9430770915003069,0.8893944005126783,0.0
1046,0.9928060341583974,0.9856638214613249,0.0
1047,0.9843753122211607,0.9689947553105076,0.0
1048,0.9498774348841074,0.9022671413020116,0.0
1049,0.9737903542091009,0.9482676539506861,0.0
1050,0.9592924633635672,0.9202420302661409,0.0
1051,0.9781690335794097,0.9568146582536763,0.0
1052,0.9403412057262457,0.8842415831866896,0.0
1053,0.9426042843809855,0.8885028369333898,0.0
1054,0.9975223012203556,0.9950507414319538,0.0
1055,0.9724250782838817,0.9456105328754134,0.0
1056,0.9779525690853103,0.9563912273805585,0.0
1057,0.9744717742467496,0.9495952388036081,0.0
1058,0.9909612276406544,0.9820041546870729,0.0
1059,0.9338432944396764,0.8720632985699481,0.0
1060,0.9233837723667473,0.852637591070245,0.0
1061,0.9478722349728032,0.8984617738323369,0.0
1062,0.9267182600624796,0.8588067335332296,0.0
1063,0.9514352344353862,0.9052290053251184,0.0
1064,0.9815788457340758,0.9634970303926407,0.0
1065,0.9815788457340758,0.9634970303926407,0.0
1066,0.8975571293361411,0.8056088004221342,0.0
1067,0.9720041299756637,0.9447920286897469,0.0
1068,0.9504550875251695,0.9033648734024776,0.0
1069,0.9761399468082099,0.9528491957547349,0.0
1070,0.9616134145078571,0.9247003589614597,0.0
1071,0.9616134145078571,0.9247003589614597,0.0
1072,0.9967631025508066,0.9935366826067098,0.0
1073,0.9951717781301394,0.9903668679867033,0.0
1074,0.8791326911746027,0.7728742886918993,0.0
1075,0.973213237785041,0.9471440062000427,0.0
1076,0.9820554231092523,0.9644328540582926,0.0
1077,0.9261677323489571,0.8577866684444094,0.0
1078,0.9963450406236161,0.9927034399752751,0.0
1079,0.9963450406236161,0.9927034399752751,0.0
1080,0.9676637381674054,0.9363731101641168,0.0
1081,0.944706629192517,0.8924706152402878,0.0
1082,0.9184465001745326,0.8435439736828476,0.0
1083,0.9698089896561343,0.9405294764178519,0.0
1084,0.9956162914564182,0.9912517998134314,0.0
1085,0.9956162914564182,0.9912517998134314,0.0
1086,0.9883150774153688,0.9767666922465464,0.0
1087,0.9796554175788641,0.9597247371916185,0.0
1088,0.9610892663711886,0.9236925779339096,0.0
1089,0.8540852890990918,0.7294616810554791,0.0
1090,0.9664044394320603,0.9339375405539948,0.0
1091,0.9380250765601077,0.8798910442555959,0.0
1092,0.9846131370456043,0.9694630296427859,0.0
1093,0.9793531219779689,0.9591325375279943,0.0
1094,0.9875803426289075,0.9753149331470303,0.0
1095,0.8919950146466388,0.7956551061544573,0.0
1096,0.9040631712595781,0.8173302176279253,0.0
1097,0.8949605810219173,0.8009544415830878,0.0
1098,0.895825223548697,0.8025028311460729,0.0
1099,0.9814232019499755,0.9631915013257423,0.0
1100,0.8639948199027119,0.7464870488187195,0.0
1101,0.8993166132651274,0.8087703708946586,0.0
1102,0.9391097460956445,0.8819271152118258,0.0
1103,0.996505018449221,0.9930222517944823,0.0
1104,0.9586040912294267,0.918921803721795,0.0
1105,0.9971628125793678,0.9943336747911954,0.0
1106,0.7204966126456099,0.519115368833798,0.0
1107,0.8867398275730844,0.7863075218043435,0.0
1108,0.9901937299119925,0.9804836227570239,0.0
1109,0.9964893596390534,0.9929910438738507,0.0
1110,0.9276692678189008,0.8605702704556555,0.0
1111,0.9379718647614047,0.8797912190839868,0.0
1112,0.8553890840270564,0.7316904850726466,0.0
1113,0.9544582960631087,0.9109906389236929,0.0
1114,0.9738596268231792,0.9484025727561818,0.0
1115,0.9440470124266496,0.8912247616716826,0.0
1116,0.9040511325850296,0.8173084503282747,0.0
1117,0.9107749381597643,0.8295109879799225,0.0
1118,0.996561932958106,0.9931356862211966,0.0
1119,0.9991856789011717,0.9983720209211955,0.0
1120,0.9709111497047962,0.9426684606210892,0.0
1121,0.9941565589076913,0.9883472636191818,0.0
1122,0.9941565589076913,0.9883472636191818,0.0
1123,0.9296184235766926,0.864190413453215,0.0
1124,0.7723385955070227,0.5965069061097603,0.0
1125,0.9942667043337854,0.988566279346767,0.0
1126,0.9422658660871035,0.8878649623928793,0.0
1127,0.9095776394084973,0.8273314821119344,0.0
1128,0.8554012648639175,0.73171132393079,0.0
1129,0.8835722529094628,0.7806999261115037,0.0
1130,0.9174457158553881,0.8417066415414056,0.0
1131,0.993372078250454,0.9867880858476262,0.0
1132,0.993372078250454,0.9867880858476262,0.0
1133,0.8690453069639235,0.7552397455560199,0.0
1134,0.9583431408531088,0.9184215756202015,0.0
1135,0.9532281887161346,0.9086439797630427,0.0
1136,0.9828267100639818,0.9659483420151902,0.0
1137,0.9891747886837292,0.9784667625675003,0.0
1138,0.949500910394217,0.9015519788394469,0.0
1139,0.9456183450855739,0.8941940545623794,0.0
1140,0.8802928346689058,0.7749154747694176,0.0
1141,0.9792855899602466,0.9590002667037882,0.0
1142,0.9158335863413879,0.8387511578709284,0.0
1143,0.8536352255436441,0.7286930982889481,0.0
1144,0.9420714792189959,0.887498671957867,0.0
1145,0.9475874671929753,0.8979220079811979,0.0
1146,0.9935516988295371,0.9871449782470592,0.0
1147,0.8751524094976049,0.7658917398494635,0.0
1148,0.9946595405783579,0.9893476016635501,0.0
1149,0.9984433237840729,0.9968890708089869,0.0
1150,0.9957721554674273,0.9915621856042461,0.0
1151,0.888503068538769,0.7894377028028086,0.0
1152,0.9554724782362815,0.9129276566669813,0.0
1153,0.8209398970071518,0.6739423144981129,0.0
1154,0.9926815103907695,0.9854165810716994,0.0
1155,0.8888853877441721,0.7901172325451072,0.0
1156,0.9853408496267945,0.9708965899432532,0.0
1157,0.9479173118571265,0.8985472301184407,0.0
1158,0.8819619192876204,0.777856827073503,0.0
1159,0.9556320582972645,0.9132326308454664,0.0
1160,0.9754140508146343,0.9514325705266139,0.0
1161,0.9896817187085908,0.9794699043459902,0.0
1162,0.9857808917847508,0.9717639666079386,0.0
1163,0.989577335686496,0.9792633033043839,0.0
1164,0.989577335686496,0.9792633033043839,0.0
1165,0.9525303511324386,0.9073140698284867,0.0
1166,0.9827533784511014,0.9658042028570538,0.0
1167,0.9637704464070173,0.9288534733675813,0.0
1168,0.9874332808453895,0.9750244841210899,0.0
1169,0.8962464053802075,0.8032576191569433,0.0
1170,0.9837685663537807,0.9678005921457731,0.0
1171,0.9938592809760075,0.9877562703821466,0.0
1172,0.8528242029592487,0.7273091211530778,0.0
1173,0.9527278253651655,0.9076903092250374,0.0
1174,0.9778327347063143,0.9561568570632292,0.0
1175,0.9207850054713879,0.8478450263009438,0.0
1176,0.9951207490168208,0.9902653051237984,0.0
1177,0.7105369899620354,0.5048628141043096,0.0
1178,0.8730621769515029,0.7622375648232974,0.0
1179,0.9872081424315715,0.974579916483194,0.0
1180,0.9526588101393403,0.9075588085361036,0.0
1181,0.6763178041896192,0.4574057722638681,0.0
1182,0.915624282751113,0.83836782716349,0.0
1183,0.9194649506656934,0.8454157955026661,0.0
1184,0.9768761115082649,0.9542869372355081,0.0
1185,0.9548622877784927,0.911761988621577,0.0
1186,0.9537033286619527,0.9095500391008886,0.0
1187,0.9361436095407958,0.8763648576840699,0.0
1188,0.9911189278455866,0.9823167291337852,0.0
1189,0.9591755900585801,0.9200178125642253,0.0
1190,0.9554837828300824,0.912949259251284,0.0
1191,0.9797282625787919,0.9598674684956582,0.0
1192,0.9059168585297166,0.8206853545683506,0.0
1193,0.9539699766626347,0.9100587163737078,0.0
1194,0.9433746165399414,0.8899556671318815,0.0
1195,0.8419197233409014,0.70882882055042,0.0
1196,0.9211448987606223,0.8485079245127172,0.0
1197,0.8725435747039206,0.7613322897570963,0.0
1198,0.9919158439765312,0.9838970415316742,0.0
1199,0.9948368476851984,0.9897003535122226,0.0
1200,0.9211159129813712,0.848454525147505,0.0
1201,0.9216929077794783,0.8495178162509899,0.0
1202,0.992364666974615,0.9847876322596385,0.0
1203,0.8356797924292247,0.6983607154745521,0.0
1204,0.9454784824950558,0.8939295608611536,0.0
1205,0.9369083351202493,0.8777972284177974,0.0
1206,0.9882525161549293,0.9766430356865488,0.0
1207,0.949901736103749,0.9023133082529163,0.0
1208,0.9882732810302329,0.9766840779982617,0.0
1209,0.989267684911592,0.9786505524103408,0.0
1210,0.996404334289021,0.992821597389947,0.0
1211,0.7170240516633635,0.5141234906637457,0.0
1212,0.9375474955527322,0.8789953064172004,0.0
1213,0.9724440646386087,0.9456474588508585,0.0
1214,0.9955717112464267,0.9911630322341385,0.0
1215,0.9955717112464267,0.9911630322341385,0.0
1216,0.9971066636081692,0.9942216986118148,0.0
1217,0.9881917504111302,0.9765229355806134,0.0
1218,0.9881917504111302,0.9765229355806134,0.0
1219,0.9929444512004612,0.985938683169785,0.0
1220,0.9456813329902911,0.8943131835662939,0.0
1221,0.9949591608925439,0.989943731843995,0.0
1222,0.9821711024996839,0.9646600745854446,0.0
1223,0.9782424513104673,0.9569582935459119,0.0
1224,0.9947477027562186,0.9895229921387743,0.0
1225,0.996633704378281,0.9932787407027749,0.0
1226,0.8658574219546443,0.749709075153943,0.0
1227,0.9549563895078083,0.9119417058617888,0.0
1228,0.9281534569783529,0.8614688397008673,0.0
1229,0.8524024362822544,0.7265899133799228,0.0
1230,0.7623896073109986,0.5812379133358186,0.0
1231,0.9065814218132373,0.821889874376911,0.0
1232,0.9493800484721556,0.9013224764369926,0.0
1233,0.9549769318956051,0.9119809404527431,0.0
1234,0.9599546717206636,0.921512971758327,0.0
1235,0.6924324145066569,0.47946264865951876,0.0
1236,0.8312444045110421,0.690967260030917,0.0
1237,0.9089568223884423,0.8262025049664943,0.0
1238,0.9905166183814412,0.9811231712898056,0.0
1239,0.8731208208766815,0.7623399678483702,0.0
1240,0.7609037355357389,0.5789744947522416,0.0
1241,0.8191591510621921,0.6710217147689312,0.0
1242,0.9707387448017208,0.9423337106592206,0.0
1243,0.9719231544055777,0.9446346180696885,0.0
1244,0.9908753943954508,0.9818340472183402,0.0
1245,0.9908753943954508,0.9818340472183402,0.0
1246,0.9908753943954508,0.9818340472183402,0.0
1247,0.9545596618126723,0.9111841479599232,0.0
1248,0.9728717658727923,0.9464794728324453,0.0
1249,0.9284840567678143,0.8620826436720178,0.0
1250,0.9708885802680436,0.9426246352948974,0.0
1251,0.9036121098617231,0.8165148450887548,0.0
1252,0.8203903403716161,0.6730403105750561,0.0
1253,0.8623081632123186,0.7435753683426027,0.0
1254,0.9825834687950279,0.9654702731492696,0.0
1255,0.882249298701972,0.7783638250601214,0.0
1256,0.9437348133965688,0.8906353980166566,0.0
1257,0.9204226815928878,0.8471779127906425,0.0
1258,0.9674137842163816,0.9358894298918597,0.0
1259,0.9805375850541734,0.9614539557038704,0.0
1260,0.9389596489508485,0.8816452223579007,0.0
1261,0.91591523646205,0.838900720383333,0.0
1262,0.9246229893316439,0.8549276724005852,0.0
1263,0.9404237178726924,0.8843967691374973,0.0
1264,0.9806885874292753,0.9617501055140274,0.0
1265,0.860378754402473,0.740251601027151,0.0
1266,0.9911707154980602,0.9824193872609367,0.0
1267,0.9071084124484843,0.8228456719348095,0.0
1268,0.8275688300230218,0.6848701684256732,0.0
1269,0.9234935704877679,0.8528403747322459,0.0
1270,0.9901223429872078,0.980342254082478,0.0
1271,0.9945190494342209,0.9890681396875463,0.0
1272,0.8992276479468135,0.8086103628319584,0.0
1273,0.8381107659103725,0.7024296559348712,0.0
1274,0.9976729690661627,0.9953513532052923,0.0
1275,0.9155082869863352,0.838155423540654,0.0
1276,0.9628736626018942,0.9271256901323864,0.0
1277,0.9064227976570294,0.821602288112396,0.0
1278,0.9327010587017855,0.8699312649034316,0.0
1279,0.959824853313243,0.9212637490377884,0.0
1280,0.8775668836428883,0.7701236352666906,0.0
1281,0.9951910573285501,0.9904052405867174,0.0
1282,0.9776700790280826,0.9558387834267772,0.0
1283,0.7068983416832944,0.49970526547459154,0.0
1284,0.8428535732072394,0.7104021458682113,0.0
1285,0.9731921522255553,0.9471029651534084,0.0
1286,0.9959847318563647,0.9919855860909947,0.0
1287,0.8358354670741275,0.6986209280190249,0.0
1288,0.8643283763669811,0.7470635421931817,0.0
1289,0.9767403546781559,0.9540217204568098,0.0
1290,0.9630062863465467,0.9273811075429671,0.0
1291,0.8964729145875114,0.8036636865890275,0.0
1292,0.8794625086748138,0.7734543041645969,0.0
1293,0.8388539400462586,0.7036759327311319,0.0
1294,0.9458795677653434,0.8946881567159529,0.0
1295,0.9519476085916325,0.906204249503328,0.0
1296,0.9400796561590954,0.883749759924203,0.0
1297,0.9541436750876933,0.9103901527098496,0.0
1298,0.9978353649639218,0.995675415572683,0.0
1299,0.7521771514041402,0.5657704670944469,0.0
1300,0.9284914942595461,0.8620964549123248,0.0
1301,0.9156687721229118,0.8384493002410809,0.0
1302,0.5111164013157443,0.261239975693957,0.0
1303,0.962750046921609,0.9268876528475604,0.0
1304,0.9575914739996486,0.9169814310768197,0.0
1305,0.8002594462619765,0.6404151813315253,0.0
1306,0.8267504266684422,0.6835162679964513,0.0
1307,0.932893229883249,0.8702897783620004,0.0
1308,0.8621838290570163,0.7433609550874183,0.0
1309,0.9863904585638827,0.9729661367458668,0.0
1310,0.9863904585638827,0.9729661367458668,0.0
1311,0.9123904090837495,0.8324562585880116,0.0
1312,0.9691797702980456,0.9393094271549725,0.0
1313,0.9508852978645304,0.9041828496949166,0.0
1314,0.9411389352926984,0.885742495523874,0.0
1315,0.991558089393047,0.9831874446407898,0.0
1316,0.9941999488215569,0.9884335382367865,0.0
1317,0.9938593682024699,0.9877564437638127,0.0
1318,0.9597386483462796,0.9210982731295438,0.0
1319,0.9924193458292171,0.9848961579760912,0.0
1320,0.990448949039481,0.9809891206534124,0.0
1321,0.9982664796419187,0.9965359643766694,0.0
1322,0.9320184727256908,0.8686584335019293,0.0
1323,0.8632408143116971,0.7451847034935218,0.0
1324,0.9205749687897976,0.8474582731623368,0.0
1325,0.9563392545084192,0.9145847697137189,0.0
1326,0.9720583119444204,0.9448973618202361,0.0
1327,0.950090188464849,0.9026713662171724,0.0
1328,0.9248519484187466,0.855351126493952,0.0
1329,0.9714348217817167,0.9436856129700757,0.0
1330,0.967568047097268,0.936187925763621,0.0
1331,0.9566529577039722,0.915184881483758,0.0
1332,0.999929459696681,0.9998589243692965,0.0
1333,0.9381600972816814,0.8801443681315738,0.0
1334,0.8427682964216183,0.7102584014533967,0.0
1335,0.9524926340220037,0.9072422178661746,0.0
1336,0.9684600535197309,0.93791487526344,0.0
1337,0.849741069530512,0.7220598852468584,0.0
1338,0.9747104798571786,0.9500605195434114,0.0
1339,0.9833654658275953,0.9670076393823236,0.0
1340,0.9110986264632395,0.8301007071432016,0.0
1341,0.9997558984498447,0.9995118564852562,0.0
1342,0.9746964246287377,0.9500331201840446,0.0
1343,0.9373649961956843,0.8786531360929352,0.0
1344,0.9700531129283522,0.9410030419019864,0.0
1345,0.9458374816413091,0.8946085416775738,0.0
1346,0.9766253634455506,0.9537971005251539,0.0
1347,0.9700865797196978,0.9410679721522616,0.0
1348,0.9437825395632665,0.8907254819844888,0.0
1349,0.9884591786897935,0.977051547936101,0.0
1350,0.9884591786897935,0.977051547936101,0.0
1351,0.9922778942973818,0.984615419511246,0.0
1352,0.9118760360460183,0.8315179051149992,0.0
1353,0.8841114700173395,0.781653091416221,0.0
1354,0.9928624088612525,0.985775762929769,0.0
1355,0.8933165074429893,0.7980143824701403,0.0
1356,0.9640243495046817,0.9293429464379248,0.0
1357,0.9583267488703207,0.9183901576003586,0.0
1358,0.9825384330861843,0.9653817724914542,0.0
1359,0.9825384330861843,0.9653817724914542,0.0
1360,0.9473259227783808,0.8974264039679107,0.0
1361,0.9282979706990961,0.86173712240406,0.0
1362,0.988214434030536,0.9765677676262926,0.0
1363,0.9953276744201156,0.9906771794665556,0.0
1364,0.9757539864776462,0.9520958421270186,0.0
1365,0.9582150503107647,0.9181760826420613,0.0
1366,0.9630981073021884,0.9275579642890576,0.0
1367,0.9425072897087557,0.8883199911541444,0.0
1368,0.9411110247205844,0.8856899608506283,0.0
1369,0.7353741337183619,0.5407751165420313,0.0
1370,0.9469455226000042,0.896705822772195,0.0
1371,0.8174385911966928,0.6682058503776339,0.0
1372,0.977973786965712,0.9564327279920559,0.0
1373,0.9837586106531382,0.9677810040341928,0.0
1374,0.9958088959424292,0.9916353572380797,0.0
1375,0.9866143743542699,0.9734079236824674,0.0
1376,0.9956384928772385,0.9912960084988589,0.0
1377,0.9436150116813147,0.8904092902703277,0.0
1378,0.987393210515454,0.9749453521720157,0.0
1379,0.9246430628217294,0.8549647936243485,0.0
1380,0.8984590213822344,0.8072286131031224,0.0
1381,0.9472837596201552,0.897346521240096,0.0
1382,0.939200902950684,0.8820983361033802,0.0
1383,0.9524297827776884,0.9071224911219548,0.0
1384,0.9962773193327634,0.9925684970168771,0.0
1385,0.9929783178252519,0.986005939671067,0.0
1386,0.998980844807369,0.9979627282920448,0.0
1387,0.9339948658353858,0.8723464094068604,0.0
1388,0.9949328410252123,0.9898913581505003,0.0
1389,0.9949328410252123,0.9898913581505003,0.0
1390,0.9868954245925681,0.9739625790817452,0.0
1391,0.9710860945459215,0.9430082030204505,0.0
1392,0.9670766843052858,0.9352373133269054,0.0
1393,0.9940794136386737,0.9881938806202093,0.0
1394,0.9688165012497554,0.9386054130938173,0.0
1395,0.9944362529415016,0.9889034611643341,0.0
1396,0.9788391137834636,0.9581260106723963,0.0
1397,0.9458051437587365,0.8945473699604842,0.0
1398,0.8361903540174169,0.6992143081517731,0.0
1399,0.9699176770801238,0.9407403003125032,0.0
1400,0.9085591111457956,0.8254796584460381,0.0
1401,0.9537117519202626,0.9095661057508165,0.0
1402,0.9927253539651243,0.9855036284051814,0.0
1403,0.941870056650045,0.8871192036139589,0.0
1404,0.927737729628905,0.8606972949769952,0.0
1405,0.9801816723105443,0.9607561107334953,0.0
1406,0.9474716143512769,0.8977024600014148,0.0
1407,0.9992187687899201,0.9984381479020438,0.0
1408,0.9723636218305078,0.9454910130593429,0.0
1409,0.9712392741430484,0.9433057276379156,0.0
1410,0.9828012592939436,0.9658983152697613,0.0
1411,0.8352403343521531,0.6976264161286965,0.0
1412,0.9980793952747717,0.996162479272054,0.0
1413,0.9716651215647444,0.9441331084654295,0.0
1414,0.9030706226066539,0.8155365494151696,0.0
1415,0.868353780623109,0.7540382883224465,0.0
1416,0.8886980848278386,0.7897842859766683,0.0
1417,0.7721010003502542,0.5961399547418632,0.0
1418,0.9133214672456557,0.8341561025317573,0.0
1419,0.7473549389970385,0.5585394048432671,0.0
1420,0.9221412121981627,0.8503444152342969,0.0
1421,0.8906840994520598,0.7933181650167268,0.0
1422,0.9294678346319584,0.8639104556154215,0.0
1423,0.9937075053687072,0.9874546062260993,0.0
1424,0.9657541490076595,0.9326810763255087,0.0
1425,0.893355827147526,0.7980846338984404,0.0
1426,0.9630493302758355,0.9274640125447353,0.0
1427,0.7953979977515255,0.6326579748271358,0.0
1428,0.9871073867511357,0.9743809929786563,0.0
1429,0.9700880768318019,0.9410708768112239,0.0
1430,0.9705371916141787,0.9419424403063371,0.0
1431,0.9494351179626163,0.901427043220687,0.0
1432,0.9887103425099366,0.9775481413861161,0.0
1433,0.9943109411329815,0.9886542476567554,0.0
1434,0.9779026081939274,0.9562935111124858,0.0
1435,0.9621024371963687,0.9256410996591925,0.0
1436,0.9996283999820829,0.999256938050739,0.0
1437,0.8293685524982684,0.6878521958730729,0.0
1438,0.9655603262461216,0.9323067436205169,0.0
1439,0.844010749249396,0.7123541448485268,0.0
1440,0.9534460744826198,0.9090594169463173,0.0
1441,0.9417540325794146,0.886900657879589,0.0
1442,0.8176832515715717,0.6686058999006582,0.0
1443,0.927046136612899,0.8594145394089019,0.0
1444,0.9791123032362246,0.9586609023485445,0.0
1445,0.9593640464560994,0.9203793736326209,0.0
1446,0.9357002742889633,0.8755350033044411,0.0
1447,0.9969117925816544,0.9938331221883675,0.0
1448,0.915212657889245,0.8376142091606962,0.0
1449,0.9075602265241338,0.8236655647685371,0.0
1450,0.8377393559023069,0.701807228427612,0.0
1451,0.9602071828511616,0.9219978339989641,0.0
1452,0.9602071828511616,0.9219978339989641,0.0
1453,0.8714956747124158,0.759504711042449,0.0
1454,0.8804342399404039,0.7751644508594367,0.0
1455,0.6929990240460112,0.48024764732872405,0.0
1456,0.9549272169539024,0.9118859896793253,0.0
1457,0.9964891359801977,0.992990598126561,0.0
1458,0.8968438601668913,0.8043289095190506,0.0
1459,0.8808346754909178,0.7758697255471904,0.0
1460,0.9558262357698645,0.9136037929859886,0.0
1461,0.9863756939265523,0.9729370095690877,0.0
1462,0.941203258678018,0.88586357414612,0.0
1463,0.9756593666372998,0.951911199707097,0.0
1464,0.9464596910615184,0.8957859468042648,0.0
1465,0.9967562468825331,0.9935230156993532,0.0
1466,0.9922966712574169,0.9846526837885502,0.0
1467,0.9239264025022672,0.8536399972407814,0.0
1468,0.973726106068554,0.9481425296394289,0.0
1469,0.8724487016358802,0.761166736986133,0.0
1470,0.9088412548074997,0.8259924264400705,0.0
1471,0.9471466448478175,0.8970867668464778,0.0
1472,0.9720791435673048,0.9449378613585449,0.0
1473,0.9720791435673048,0.9449378613585449,0.0
1474,0.9865703958159339,0.9733211459004084,0.0
1475,0.945828877920016,0.8945922663074366,0.0
1476,0.917922705078071,0.8425820924978434,0.0
1477,0.9658154605245312,0.9327995037882122,0.0
1478,0.9424563815929473,0.8882240312052712,0.0
1479,0.9903255652017235,0.9807447250921132,0.0
1480,0.9979800711105049,0.9959642223337284,0.0
1481,0.9189583403075048,0.8444844312207238,0.0
1482,0.9600365730789558,0.9216702216491853,0.0
1483,0.9447927752124508,0.8926333880936445,0.0
1484,0.9455059265746832,0.8939814571878503,0.0
1485,0.9415446257633779,0.8865062823038994,0.0
1486,0.9224902496990824,0.8509882607898754,0.0
1487,0.8632950626369179,0.74527836517328,0.0
1488,0.8356687006418022,0.698342177232358,0.0
1489,0.9445482712485098,0.8921714367185485,0.0
1490,0.9684247600221879,0.9378465158240322,0.0
1491,0.8689028935044281,0.7549922383403674,0.0
1492,0.9919778463070636,0.9840200475640004,0.0
1493,0.9980296350156628,0.996063152369497,0.0
1494,0.9066367289060029,0.821990158201377,0.0
1495,0.9421156721838595,0.8875819397744454,0.0
1496,0.9775193451380211,0.9555440701190656,0.0
1497,0.9731025160834307,0.9469285068079034,0.0
1498,0.9006542064861072,0.8111779996611194,0.0
1499,0.9853913855069539,0.9709961826313143,0.0
1500,0.9599357059451554,0.9214765595484239,0.0
1501,0.995442531041022,0.990905832605356,0.0
1502,0.9982480460586389,0.9964991614598905,0.0
1503,0.9953687900056981,0.9907590281174076,0.0
1504,0.9953687900056981,0.9907590281174076,0.0
1505,0.9766730750000233,0.9538902954300011,0.0
1506,0.9615272115515098,0.9245345785540219,0.0
1507,0.9950100715461118,0.9900450424781985,0.0
1508,0.963321821509181,0.9279889317957664,0.0
1509,0.9496400155360165,0.9018161591072457,0.0
1510,0.965152973481149,0.9315202622195036,0.0
1511,0.9347587508877624,0.8737739223612498,0.0
1512,0.9554494823248292,0.912883713274784,0.0
1513,0.9868685656403284,0.9739095658489992,0.0
1514,0.9820382996420135,0.9643992219637771,0.0
1515,0.8655268464886424,0.749136721992574,0.0
1516,0.970938288531816,0.942721160137092,0.0
1517,0.9392598359306067,0.8822090393923901,0.0
1518,0.8871594446415556,0.7870518802167134,0.0
1519,0.8741092834230182,0.7640670393663024,0.0
1520,0.9791762254476414,0.9587860804818902,0.0
1521,0.9560752448112404,0.9140798737408733,0.0
1522,0.9891559255765637,0.9784294451032285,0.0
1523,0.7476975224743472,0.5590515851142769,0.0
1524,0.9216185064642148,0.84938067145733,0.0
1525,0.9178542179798973,0.8424563654634888,0.0
1526,0.9249602962451289,0.8555515496298766,0.0
1527,0.9918506846252665,0.9837677805916099,0.0
1528,0.9960267246788248,0.9920692362744274,0.0
1529,0.9130901301714596,0.833733585816533,0.0
1530,0.8384084054799086,0.7029286543793628,0.0
1531,0.7712312933406947,0.5947977078279607,0.0
1532,0.9651235699015092,0.9314635051794332,0.0
1533,0.9741908858685802,0.9490478821094089,0.0
1534,0.9678216717104697,0.9366787882324482,0.0
1535,0.9963319691502485,0.9926773927508117,0.0
1536,0.9466801301698529,0.8962032688584095,0.0
1537,0.9294249293440606,0.863830699286212,0.0
1538,0.9932216634538509,0.9864892727540346,0.0
1539,0.8709327204710117,0.7585238035870373,0.0
1540,0.9974120900583994,0.9948308773946646,0.0
1541,0.94378288616894,0.8907261362253744,0.0
1542,0.9263048339939481,0.8580406454805558,0.0
1543,0.9383557101906493,0.8805114388473979,0.0
1544,0.9725120777805264,0.9457797414289966,0.0
1545,0.9655121097428302,0.932213634060051,0.0
1546,0.9868957078525638,0.9739631381778129,0.0
1547,0.9868957078525638,0.9739631381778129,0.0
1548,0.9868957078525638,0.9739631381778129,0.0
1549,0.9820355448614815,0.9643938113713868,0.0
1550,0.9921479062013004,0.9843574677796245,0.0
1551,0.9697270153181613,0.9403704842378694,0.0
1552,0.7872265681661572,0.6197256696266654,0.0
1553,0.9948080893857996,0.9896431347074249,0.0
1554,0.9948080893857996,0.9896431347074249,0.0
1555,0.9788729421712649,0.9581922369150284,0.0
1556,0.7755866065482093,0.6015345842569668,0.0
1557,0.9913356996661157,0.9827464694325071,0.0
1558,0.9913356996661157,0.9827464694325071,0.0
1559,0.9913356996661157,0.9827464694325071,0.0
1560,0.9178648326021518,0.8424758509277761,0.0
1561,0.961009384379767,0.9235390368659788,0.0
1562,0.9226754744316185,0.8513300311176122,0.0
1563,0.9734439060908583,0.9475930383054277,0.0
1564,0.9613138847602312,0.924124385032807,0.0
1565,0.9881059727502651,0.9763534133847477,0.0
1566,0.7487288934105435,0.560594955827777,0.0
1567,0.9952426118589655,0.9905078564598554,0.0
1568,0.9864176624377775,0.9730198047692091,0.0
1569,0.9266750100338261,0.8587265742211918,0.0
1570,0.9736082684274724,0.9479130603503412,0.0
1571,0.9350094884727109,0.8742427435340006,0.0
1572,0.8753684075101424,0.7662698488668428,0.0
1573,0.8174079503278878,0.6681557572592387,0.0
1574,0.9438568635581573,0.8908657788858421,0.0
1575,0.9626148815545054,0.9266274101901943,0.0
1576,0.9652328699797453,0.9316744932893359,0.0
1577,0.9652328699797453,0.9316744932893359,0.0
1578,0.9775850843103855,0.9556725970661435,0.0
1579,0.8909634518068051,0.7938158724554972,0.0
1580,0.9367302550307002,0.8774635706898806,0.0
1581,0.9765115974631756,0.9535748999800832,0.0
1582,0.9715017429056416,0.9438156364686994,0.0
1583,0.8525440482976011,0.7268313542876624,0.0
1584,0.959888888717483,0.9213866786832845,0.0
1585,0.959888888717483,0.9213866786832845,0.0
1586,0.9699318632481566,0.9407678193440407,0.0
1587,0.9390145503595521,0.8817483257869517,0.0
1588,0.9290362331018246,0.8631083224160278,0.0
1589,0.9188972223373856,0.8443721052193627,0.0
1590,0.9490665942396962,0.9007274003017361,0.0
1591,0.9875324577103737,0.975220355031491,0.0
1592,0.9075701880802008,0.8236836462919311,0.0
1593,0.8998882936741361,0.8097989410917483,0.0
1594,0.936040049054338,0.8761709734336475,0.0
1595,0.9268100882225365,0.8589769396310659,0.0
1596,0.9288884470779604,0.8628337471149048,0.0
1597,0.9733311636870465,0.9473735542043802,0.0
1598,0.982767645222699,0.9658322444965688,0.0
1599,0.9823287218539809,0.9649697177792758,0.0
1600,0.9722837946046984,0.9453357772509113,0.0
1601,0.8431393556240129,0.7108839730020756,0.0
1602,0.8962061402084702,0.8031854457473642,0.0
1603,0.9993404729893831,0.998681380954644,0.0
1604,0.9880896931673206,0.9763212417434899,0.0
1605,0.9880896931673206,0.9763212417434899,0.0
1606,0.9047710920921391,0.8186107290856021,0.0
1607,0.9856170753262117,0.9714410191745952,0.0
1608,0.9555340752389587,0.913045368942772,0.0
1609,0.9919328332025548,0.9839307455852473,0.0
1610,0.9675153467935289,0.9360859462810025,0.0
1611,0.9602469842558904,0.9220742707725322,0.0
1612,0.8888550213521216,0.7900632489828805,0.0
1613,0.948851889355201,0.9003199079329347,0.0
1614,0.9373033319531638,0.8785375360905029,0.0
1615,0.9434780101600536,0.8901507556555742,0.0
1616,0.8906522888398432,0.7932614996156514,0.0
1617,0.8952840647196824,0.8015335565409963,0.0
1618,0.9564341779804244,0.9147663368090901,0.0
1619,0.9987478607601036,0.9974972893728833,0.0
1620,0.9822317950850811,0.9647792992760607,0.0
1621,0.9562084673705267,0.9143346330710915,0.0
1622,0.9889586714274426,0.9780392537915324,0.0
1623,0.969730499053829,0.9403772407951883,0.0
1624,0.9357337252451788,0.8755976045612198,0.0
1625,0.9896073384037694,0.9793226842225925,0.0
1626,0.9808200753981534,0.9620080203040393,0.0
1627,0.9838537118369074,0.9679681262952604,0.0
1628,0.6686568466207661,0.4471019785328267,0.0
1629,0.8627455947239825,0.7443299612156382,0.0
1630,0.932903448475569,0.8703088441776087,0.0
1631,0.9554054897048361,0.9127996497581377,0.0
1632,0.9644561608818065,0.9301756862628731,0.0
1633,0.8319902470536988,0.6922077711924748,0.0
1634,0.971097914537026,0.943031159618161,0.0
1635,0.998407546944744,0.9968176297962211,0.0
1636,0.9581777981655892,0.9181046928974567,0.0
1637,0.9922187056621826,0.984497959865937,0.0
1638,0.8896196731859725,0.7914231629195164,0.0
1639,0.9463256858259863,0.8955323036540234,0.0
1640,0.9788150094869672,0.9580788227969717,0.0
1641,0.968705706943355,0.9383907466646252,0.0
1642,0.9950554124677737,0.9901352738814113,0.0
1643,0.837252249746897,0.7009913297062405,0.0
1644,0.8787898090021441,0.7722715284060249,0.0
1645,0.9673947311674287,0.9358525658905016,0.0
1646,0.9369082480100136,0.8777970651891932,0.0
1647,0.9933492040762373,0.9867426412388941,0.0
1648,0.9620663602195043,0.925571681466005,0.0
1649,0.8647117315731649,0.7477263787202613,0.0
1650,0.968497790058495,0.9379879693481887,0.0
1651,0.9900704709097627,0.9802395373674794,0.0
1652,0.8907867860832037,0.7935010982604433,0.0
1653,0.9506878807912984,0.90380744668345,0.0
1654,0.9201460192810886,0.8466686967988335,0.0
1655,0.9851708964340138,0.9705616951805983,0.0
1656,0.9518316203887672,0.9059834335719062,0.0
1657,0.9575786178254255,0.9169568093164524,0.0
1658,0.9721747782009985,0.9451237993701607,0.0
1659,0.938814447581891,0.8813725669884912,0.0
1660,0.938814447581891,0.8813725669884912,0.0
1661,0.9930574188797281,0.9861630371920678,0.0
1662,0.9951129214536193,0.990249726443957,0.0
1663,0.9691898068546384,0.9393288817109313,0.0
1664,0.9983493850303746,0.9967014945905271,0.0
1665,0.8801476512449963,0.7746598879920836,0.0
1666,0.9267059721347997,0.8587839587903041,0.0
1667,0.8047293639120361,0.6475893491422702,0.0
1668,0.8864693701668335,0.7858279442439824,0.0
1669,0.976284235830405,0.9531309091309579,0.0
1670,0.9419447431533909,0.8872598991543076,0.0
1671,0.9472329911088111,0.897250339444945,0.0
1672,0.9500328871777592,0.902562486719309,0.0
1673,0.9937160199174666,0.9874715282406109,0.0
1674,0.9268099351365927,0.8589766558678952,0.0
1675,0.8492126189310871,0.7211620721517958,0.0
1676,0.8993542615539712,0.8088380877752889,0.0
1677,0.8721330118027809,0.7606159902761895,0.0
1678,0.9354532710423469,0.8750728223038265,0.0
1679,0.9452270297837675,0.8934541378338433,0.0
1680,0.8848196499130037,0.7829058128721703,0.0
1681,0.6920100100912252,0.4788778540664576,0.0
1682,0.7310610514190313,0.5344502609018996,0.0
1683,0.9381701162743256,0.8801631670701815,0.0
1684,0.9669277551970049,0.934949283770319,0.0
1685,0.9964519220511843,0.9929164329594994,0.0
1686,0.9792086903509571,0.9588496592588367,0.0
1687,0.9923283395513796,0.9847155334767981,0.0
1688,0.9352241964473071,0.8746442976205113,0.0
1689,0.8694599286457518,0.7559605675206759,0.0
1690,0.7988109311074066,0.638098903656682,0.0
1691,0.9458174809721857,0.8945707073125708,0.0
1692,0.8842981971926549,0.7819833015581795,0.0
1693,0.9859430453257139,0.9720836886261427,0.0
1694,0.9653300285798949,0.9318620640780607,0.0
1695,0.8986970478958646,0.8076563838967419,0.0
1696,0.9621692265741163,0.9257696205662331,0.0
1697,0.9920611351453487,0.9841852958658778,0.0
1698,0.9328309915453995,0.8701736587875732,0.0
1699,0.9294550044615421,0.8638866053186052,0.0
1700,0.9587913537760252,0.9192808600756631,0.0
1701,0.777242126408879,0.6041053230645959,0.0
1702,0.9943676731364058,0.9887670693787101,0.0
1703,0.9468948325135815,0.8966098238409236,0.0
1704,0.95999823403789,0.9215966093558674,0.0
1705,0.975975998842914,0.9525291503174236,0.0
1706,0.8614195914989616,0.742043712618238,0.0
1707,0.9409047924289907,0.8853018284158422,0.0
1708,0.999422864711091,0.9988460625073237,0.0
1709,0.900091837457993,0.8101653158585062,0.0
1710,0.9510867999533501,0.9045661010455038,0.0
1711,0.9762688670208723,0.9531009007142177,0.0
1712,0.8143501939241754,0.6631662383443421,0.0
1713,0.9928054239590665,0.9856626098425417,0.0
1714,0.9418307029080053,0.8870450729401873,0.0
1715,0.9169276222928486,0.8407562645236168,0.0
1716,0.8899561670006089,0.7920219791824156,0.0
1717,0.9861206391620082,0.9724339149812876,0.0
1718,0.9737143758463886,0.9481196857299222,0.0
1719,0.9907637220778733,0.9816127529856015,0.0
1720,0.9907637220778733,0.9816127529856015,0.0
1721,0.9568909765125426,0.9156403409311274,0.0
1722,0.8008530418598536,0.6413655946561805,0.0
1723,0.9425286335609016,0.8883602250821803,0.0
1724,0.9654660952103111,0.9321247810006456,0.0
1725,0.9979893101534771,0.9959826631806132,0.0
1726,0.7773079477700988,0.6042076456665627,0.0
1727,0.9169679412577396,0.8408302052944574,0.0
1728,0.9820784038584744,0.9644779913252088,0.0
1729,0.96990460648925,0.940714945689067,0.0
1730,0.913455747056846,0.8344014018311805,0.0
1731,0.9971331717779145,0.994274562259884,0.0
1732,0.8876364882059704,0.7878985351946278,0.0
1733,0.870736791534936,0.7581825601325546,0.0
1734,0.9721473178276527,0.9450704075594992,0.0
1735,0.9899930163363341,0.9800861723947131,0.0
1736,0.9634353287541386,0.9282076326915951,0.0
1737,0.8866047460262566,0.786067975676283,0.0
1738,0.5914769089624461,0.34984493383576976,0.0
1739,0.8091783684146767,0.6547696319102383,0.0
1740,0.9710591597064095,0.9429558916497182,0.0
1741,0.9742879618680785,0.9492370326410544,0.0
1742,0.9713874204785142,0.9435935206639018,0.0
1743,0.987330532863751,0.9748215811250186,0.0
1744,0.9296473641648902,0.864244221698728,0.0
1745,0.9840182783691965,0.9682919721646776,0.0
1746,0.9538276884316783,0.9097872592189188,0.0
1747,0.9335192154001752,0.8714581255213588,0.0
1748,0.9780660420308654,0.9566131825739227,0.0
1749,0.9182215785666273,0.843130867345389,0.0
1750,0.9727395008718643,0.9462221365564437,0.0
1751,0.9981437474970312,0.9962909406674171,0.0
1752,0.9981437474970312,0.9962909406674171,0.0
1753,0.9981437474970312,0.9962909406674171,0.0
1754,0.9834830078238663,0.9672388266782791,0.0
1755,0.9592789266452536,0.9202160591056698,0.0
1756,0.9908030492479933,0.9816906823991215,0.0
1757,0.9652865706750384,0.931778163525576,0.0
1758,0.9933402609382584,0.9867248740008874,0.0
1759,0.9925785805854924,0.9852122386371108,0.0
1760,0.9706862448747154,0.9422317859889761,0.0
1761,0.9814228779572155,0.9631908653778235,0.0
1762,0.9347915581256259,0.8738352571429353,0.0
1763,0.6404149334952037,0.4101312870436662,0.0
1764,0.851455345511704,0.7249762054004553,0.0
1765,0.8337907219477381,0.6952069680061302,0.0
1766,0.9693092934846707,0.9395605064357514,0.0
1767,0.9877101236350817,0.9755712883312284,0.0
1768,0.8835944796754791,0.7807392045129806,0.0
1769,0.9360341300700006,0.8761598926559028,0.0
1770,0.9469028479943926,0.8966250035398918,0.0
1771,0.9886049504948216,0.9773397481428686,0.0
1772,0.9325202395296048,0.8695939971323515,0.0
1773,0.9748553053450933,0.9503428663594752,0.0
1774,0.9896291886182378,0.9793659309651916,0.0
1775,0.8998564110695703,0.8097415605430074,0.0
1776,0.9480415029205607,0.8987826912598754,0.0
1777,0.7193414889943394,0.5174521777885932,0.0
1778,0.9992781304279297,0.9985567819515384,0.0
1779,0.808971179803112,0.6544343697520388,0.0
1780,0.9080875146168808,0.8246229342030637,0.0
1781,0.9778923611480251,0.9562734699916596,0.0
1782,0.9778923611480251,0.9562734699916596,0.0
1783,0.9363559561638534,0.8767624766435241,0.0
1784,0.9465569019697552,0.8959699686665807,0.0
1785,0.8629499461154142,0.7446826095005963,0.0
1786,0.9658974247412787,0.9329578351218342,0.0
1787,0.9536173275140194,0.9093860073349805,0.0
1788,0.9690227837204586,0.9390051553693467,0.0
1789,0.9478063268087107,0.8983368331386204,0.0
1790,0.9929091346807402,0.9858685497324562,0.0
1791,0.9885905067179754,0.9773111899729034,0.0
1792,0.959688719439411,0.9210024382192565,0.0
1793,0.9848886426729543,0.9700056384661743,0.0
1794,0.9895241239898618,0.9791579919579033,0.0
1795,0.9031263203193778,0.8156371504536194,0.0
1796,0.9577650955141216,0.9173139781851745,0.0
1797,0.9545912868241714,0.9112445248806275,0.0
1798,0.9032254035895653,0.8158161296895331,0.0
1799,0.9826484154353504,0.9655979083576051,0.0
1800,0.8854140150538651,0.783957978053806,0.0
1801,0.8117214873416811,0.658891773012191,0.0
1802,0.984332409400706,0.9689102921965991,0.0
1803,0.9953651990621816,0.9907518795040964,0.0
1804,0.9223199398843114,0.8506740715081997,0.0
1805,0.9240613557819938,0.8538893892496565,0.0
1806,0.9750329273726006,0.9506892094607831,0.0
1807,0.9611517296954954,0.9238126474966427,0.0
1808,0.9687925249117735,0.9385589563249292,0.0
1809,0.9637481555768663,0.9288105073778118,0.0
1810,0.9633089047045598,0.9279640458830986,0.0
1811,0.7951412046831245,0.6322495353849306,0.0
1812,0.9574038908935978,0.9166222102982001,0.0
1813,0.981335321761542,0.9630190137368292,0.0
1814,0.981335321761542,0.9630190137368292,0.0
1815,0.9802193044557759,0.960829884827765,0.0
1816,0.9919043871063993,0.9838743131609216,0.0
1817,0.9919043871063993,0.9838743131609216,0.0
1818,0.9919043871063993,0.9838743131609216,0.0
1819,0.9919043871063993,0.9838743131609216,0.0
1820,0.9600749781948849,0.9217439637559086,0.0
1821,0.8982536912037817,0.8068596937612189,0.0
1822,0.9758677146625473,0.9523177965207028,0.0
1823,0.9377533363752202,0.8793813198828568,0.0
1824,0.9800516770378268,0.9605012896646568,0.0
1825,0.7377299122656475,0.5442454234514801,0.0
1826,0.7635074661453588,0.5829436508597062,0.0
1827,0.9649591518406678,0.931146164721061,0.0
1828,0.949392426803352,0.9013459800715581,0.0
1829,0.8893655413415382,0.7909710661257273,0.0
1830,0.9478226967406976,0.8983678644568085,0.0
1831,0.9694758960644947,0.9398835130500549,0.0
1832,0.9556274259376162,0.9132237772041542,0.0
1833,0.9250508534234563,0.8557190814194647,0.0
1834,0.9946843935023024,0.9893970426770432,0.0
1835,0.9399244651235347,0.8834580001377628,0.0
1836,0.976554260134727,0.9536582229872841,0.0
1837,0.9999741680976427,0.9999483368625727,0.0
1838,0.9098330244781658,0.8277961324310867,0.0
1839,0.9863195571026285,0.9728262687231253,0.0
1840,0.9976554650805339,0.9953164270050565,0.0
1841,0.9976554650805339,0.9953164270050565,0.0
1842,0.9833324450457548,0.9669426974796623,0.0
1843,0.9402982660698739,0.8841608291740113,0.0
1844,0.9604762101780395,0.9225145503179696,0.0
1845,0.9766417568761658,0.9538291212741639,0.0
1846,0.9949916887953437,0.9900084607718102,0.0
1847,0.9409789094249581,0.8854413079825835,0.0
1848,0.7886759171616189,0.6220097023107207,0.0
1849,0.9958689734472703,0.99175501227492,0.0
1850,0.9958689734472703,0.99175501227492,0.0
1851,0.9980605992580687,0.9961249597913752,0.0
1852,0.9241287257129556,0.8540139016878511,0.0
1853,0.978628241292196,0.9577132346546567,0.0
1854,0.9408927719274357,0.8852792082652935,0.0
1855,0.9837236201916818,0.9677121609230283,0.0
1856,0.9950513310999625,0.9901271515238071,0.0
1857,0.9636636936793181,0.9286477145156667,0.0
1858,0.9460608142326372,0.8950310642265205,0.0
1859,0.8296664228999483,0.6883463732875958,0.0
1860,0.9855031545772661,0.9712164676817429,0.0
1861,0.9175518135710887,0.841901330587594,0.0
1862,0.885282728623648,0.7837255095993315,0.0
1863,0.932283239678653,0.8691520389857248,0.0
1864,0.9822145749856801,0.9647454713143002,0.0
1865,0.9822145749856801,0.9647454713143002,0.0
1866,0.8921678355391681,0.7959634467706441,0.0
1867,0.9177145183550891,0.8421999371997132,0.0
1868,0.9076803093324188,0.8238835439497956,0.0
1869,0.9798581171353135,0.9601219297159617,0.0
1870,0.9879475078510194,0.9760402782690399,0.0
1871,0.9860270239822929,0.9722492920233773,0.0
1872,0.9559676718711814,0.9138741896628066,0.0
1873,0.8888436643070727,0.7900430595788243,0.0
1874,0.9161494006190655,0.8393297242546729,0.0
1875,0.966156660085693,0.9334586918279414,0.0
1876,0.9747556757041413,0.9501486273174372,0.0
1877,0.995924143929767,0.9918649004622393,0.0
1878,0.9351676948630124,0.8745386175154003,0.0
1879,0.9566869999230369,0.9152500158217407,0.0
1880,0.9566869999230369,0.9152500158217407,0.0
1881,0.9845606917881802,0.9693597558144199,0.0
1882,0.93146795098821,0.8676325437181744,0.0
1883,0.9722917372996135,0.9453512224211006,0.0
1884,0.9971839977479819,0.9943759253646473,0.0
1885,0.938129068007016,0.8800861482397124,0.0
1886,0.9871403606618571,0.9744460916476212,0.0
1887,0.8634462284689531,0.7455393894572596,0.0
1888,0.9920931808850452,0.984248879558607,0.0
1889,0.93415949672112,0.8726539653142562,0.0
1890,0.9298172704033991,0.8645601563404278,0.0
1891,0.8757688501049746,0.7669710788141895,0.0
1892,0.9883697898224544,0.9768748414336826,0.0
1893,0.9341865162867083,0.8727044472118964,0.0
1894,0.9716281632207158,0.9440612875636619,0.0
1895,0.9730104058009164,0.9467492497968639,0.0
1896,0.9101729862982136,0.8284148649870082,0.0
1897,0.9873067354420848,0.9747745898493069,0.0
1898,0.9386058638127831,0.8809809675837408,0.0
1899,0.7534739148302,0.5677229403295475,0.0
1900,0.8760404400239357,0.7674468525573308,0.0
1901,0.7750510228086894,0.6007040879567956,0.0
1902,0.849369862987148,0.7214291641508066,0.0
1903,0.9444033856651471,0.8918977548557927,0.0
1904,0.9977621763875515,0.9955293606296234,0.0
1905,0.9977621763875515,0.9955293606296234,0.0
1906,0.9747350131967444,0.9501083459516575,0.0
1907,0.75600013671441,0.5715362067122066,0.0
1908,0.9181035790458353,0.8429141818567724,0.0
1909,0.6546124030253262,0.4285173981945921,0.0
1910,0.9982123702702763,0.9964279361606032,0.0
1911,0.9982123702702763,0.9964279361606032,0.0
1912,0.9858311990901829,0.9718631530995878,0.0
1913,0.7772153401956741,0.6040636850354774,0.0
1914,0.9878814394675502,0.9759097384444791,0.0
1915,0.8611903432699598,0.7416488073414312,0.0
1916,0.9923160331037897,0.9846911095548414,0.0
1917,0.9923160331037897,0.9846911095548414,0.0
1918,0.9967625504572424,0.9935355819940267,0.0
1919,0.987291923833427,0.9747453428667094,0.0
1920,0.9384188887733554,0.8806300108066193,0.0
1921,0.9487663718380561,0.9001576283307485,0.0
1922,0.9868668171383256,0.9739061147687293,0.0
1923,0.9905687458701062,0.9812264402946751,0.0
1924,0.8014655211078439,0.6423469815246677,0.0
1925,0.8900515698738055,0.7921917970348257,0.0
1926,0.9077361733929203,0.823984960486022,0.0
1927,0.9764401507440954,0.9534353679851517,0.0
1928,0.9764401507440954,0.9534353679851517,0.0
1929,0.9764401507440954,0.9534353679851517,0.0
1930,0.972884590494448,0.9465044264215497,0.0
1931,0.9807531582368946,0.9618767573916431,0.0
1932,0.9615002943789205,0.9244828160907508,0.0
1933,0.9876840042409527,0.9755196922334423,0.0
1934,0.9391386491038036,0.8819814022405172,0.0
1935,0.9486809208569302,0.8999954895979532,0.0
1936,0.9543683967800312,0.910819036772487,0.0
1937,0.9988717927337243,0.9977448583190842,0.0
1938,0.9988717927337243,0.9977448583190842,0.0
1939,0.9309474785870465,0.8666632078875794,0.0
1940,0.9298987001097702,0.8647115924658403,0.0
1941,0.9571377408691819,0.9161126549961612,0.0
1942,0.8194888236477704,0.6715619320836066,0.0
1943,0.8854679018253525,0.7840534051629922,0.0
1944,0.9435419135148648,0.8902713425592926,0.0
1945,0.9151507835764761,0.8375009566806381,0.0
1946,0.9646493845502796,0.9305484351132332,0.0
1947,0.9624396776221926,0.9262901330615101,0.0
1948,0.8755244555716157,0.7665430723039741,0.0
1949,0.989695442375161,0.9794970686581658,0.0
1950,0.9770371410257306,0.9546015749437333,0.0
1951,0.9302939312707327,0.8654467985591547,0.0
1952,0.9737736304341094,0.9482350833288254,0.0
1953,0.9106477116542012,0.8292792547410333,0.0
1954,0.9748615073115362,0.9503549584377203,0.0
1955,0.9472067949385911,0.897200712377838,0.0
1956,0.9707697248979104,0.9423938587783646,0.0
1957,0.9839439076607842,0.9681456134227738,0.0
1958,0.9584681279661189,0.9186611523268765,0.0
1959,0.9892845931391954,0.9786840062225833,0.0
1960,0.9892845931391954,0.9786840062225833,0.0
1961,0.9685462648068616,0.9380818670713232,0.0
1962,0.7801679702377382,0.6086620617848724,0.0
1963,0.7699676106455915,0.5928501214432812,0.0
1964,0.8830967555309898,0.7798598796293607,0.0
1965,0.7691676492501823,0.5916188726530515,0.0
1966,0.9615009079143891,0.9244839959201946,0.0
1967,0.8718676770308375,0.7601532462511487,0.0
1968,0.9541718611537309,0.9104439406175746,0.0
1969,0.9790162463695904,0.9584728106556025,0.0
1970,0.9471797371694984,0.8971494545044801,0.0
1971,0.908957327742187,0.8262034236562175,0.0
1972,0.9604523895984927,0.9224687926854548,0.0
1973,0.9212071275442779,0.8486225718383795,0.0
1974,0.9842850499269514,0.9688170595097013,0.0
1975,0.9941570214151277,0.9883481832289988,0.0
1976,0.9892004709833342,0.9785175717936502,0.0
1977,0.9892004709833342,0.9785175717936502,0.0
1978,0.9474870449932681,0.8977317004300752,0.0
1979,0.9829630903238225,0.9662164369389591,0.0
1980,0.935234304911952,0.8746632050841421,0.0
1981,0.9496085474542408,0.9017563933981532,0.0
1982,0.6879267190667945,0.47324317080600437,0.0
1983,0.9705900673789272,0.9420450788946304,0.0
1984,0.9767636054960507,0.9540671410216445,0.0
1985,0.9691885199625253,0.9393263872271503,0.0
1986,0.9770233299653736,0.9545745872966273,0.0
1987,0.9055796775730912,0.8200745524333838,0.0
1988,0.8990713988718736,0.8083293802694276,0.0
1989,0.9698305892253426,0.9405713717971752,0.0
1990,0.9354367212681968,0.8750418594969941,0.0
1991,0.7439977755317706,0.553532689996223,0.0
1992,0.9141587523428156,0.8356862244849733,0.0
1993,0.9288985039059213,0.8628524305586589,0.0
1994,0.9465150530147975,0.895890745583605,0.0
1995,0.9749684864467801,0.9505635495643253,0.0
1996,0.9928993889631849,0.9858491966034658,0.0
1997,0.9928993889631849,0.9858491966034658,0.0
1998,0.9928993889631849,0.9858491966034658,0.0
1999,0.8641898091145268,0.7468240261774023,0.0
