,ampiltude,real_c_0,img_c_0
0,-2.1898799537163208e-05,0.0,0.0
1,4.925092617800999e-05,0.0,0.0
2,4.925092617800999e-05,0.0,0.0
3,3.4172288332060096e-05,0.0,0.0
4,-1.785225461409837e-05,0.0,0.0
5,-2.5210099792801665e-05,0.0,0.0
6,-6.069234919959793e-06,0.0,0.0
7,1.028568913088746e-05,0.0,0.0
8,-1.7340077892628945e-06,0.0,0.0
9,3.1729225243152784e-05,0.0,0.0
10,5.192873363539577e-05,0.0,0.0
11,-8.883063766578461e-05,0.0,0.0
12,3.243552542769961e-05,0.0,0.0
13,1.4526976792535707e-05,0.0,0.0
14,-9.228087058581248e-06,0.0,0.0
15,-3.0933372712639015e-06,0.0,0.0
16,1.6260341886274106e-05,0.0,0.0
17,1.6260341886274106e-05,0.0,0.0
18,2.7750200577503164e-05,0.0,0.0
19,4.207092341906284e-05,0.0,0.0
20,2.105106882833279e-05,0.0,0.0
21,4.957040385346471e-05,0.0,0.0
22,-1.568858954025204e-05,0.0,0.0
23,1.3174373380444752e-05,0.0,0.0
24,1.3174373380444752e-05,0.0,0.0
25,1.7700621365953065e-05,0.0,0.0
26,5.59829067842263e-05,0.0,0.0
27,-9.065281309609554e-08,0.0,0.0
28,-7.780474024187121e-05,0.0,0.0
29,1.1140270771067182e-05,0.0,0.0
30,4.832694844235332e-06,0.0,0.0
31,-1.1513330853758605e-05,0.0,0.0
32,-5.763548471572619e-05,0.0,0.0
33,9.557572038157104e-06,0.0,0.0
34,2.85167850061666e-07,0.0,0.0
35,5.3110516937018336e-06,0.0,0.0
36,2.1956332685094416e-05,0.0,0.0
37,-2.372087395047395e-05,0.0,0.0
38,-0.00010628386450414364,0.0,0.0
39,-5.084010087770927e-05,0.0,0.0
40,7.098786159285501e-05,0.0,0.0
41,7.633602449495428e-06,0.0,0.0
42,7.633602449495428e-06,0.0,0.0
43,1.5898113209117413e-05,0.0,0.0
44,2.9009773190126968e-05,0.0,0.0
45,1.2388516911383615e-05,0.0,0.0
46,-6.203567619443475e-05,0.0,0.0
47,1.474275767553088e-05,0.0,0.0
48,2.084075176260072e-05,0.0,0.0
49,9.520464775128107e-05,0.0,0.0
50,7.534969525326358e-05,0.0,0.0
51,2.507728689620626e-05,0.0,0.0
52,-4.1531163536562404e-05,0.0,0.0
53,6.579138356438156e-06,0.0,0.0
54,-6.497457970351393e-05,0.0,0.0
55,2.2190702277203427e-05,0.0,0.0
56,6.142278262083815e-05,0.0,0.0
57,-1.956829091438964e-06,0.0,0.0
58,7.84867304265503e-05,0.0,0.0
59,-8.836998913660713e-06,0.0,0.0
60,-3.229360527644355e-05,0.0,0.0
61,2.7436015465608828e-05,0.0,0.0
62,6.467079947313131e-05,0.0,0.0
63,-2.178270104693379e-05,0.0,0.0
64,-2.178270104693379e-05,0.0,0.0
65,6.506795192107611e-06,0.0,0.0
66,-8.84034167893891e-06,0.0,0.0
67,6.168390060682041e-05,0.0,0.0
68,-2.954254037902005e-05,0.0,0.0
69,-4.258491731974303e-05,0.0,0.0
70,1.1464967117178496e-05,0.0,0.0
71,3.168053803639119e-05,0.0,0.0
72,1.0787441106611968e-05,0.0,0.0
73,3.7588056335802166e-05,0.0,0.0
74,-1.946385423066562e-05,0.0,0.0
75,1.9357701145973124e-06,0.0,0.0
76,-5.284917420178199e-05,0.0,0.0
77,-7.545605747598349e-05,0.0,0.0
78,-1.3624871820210654e-05,0.0,0.0
79,-3.840342401651481e-06,0.0,0.0
80,6.037574104486925e-06,0.0,0.0
81,-3.700452986271176e-06,0.0,0.0
82,-7.902112714776192e-05,0.0,0.0
83,-1.009947317002392e-05,0.0,0.0
84,-4.28176982019889e-05,0.0,0.0
85,3.0254178931253927e-05,0.0,0.0
86,-6.394194979554793e-05,0.0,0.0
87,-8.361399342764962e-06,0.0,0.0
88,9.31032232262723e-05,0.0,0.0
89,1.2974957707776962e-05,0.0,0.0
90,-8.049248893779367e-05,0.0,0.0
91,-1.7539391291612396e-05,0.0,0.0
92,2.2110847704405684e-05,0.0,0.0
93,-2.330669654247996e-06,0.0,0.0
94,2.1134298652571977e-05,0.0,0.0
95,3.603140377524579e-06,0.0,0.0
96,4.776581649080917e-05,0.0,0.0
97,-3.43986493182968e-05,0.0,0.0
98,5.4981137124550166e-05,0.0,0.0
99,2.6702917833732942e-05,0.0,0.0
100,5.1681401304882156e-05,0.0,0.0
101,5.430175338100342e-06,0.0,0.0
102,-4.9660946632104256e-05,0.0,0.0
103,-2.0886824548318203e-06,0.0,0.0
104,4.6587941427085735e-05,0.0,0.0
105,-2.4472780130800616e-05,0.0,0.0
106,-5.349316751426177e-06,0.0,0.0
107,1.4827106024402593e-05,0.0,0.0
108,5.433938138752057e-06,0.0,0.0
109,-4.120084893852432e-05,0.0,0.0
110,3.966826114159782e-06,0.0,0.0
111,3.2361453401339514e-05,0.0,0.0
112,3.376470410614379e-05,0.0,0.0
113,-6.585069010450622e-05,0.0,0.0
114,-4.4887673817995174e-05,0.0,0.0
115,4.6563955292990045e-05,0.0,0.0
116,1.1520510541203496e-05,0.0,0.0
117,-1.3695501957566648e-05,0.0,0.0
118,3.1659276078703325e-05,0.0,0.0
119,3.1659276078703325e-05,0.0,0.0
120,-2.6129025424834737e-05,0.0,0.0
121,3.7485242729915314e-06,0.0,0.0
122,4.8956124228824585e-05,0.0,0.0
123,4.008312207137584e-05,0.0,0.0
124,3.768258294563167e-05,0.0,0.0
125,-9.486647382238796e-06,0.0,0.0
126,-1.3532289317147691e-05,0.0,0.0
127,4.8074159255011225e-06,0.0,0.0
128,3.0205491877689553e-05,0.0,0.0
129,3.371204091531704e-05,0.0,0.0
130,-3.689523234466088e-05,0.0,0.0
131,-2.837781558218587e-05,0.0,0.0
132,-1.2167414516574908e-05,0.0,0.0
133,-2.5720697973444914e-05,0.0,0.0
134,-1.4667904608676012e-06,0.0,0.0
135,-1.26932788454839e-05,0.0,0.0
136,-5.072884703984895e-05,0.0,0.0
137,-3.655480474124897e-05,0.0,0.0
138,-5.136066681379671e-05,0.0,0.0
139,-1.747209590574969e-05,0.0,0.0
140,-7.824116397352742e-05,0.0,0.0
141,2.634910991056651e-05,0.0,0.0
142,3.86721785998333e-05,0.0,0.0
143,-1.420666035487282e-05,0.0,0.0
144,3.5845876698378275e-05,0.0,0.0
145,-9.032143257157152e-06,0.0,0.0
146,-9.032143257157152e-06,0.0,0.0
147,-4.2147121614679395e-05,0.0,0.0
148,-3.9915379684615576e-05,0.0,0.0
149,-1.867255924712273e-05,0.0,0.0
150,4.830337385823048e-05,0.0,0.0
151,2.255957722409903e-05,0.0,0.0
152,-7.996096118157062e-05,0.0,0.0
153,-1.224759248722811e-05,0.0,0.0
154,-4.143693816134757e-05,0.0,0.0
155,-5.5807390822046685e-05,0.0,0.0
156,5.6887903213841195e-05,0.0,0.0
157,-4.1457846825915915e-05,0.0,0.0
158,1.257811835151465e-06,0.0,0.0
159,2.5046329947167258e-05,0.0,0.0
160,-5.944249090722187e-05,0.0,0.0
161,-7.086441356471162e-07,0.0,0.0
162,5.1105228737354205e-05,0.0,0.0
163,-1.621428188588922e-05,0.0,0.0
164,-1.6410871592503314e-05,0.0,0.0
165,-1.6410871592503314e-05,0.0,0.0
166,1.1953320470880172e-05,0.0,0.0
167,-3.777651656498308e-05,0.0,0.0
168,1.6561362959844895e-05,0.0,0.0
169,-0.00010953286858969222,0.0,0.0
170,3.2502220449282243e-05,0.0,0.0
171,-2.0161234270486764e-05,0.0,0.0
172,-3.42684464880176e-05,0.0,0.0
173,5.633011576924339e-05,0.0,0.0
174,2.156663444097111e-05,0.0,0.0
175,1.0156888162156609e-06,0.0,0.0
176,3.8502009729998333e-05,0.0,0.0
177,3.299683526723205e-06,0.0,0.0
178,-1.3351542661706415e-05,0.0,0.0
179,-1.3351542661706415e-05,0.0,0.0
180,7.623172803088807e-05,0.0,0.0
181,2.762057365915852e-05,0.0,0.0
182,4.878739710224913e-06,0.0,0.0
183,3.2325116661607376e-05,0.0,0.0
184,-1.844486781929696e-05,0.0,0.0
185,-1.0304787132533627e-06,0.0,0.0
186,-4.131069493593102e-05,0.0,0.0
187,9.997673156137939e-05,0.0,0.0
188,1.0009417646289052e-05,0.0,0.0
189,-1.2508969766652889e-05,0.0,0.0
190,-3.177171271845947e-05,0.0,0.0
191,1.5965744815032106e-06,0.0,0.0
192,-1.7899321293222528e-06,0.0,0.0
193,-1.7899321293222528e-06,0.0,0.0
194,2.6783277472408545e-05,0.0,0.0
195,3.1786657375939684e-05,0.0,0.0
196,-1.864991050841737e-05,0.0,0.0
197,-6.97878824180981e-05,0.0,0.0
198,1.3339787247075216e-05,0.0,0.0
199,-5.508277650589429e-05,0.0,0.0
200,-1.4729220164553812e-06,0.0,0.0
201,4.768802610876163e-06,0.0,0.0
202,3.490543237272456e-05,0.0,0.0
203,3.103529319537424e-05,0.0,0.0
204,-4.99905439526023e-05,0.0,0.0
205,-7.648611137769622e-05,0.0,0.0
206,1.9562303949454683e-05,0.0,0.0
207,-3.765061772488372e-05,0.0,0.0
208,5.706412297407118e-06,0.0,0.0
209,-5.455606273187296e-05,0.0,0.0
210,3.614996059691558e-05,0.0,0.0
211,-7.480773019594163e-06,0.0,0.0
212,-1.890859404547493e-05,0.0,0.0
213,-3.060158130895659e-05,0.0,0.0
214,1.5782818033340223e-06,0.0,0.0
215,-3.4957983953283174e-05,0.0,0.0
216,5.2227760281307135e-05,0.0,0.0
217,1.290183324014064e-05,0.0,0.0
218,4.1990720378107714e-05,0.0,0.0
219,-5.8232338822565945e-06,0.0,0.0
220,1.4435704019834573e-05,0.0,0.0
221,-4.3008546070492886e-05,0.0,0.0
222,0.0001131187338833468,0.0,0.0
223,1.3660384242791273e-05,0.0,0.0
224,2.012716201100652e-05,0.0,0.0
225,2.4336215935600027e-05,0.0,0.0
226,1.935588200646366e-05,0.0,0.0
227,1.906428184025726e-05,0.0,0.0
228,-1.1377594123117484e-05,0.0,0.0
229,-2.126748879446832e-05,0.0,0.0
230,-1.198107158202697e-05,0.0,0.0
231,1.6736140734549323e-05,0.0,0.0
232,4.235242230486778e-05,0.0,0.0
233,2.8950268486561985e-05,0.0,0.0
234,1.921678570131602e-05,0.0,0.0
235,9.388936625544063e-06,0.0,0.0
236,1.0755152337486034e-05,0.0,0.0
237,1.5979438854065606e-05,0.0,0.0
238,1.5979438854065606e-05,0.0,0.0
239,2.944337236223665e-06,0.0,0.0
240,1.8988187922938223e-05,0.0,0.0
241,6.881824600300677e-06,0.0,0.0
242,2.650222277348677e-05,0.0,0.0
243,5.61636533422607e-05,0.0,0.0
244,-9.398084393749572e-05,0.0,0.0
245,-9.184663336885148e-06,0.0,0.0
246,-5.809029005303876e-05,0.0,0.0
247,5.644959652440488e-05,0.0,0.0
248,-3.8186659495993145e-05,0.0,0.0
249,7.22458721800308e-05,0.0,0.0
250,-1.3070981964885343e-05,0.0,0.0
251,-4.0163009540232145e-05,0.0,0.0
252,-4.0163009540232145e-05,0.0,0.0
253,-1.7743158890359453e-05,0.0,0.0
254,-2.0961168680026345e-05,0.0,0.0
255,4.466796210030246e-05,0.0,0.0
256,-8.584064655093472e-06,0.0,0.0
257,-3.766680772833567e-05,0.0,0.0
258,-3.766680772833567e-05,0.0,0.0
259,2.3558266056856437e-05,0.0,0.0
260,-2.1271019608034157e-05,0.0,0.0
261,-4.007553731484029e-05,0.0,0.0
262,-8.527191610942768e-06,0.0,0.0
263,-2.102761208859476e-05,0.0,0.0
264,2.8179265371983017e-05,0.0,0.0
265,-1.6777876032477678e-05,0.0,0.0
266,6.22816953665444e-05,0.0,0.0
267,7.356533405722069e-05,0.0,0.0
268,4.322923504586837e-05,0.0,0.0
269,2.8474321684238846e-05,0.0,0.0
270,-5.173448038550023e-06,0.0,0.0
271,-2.6243304484733043e-05,0.0,0.0
272,7.5757306715542e-05,0.0,0.0
273,3.815574199375876e-06,0.0,0.0
274,4.603201666799273e-05,0.0,0.0
275,-5.5527789473444015e-05,0.0,0.0
276,-5.9696836917055276e-05,0.0,0.0
277,1.0166636776013765e-05,0.0,0.0
278,-2.8715439408144634e-05,0.0,0.0
279,-5.3218635973244226e-05,0.0,0.0
280,1.3692476119915307e-05,0.0,0.0
281,4.546676775210082e-06,0.0,0.0
282,4.238945271745138e-06,0.0,0.0
283,-5.6659066780141266e-05,0.0,0.0
284,-1.0347570865602573e-05,0.0,0.0
285,-3.057986061983033e-05,0.0,0.0
286,9.766203149022223e-06,0.0,0.0
287,7.190604429334763e-05,0.0,0.0
288,3.811093867564249e-06,0.0,0.0
289,-3.137656074067868e-06,0.0,0.0
290,1.8219514198503403e-05,0.0,0.0
291,-3.3477107841182834e-05,0.0,0.0
292,-2.8008643642414977e-05,0.0,0.0
293,1.6911003998948895e-05,0.0,0.0
294,-5.0541651869670537e-05,0.0,0.0
295,6.907136195914204e-05,0.0,0.0
296,-1.7807262727710695e-05,0.0,0.0
297,6.837090873881916e-05,0.0,0.0
298,-3.095244739037491e-05,0.0,0.0
299,2.0855328971133313e-05,0.0,0.0
300,-3.511174044120684e-05,0.0,0.0
301,1.5098220604292277e-05,0.0,0.0
302,0.0001108393607617012,0.0,0.0
303,2.9747682656173477e-05,0.0,0.0
304,-3.1121384023086106e-05,0.0,0.0
305,7.236359327739223e-05,0.0,0.0
306,2.034784127654837e-05,0.0,0.0
307,-9.766739483321574e-05,0.0,0.0
308,-3.007738789054556e-05,0.0,0.0
309,3.902530458686247e-05,0.0,0.0
310,4.7492618640793214e-07,0.0,0.0
311,8.471662802383623e-06,0.0,0.0
312,1.276211982196356e-05,0.0,0.0
313,-4.634600540442695e-06,0.0,0.0
314,2.842325075694812e-05,0.0,0.0
315,-7.039674169616127e-05,0.0,0.0
316,8.352990248953704e-06,0.0,0.0
317,1.1956995184439568e-05,0.0,0.0
318,-4.3540006831690426e-05,0.0,0.0
319,2.093631922191289e-05,0.0,0.0
320,-4.286372773916654e-05,0.0,0.0
321,4.521095815282825e-05,0.0,0.0
322,3.512531535766e-05,0.0,0.0
323,-2.3999304514996815e-05,0.0,0.0
324,-4.96793381449394e-05,0.0,0.0
325,-2.078969858308962e-05,0.0,0.0
326,-2.005725047022017e-05,0.0,0.0
327,-2.2798083779029596e-05,0.0,0.0
328,9.465739602701576e-05,0.0,0.0
329,1.5196557642243927e-05,0.0,0.0
330,-8.358604489215042e-06,0.0,0.0
331,2.2416533134764387e-05,0.0,0.0
332,2.969445216949092e-05,0.0,0.0
333,-2.26093805862088e-05,0.0,0.0
334,-2.1994207159967023e-05,0.0,0.0
335,-5.637804933914587e-06,0.0,0.0
336,2.3619374758779367e-05,0.0,0.0
337,9.29404338107152e-05,0.0,0.0
338,2.0571537688030117e-05,0.0,0.0
339,3.88777938784077e-05,0.0,0.0
340,-2.4051526951797492e-05,0.0,0.0
341,3.3280621899225334e-05,0.0,0.0
342,7.018840042569575e-05,0.0,0.0
343,5.586806465634358e-05,0.0,0.0
344,1.8861855453441924e-05,0.0,0.0
345,3.833989589509643e-06,0.0,0.0
346,-1.7722172076008462e-06,0.0,0.0
347,-3.5794553984985554e-05,0.0,0.0
348,-2.1350640900569354e-05,0.0,0.0
349,4.145750399855214e-05,0.0,0.0
350,3.471972663666822e-05,0.0,0.0
351,3.858376491550862e-05,0.0,0.0
352,2.33622269216889e-05,0.0,0.0
353,4.744807512738447e-05,0.0,0.0
354,7.0626407002532e-05,0.0,0.0
355,1.5132876559616796e-05,0.0,0.0
356,-8.35131893008385e-05,0.0,0.0
357,3.8206538046567417e-05,0.0,0.0
358,-3.3265507910036756e-05,0.0,0.0
359,2.0954470618073947e-05,0.0,0.0
360,-4.255711045565343e-05,0.0,0.0
361,-5.373330153174831e-05,0.0,0.0
362,7.144633621012581e-05,0.0,0.0
363,-3.091861314861583e-05,0.0,0.0
364,-3.091861314861583e-05,0.0,0.0
365,1.9045837204856308e-06,0.0,0.0
366,3.9029600639241654e-05,0.0,0.0
367,1.9344267051936456e-06,0.0,0.0
368,-1.2009111925557323e-05,0.0,0.0
369,-3.835666431636987e-06,0.0,0.0
370,-1.9841101904040695e-05,0.0,0.0
371,5.32058722157304e-06,0.0,0.0
372,1.0772212619508733e-05,0.0,0.0
373,-4.0582428453535e-05,0.0,0.0
374,5.0464757163704805e-05,0.0,0.0
375,2.5000157303077354e-06,0.0,0.0
376,-1.9268129297541992e-05,0.0,0.0
377,3.19183579299707e-05,0.0,0.0
378,3.781934924590276e-05,0.0,0.0
379,-3.146374686418266e-05,0.0,0.0
380,1.5444849745265082e-05,0.0,0.0
381,2.084515858181193e-05,0.0,0.0
382,-1.3357458319825418e-05,0.0,0.0
383,5.53654355977698e-05,0.0,0.0
384,2.7729687644504162e-05,0.0,0.0
385,3.16015454415346e-05,0.0,0.0
386,3.5464285288276914e-05,0.0,0.0
387,5.383393264023372e-06,0.0,0.0
388,3.418549403853106e-05,0.0,0.0
389,-5.93232884301375e-05,0.0,0.0
390,-1.0654269343141306e-05,0.0,0.0
391,-1.0654269343141306e-05,0.0,0.0
392,5.9146398621412225e-05,0.0,0.0
393,-2.677250985863214e-05,0.0,0.0
394,-4.5798630177357404e-05,0.0,0.0
395,-1.0537063192327562e-05,0.0,0.0
396,2.01824874568096e-05,0.0,0.0
397,-3.493528602991368e-05,0.0,0.0
398,-3.493528602991368e-05,0.0,0.0
399,-2.7057980377093928e-05,0.0,0.0
400,-0.00010339449582093535,0.0,0.0
401,-4.143762305569862e-06,0.0,0.0
402,-3.21832613805933e-05,0.0,0.0
403,-3.4587468501219566e-06,0.0,0.0
404,-3.0034725125319684e-05,0.0,0.0
405,8.162068736200089e-05,0.0,0.0
406,3.083305478922896e-05,0.0,0.0
407,-4.200780329735612e-05,0.0,0.0
408,2.3948545106697016e-05,0.0,0.0
409,-1.087185654478519e-05,0.0,0.0
410,3.407615354226437e-05,0.0,0.0
411,5.820072217374968e-05,0.0,0.0
412,-4.108175796105763e-05,0.0,0.0
413,-9.296547593145287e-06,0.0,0.0
414,-4.759895520447156e-05,0.0,0.0
415,3.078670224416662e-05,0.0,0.0
416,7.788866523222995e-05,0.0,0.0
417,-5.7346933616436984e-05,0.0,0.0
418,6.029384076012482e-06,0.0,0.0
419,6.029384076012482e-06,0.0,0.0
420,6.029384076012482e-06,0.0,0.0
421,2.11880493389792e-05,0.0,0.0
422,-5.6460721784452815e-05,0.0,0.0
423,3.106375514937474e-05,0.0,0.0
424,3.610235430050666e-06,0.0,0.0
425,-3.996483948263602e-05,0.0,0.0
426,6.521929217894753e-05,0.0,0.0
427,-4.7134866108272714e-05,0.0,0.0
428,8.683250619125807e-05,0.0,0.0
429,-1.5545356597092872e-05,0.0,0.0
430,2.2492691939888613e-05,0.0,0.0
431,-4.482570658588018e-05,0.0,0.0
432,1.287747591822849e-05,0.0,0.0
433,-3.257216534635822e-05,0.0,0.0
434,5.923220891799383e-06,0.0,0.0
435,5.923220891799383e-06,0.0,0.0
436,-9.816338104184775e-06,0.0,0.0
437,-1.0835920148639434e-05,0.0,0.0
438,-1.0277716005002504e-05,0.0,0.0
439,-3.54960267388588e-05,0.0,0.0
440,1.4103927008408709e-05,0.0,0.0
441,-3.21966611453602e-05,0.0,0.0
442,1.6739200398082992e-05,0.0,0.0
443,-3.83479844608023e-05,0.0,0.0
444,-3.825370198109737e-05,0.0,0.0
445,6.373801564235437e-05,0.0,0.0
446,4.591458792797656e-05,0.0,0.0
447,-1.183520832791736e-05,0.0,0.0
448,-2.8878536650652028e-05,0.0,0.0
449,1.15721453453597e-05,0.0,0.0
450,1.84889436210995e-05,0.0,0.0
451,4.517254529126923e-05,0.0,0.0
452,5.2376307607664466e-05,0.0,0.0
453,1.593161779517413e-05,0.0,0.0
454,-3.0120492850612944e-05,0.0,0.0
455,-1.7859212403606083e-06,0.0,0.0
456,5.972209631466654e-05,0.0,0.0
457,-1.3035734082448956e-06,0.0,0.0
458,-2.093358208661286e-05,0.0,0.0
459,1.4355602636793495e-05,0.0,0.0
460,2.894290607502125e-05,0.0,0.0
461,-4.053308169105682e-05,0.0,0.0
462,-8.956986184084996e-05,0.0,0.0
463,2.9934413268084123e-05,0.0,0.0
464,3.1393875653530706e-05,0.0,0.0
465,1.3489293703339534e-05,0.0,0.0
466,2.0180315251092504e-05,0.0,0.0
467,-2.4319309484634316e-05,0.0,0.0
468,-6.045148916350968e-06,0.0,0.0
469,-5.8904718955532916e-05,0.0,0.0
470,4.193768714649886e-05,0.0,0.0
471,9.131945989319876e-05,0.0,0.0
472,4.125967867975107e-05,0.0,0.0
473,-1.92388969859115e-05,0.0,0.0
474,-2.384364132952432e-05,0.0,0.0
475,4.766510881456863e-05,0.0,0.0
476,1.1787811251130118e-05,0.0,0.0
477,5.5540531383819e-05,0.0,0.0
478,2.8408497033694503e-06,0.0,0.0
479,-1.09525853217701e-05,0.0,0.0
480,-6.104583738927882e-05,0.0,0.0
481,2.6310467522802492e-05,0.0,0.0
482,-4.479102825703205e-05,0.0,0.0
483,5.2137310175864044e-05,0.0,0.0
484,3.2588976398894717e-06,0.0,0.0
485,-2.223511664592677e-05,0.0,0.0
486,-5.800852568649958e-05,0.0,0.0
487,-3.9287394822948016e-05,0.0,0.0
488,-4.048636071872076e-05,0.0,0.0
489,-1.4738736383053115e-05,0.0,0.0
490,-5.087471301252629e-05,0.0,0.0
491,-8.178847567308348e-05,0.0,0.0
492,6.303735089775517e-05,0.0,0.0
493,-5.539331313586506e-07,0.0,0.0
494,-1.9551130565575824e-06,0.0,0.0
495,-5.911752565004141e-06,0.0,0.0
496,-4.3690215050562254e-05,0.0,0.0
497,8.237856743068838e-05,0.0,0.0
498,2.165235955693732e-06,0.0,0.0
499,1.0856937983396655e-05,0.0,0.0
500,1.0856937983396655e-05,0.0,0.0
501,7.933738715981998e-05,0.0,0.0
502,-3.596753775137729e-05,0.0,0.0
503,2.8846367101354084e-05,0.0,0.0
504,5.608872206537857e-06,0.0,0.0
505,1.5724304630427932e-05,0.0,0.0
506,-2.7067126200432883e-05,0.0,0.0
507,5.807484710182379e-07,0.0,0.0
508,-5.662967079840076e-05,0.0,0.0
509,-5.662967079840076e-05,0.0,0.0
510,5.559952263438863e-05,0.0,0.0
511,5.332130483624081e-05,0.0,0.0
512,5.447278961104761e-05,0.0,0.0
513,-5.4448436391623525e-05,0.0,0.0
514,2.4330787979069638e-05,0.0,0.0
515,-1.3949566034863608e-05,0.0,0.0
516,2.1493572372980503e-05,0.0,0.0
517,-5.461255767734624e-06,0.0,0.0
518,2.0533526830385206e-05,0.0,0.0
519,-1.612141081715566e-05,0.0,0.0
520,-1.7784905131535557e-05,0.0,0.0
521,2.1797435089110554e-05,0.0,0.0
522,1.8249324517038575e-05,0.0,0.0
523,-9.664815249385789e-06,0.0,0.0
524,-4.7923528093046874e-05,0.0,0.0
525,-5.777457941476464e-05,0.0,0.0
526,-8.381633096729555e-06,0.0,0.0
527,-0.00011513263530015552,0.0,0.0
528,1.3084168908434222e-06,0.0,0.0
529,-1.4673385876527705e-05,0.0,0.0
530,-2.0912864729469215e-05,0.0,0.0
531,6.526093611464057e-05,0.0,0.0
532,3.281776850721324e-05,0.0,0.0
533,-5.1801041755387967e-05,0.0,0.0
534,-5.1801041755387967e-05,0.0,0.0
535,1.3569889689419876e-05,0.0,0.0
536,8.555530452102262e-05,0.0,0.0
537,2.4779595680384997e-05,0.0,0.0
538,3.193551657603224e-05,0.0,0.0
539,-3.482173248280875e-05,0.0,0.0
540,-4.089179829686686e-05,0.0,0.0
541,-3.55171935055837e-05,0.0,0.0
542,-3.682238871848869e-05,0.0,0.0
543,4.215629187947786e-05,0.0,0.0
544,-3.203551421335947e-05,0.0,0.0
545,-5.5198006274612695e-06,0.0,0.0
546,2.712094706285176e-06,0.0,0.0
547,2.2880228431299576e-06,0.0,0.0
548,3.3450876917739954e-05,0.0,0.0
549,-2.147734671347997e-05,0.0,0.0
550,5.048649611426542e-06,0.0,0.0
551,-4.246308342215784e-05,0.0,0.0
552,4.010403310796654e-05,0.0,0.0
553,4.436425742685042e-05,0.0,0.0
554,-2.1018118468743354e-05,0.0,0.0
555,5.370719244993805e-05,0.0,0.0
556,-7.741403984682796e-06,0.0,0.0
557,-2.1838410350058183e-06,0.0,0.0
558,-2.1104149644904907e-05,0.0,0.0
559,-9.84197168003235e-06,0.0,0.0
560,-2.0486587744530803e-05,0.0,0.0
561,9.147436645622643e-06,0.0,0.0
562,1.1443657834997964e-05,0.0,0.0
563,1.964595915461487e-05,0.0,0.0
564,5.595754051397357e-05,0.0,0.0
565,5.4626501291359566e-05,0.0,0.0
566,-5.060129550912979e-05,0.0,0.0
567,5.796574745944928e-05,0.0,0.0
568,-4.022197927175588e-06,0.0,0.0
569,-7.744185915609335e-05,0.0,0.0
570,2.4430435212619525e-05,0.0,0.0
571,-5.356215110833893e-05,0.0,0.0
572,-5.3716967525860846e-05,0.0,0.0
573,-3.064461983105573e-05,0.0,0.0
574,3.842563639167509e-05,0.0,0.0
575,5.251491963089884e-05,0.0,0.0
576,-3.980078103697841e-05,0.0,0.0
577,-9.853391357812546e-06,0.0,0.0
578,-6.812022874064737e-05,0.0,0.0
579,-4.846014396387727e-05,0.0,0.0
580,2.749154641472198e-06,0.0,0.0
581,7.621137227258298e-06,0.0,0.0
582,-6.056596006717825e-05,0.0,0.0
583,-5.38548618786612e-05,0.0,0.0
584,-1.4262145971755869e-05,0.0,0.0
585,-3.3619344063279235e-05,0.0,0.0
586,7.164280125033519e-06,0.0,0.0
587,4.145536453133044e-05,0.0,0.0
588,-9.582188467529903e-06,0.0,0.0
589,3.437359296600708e-05,0.0,0.0
590,-3.6717208673617666e-05,0.0,0.0
591,-4.671366320956736e-05,0.0,0.0
592,-4.696172403307854e-05,0.0,0.0
593,-6.307962326926654e-05,0.0,0.0
594,-1.531704281654981e-05,0.0,0.0
595,-5.3075719506377535e-05,0.0,0.0
596,-9.309987315021563e-06,0.0,0.0
597,5.706723564982713e-06,0.0,0.0
598,-3.064652180298075e-05,0.0,0.0
599,1.804367434265423e-05,0.0,0.0
600,1.6939331020440898e-06,0.0,0.0
601,-1.1924527297679725e-06,0.0,0.0
602,-1.7118385036258832e-05,0.0,0.0
603,-1.3991537691771889e-05,0.0,0.0
604,-4.884534139510812e-05,0.0,0.0
605,-1.3855484933013167e-05,0.0,0.0
606,-1.3855484933013167e-05,0.0,0.0
607,3.540924035694032e-05,0.0,0.0
608,8.884547558594996e-05,0.0,0.0
609,-2.0612274291223153e-05,0.0,0.0
610,2.9763972728079792e-05,0.0,0.0
611,-2.8114677494903734e-05,0.0,0.0
612,3.48275594546046e-05,0.0,0.0
613,-3.260002548643743e-06,0.0,0.0
614,-1.995455134548124e-05,0.0,0.0
615,-7.929697896213139e-05,0.0,0.0
616,7.526908214262929e-05,0.0,0.0
617,6.559567935433431e-05,0.0,0.0
618,4.79428507297417e-06,0.0,0.0
619,1.049488884481077e-05,0.0,0.0
620,-1.1872136135848113e-05,0.0,0.0
621,-8.31275166885495e-06,0.0,0.0
622,5.94460389197667e-05,0.0,0.0
623,1.537732792029961e-05,0.0,0.0
624,-1.4737362727092982e-05,0.0,0.0
625,3.9715163798288926e-05,0.0,0.0
626,-1.6278565880860822e-05,0.0,0.0
627,-3.0023291199965224e-05,0.0,0.0
628,3.777162859799363e-05,0.0,0.0
629,5.408501642531462e-06,0.0,0.0
630,-3.0197086650825508e-05,0.0,0.0
631,1.2028054328156578e-05,0.0,0.0
632,1.2028054328156578e-05,0.0,0.0
633,-2.4897213650097524e-05,0.0,0.0
634,-1.8879424930491862e-05,0.0,0.0
635,5.66503698618707e-05,0.0,0.0
636,-2.1346356347623242e-05,0.0,0.0
637,4.8096809063962834e-05,0.0,0.0
638,-3.216118915733073e-05,0.0,0.0
639,4.948451573671905e-05,0.0,0.0
640,-8.363053664775844e-07,0.0,0.0
641,7.899043831604348e-05,0.0,0.0
642,4.060033971325461e-05,0.0,0.0
643,3.3343095502174165e-05,0.0,0.0
644,8.01417995986862e-06,0.0,0.0
645,-6.452018435198998e-05,0.0,0.0
646,2.488356536397913e-05,0.0,0.0
647,-4.0251710924493934e-05,0.0,0.0
648,-2.3160949335480522e-05,0.0,0.0
649,5.1469996856187614e-05,0.0,0.0
650,-4.870475143236579e-05,0.0,0.0
651,-4.3813326083756875e-06,0.0,0.0
652,-5.7189677788008245e-05,0.0,0.0
653,-1.143638078994411e-05,0.0,0.0
654,-3.4472932854946235e-05,0.0,0.0
655,5.033986029939393e-05,0.0,0.0
656,8.708129657515989e-05,0.0,0.0
657,-7.312351574338075e-05,0.0,0.0
658,-8.999814203182719e-05,0.0,0.0
659,3.3840342169512655e-05,0.0,0.0
660,-1.7997230922768426e-05,0.0,0.0
661,-4.691079743387104e-05,0.0,0.0
662,1.4714457429840154e-05,0.0,0.0
663,5.56527077050778e-05,0.0,0.0
664,2.3989634784456184e-05,0.0,0.0
665,1.2520207464621548e-05,0.0,0.0
666,-3.0114811198308636e-06,0.0,0.0
667,4.15437918283981e-05,0.0,0.0
668,8.219431114922336e-06,0.0,0.0
669,2.2541401298105314e-05,0.0,0.0
670,8.11440789288031e-05,0.0,0.0
671,4.290644652758467e-05,0.0,0.0
672,4.290644652758467e-05,0.0,0.0
673,-7.129143201287498e-05,0.0,0.0
674,-1.714214016986498e-05,0.0,0.0
675,-2.7486136503213512e-05,0.0,0.0
676,1.287557723098579e-05,0.0,0.0
677,-1.1920176195396627e-05,0.0,0.0
678,-4.21067995061498e-05,0.0,0.0
679,-2.33254568271541e-05,0.0,0.0
680,-2.730601999432986e-05,0.0,0.0
681,9.757922556347544e-06,0.0,0.0
682,1.8348099397520828e-05,0.0,0.0
683,2.101232377092702e-05,0.0,0.0
684,3.633187959117614e-05,0.0,0.0
685,-1.6789067822108398e-05,0.0,0.0
686,-5.040657592920662e-05,0.0,0.0
687,1.929858974938304e-05,0.0,0.0
688,9.663208020294226e-06,0.0,0.0
689,-2.603187610035937e-05,0.0,0.0
690,-3.5465113400175284e-05,0.0,0.0
691,-4.003588922393147e-05,0.0,0.0
692,-4.2704666749023305e-05,0.0,0.0
693,-2.765703376330719e-05,0.0,0.0
694,-3.403465691755793e-05,0.0,0.0
695,-4.6931890541608455e-05,0.0,0.0
696,2.5262801851281845e-05,0.0,0.0
697,-8.264108831841204e-06,0.0,0.0
698,-4.0573769975776395e-05,0.0,0.0
699,1.378982052393333e-05,0.0,0.0
700,-6.432149393328111e-06,0.0,0.0
701,1.1719385442862063e-05,0.0,0.0
702,6.384378535676007e-05,0.0,0.0
703,-8.741745049311449e-06,0.0,0.0
704,6.620153465410411e-05,0.0,0.0
705,-6.275902918898505e-05,0.0,0.0
706,-1.5787602394286393e-05,0.0,0.0
707,-1.9437913417311965e-05,0.0,0.0
708,-1.6575977781665933e-05,0.0,0.0
709,2.0566357026339908e-05,0.0,0.0
710,8.452588548552882e-05,0.0,0.0
711,2.569483542489169e-05,0.0,0.0
712,5.598611021635655e-06,0.0,0.0
713,5.598611021635655e-06,0.0,0.0
714,-7.968658949634228e-05,0.0,0.0
715,-1.6849518378239843e-05,0.0,0.0
716,-8.523938629397728e-05,0.0,0.0
717,-4.523454807493784e-05,0.0,0.0
718,-2.3142066031126625e-05,0.0,0.0
719,2.4079774919767973e-05,0.0,0.0
720,9.364331107415884e-06,0.0,0.0
721,-2.5966874884553453e-05,0.0,0.0
722,-4.332260162796646e-06,0.0,0.0
723,5.223985401220155e-05,0.0,0.0
724,-1.961962262998391e-05,0.0,0.0
725,-1.7035929964484687e-05,0.0,0.0
726,-1.837065907210297e-06,0.0,0.0
727,7.8290453259694e-06,0.0,0.0
728,5.426097801366219e-05,0.0,0.0
729,7.849186430079725e-05,0.0,0.0
730,3.103775045757486e-05,0.0,0.0
731,5.1995010437895244e-05,0.0,0.0
732,-5.317695625585024e-06,0.0,0.0
733,-6.0170680318996465e-06,0.0,0.0
734,3.7188395394829274e-05,0.0,0.0
735,-4.034017503225848e-05,0.0,0.0
736,-4.4824020073584996e-05,0.0,0.0
737,-7.981528275278935e-06,0.0,0.0
738,5.983899379855145e-05,0.0,0.0
739,-1.7727394325902323e-05,0.0,0.0
740,3.044722025297023e-05,0.0,0.0
741,-4.44486664024393e-06,0.0,0.0
742,3.76766886089939e-05,0.0,0.0
743,3.6217035371312855e-05,0.0,0.0
744,9.57747538820211e-06,0.0,0.0
745,7.922399224108187e-05,0.0,0.0
746,6.783771736081532e-05,0.0,0.0
747,5.9068694613475677e-05,0.0,0.0
748,3.6763052449669445e-05,0.0,0.0
749,-3.7884703121183826e-05,0.0,0.0
750,3.42204772571204e-05,0.0,0.0
751,1.2497747003743678e-06,0.0,0.0
752,-6.085611778098466e-05,0.0,0.0
753,-4.753455764483475e-05,0.0,0.0
754,5.0730708932713597e-05,0.0,0.0
755,-5.454642454251472e-05,0.0,0.0
756,-1.7160278419442217e-05,0.0,0.0
757,-2.9759079795750253e-05,0.0,0.0
758,3.274111043079157e-05,0.0,0.0
759,-1.0227110517223152e-05,0.0,0.0
760,-4.103272536597473e-05,0.0,0.0
761,-7.363040313639614e-05,0.0,0.0
762,1.9517287580350514e-05,0.0,0.0
763,-1.3037437686334039e-06,0.0,0.0
764,-2.3126235058503784e-06,0.0,0.0
765,5.779626690532293e-05,0.0,0.0
766,1.5443690115957787e-06,0.0,0.0
767,-1.8494396064793487e-05,0.0,0.0
768,2.9614381911968675e-05,0.0,0.0
769,-3.890170840686052e-05,0.0,0.0
770,-5.71295026075349e-06,0.0,0.0
771,3.993819396897188e-05,0.0,0.0
772,-3.24400882831039e-05,0.0,0.0
773,-4.104198197846e-05,0.0,0.0
774,-3.955804803643298e-05,0.0,0.0
775,2.2197019651827682e-05,0.0,0.0
776,1.7957655012632927e-05,0.0,0.0
777,2.4673801315354402e-05,0.0,0.0
778,-1.881525021239666e-05,0.0,0.0
779,2.0874752512912023e-06,0.0,0.0
780,5.4898504310443234e-05,0.0,0.0
781,-2.1529003622820048e-05,0.0,0.0
782,2.4607728099931844e-06,0.0,0.0
783,9.703094931580687e-06,0.0,0.0
784,-5.250338775919584e-05,0.0,0.0
785,-1.954680905674267e-06,0.0,0.0
786,-1.954680905674267e-06,0.0,0.0
787,-4.041862970383694e-06,0.0,0.0
788,3.6109589577659726e-05,0.0,0.0
789,1.808062978117305e-05,0.0,0.0
790,5.64052551881568e-05,0.0,0.0
791,-2.7354615479729122e-05,0.0,0.0
792,3.65011994321225e-05,0.0,0.0
793,-7.43878520212473e-05,0.0,0.0
794,-9.986231979125358e-06,0.0,0.0
795,3.941541551658491e-06,0.0,0.0
796,4.304983849958546e-05,0.0,0.0
797,6.159335127549231e-05,0.0,0.0
798,7.96988206623886e-05,0.0,0.0
799,6.082155417929664e-05,0.0,0.0
800,3.082611828175066e-05,0.0,0.0
801,2.4028299691182448e-05,0.0,0.0
802,5.7360015025628724e-05,0.0,0.0
803,-6.530761765389292e-05,0.0,0.0
804,-4.0400335874863335e-05,0.0,0.0
805,-6.235215339373936e-05,0.0,0.0
806,3.921786934988127e-05,0.0,0.0
807,1.6125342072145504e-06,0.0,0.0
808,-3.304760743193262e-05,0.0,0.0
809,-4.194621057376469e-05,0.0,0.0
810,-4.194621057376469e-05,0.0,0.0
811,-1.0251299603883898e-05,0.0,0.0
812,5.491356428540198e-06,0.0,0.0
813,-6.735856565106931e-05,0.0,0.0
814,2.566551783065482e-05,0.0,0.0
815,-1.9323054230675294e-05,0.0,0.0
816,4.278069788636284e-05,0.0,0.0
817,3.855786630165924e-05,0.0,0.0
818,5.439106540566001e-05,0.0,0.0
819,-3.68154243902975e-06,0.0,0.0
820,7.730912873933033e-05,0.0,0.0
821,-8.530512480321022e-06,0.0,0.0
822,1.4261970137924534e-05,0.0,0.0
823,3.7516258493969087e-05,0.0,0.0
824,-1.3337535439054325e-05,0.0,0.0
825,-3.491519273401488e-05,0.0,0.0
826,-3.292067734580061e-05,0.0,0.0
827,2.6257527210518375e-05,0.0,0.0
828,4.4017712966859835e-05,0.0,0.0
829,-1.1848384442692511e-05,0.0,0.0
830,2.512805448199187e-05,0.0,0.0
831,3.7366360107928083e-06,0.0,0.0
832,1.6775626048616168e-05,0.0,0.0
833,5.689606754277514e-06,0.0,0.0
834,1.8502597797319482e-05,0.0,0.0
835,-2.3021030697754284e-05,0.0,0.0
836,3.1762267996205873e-05,0.0,0.0
837,-5.9380101160249554e-05,0.0,0.0
838,-5.640596044369341e-05,0.0,0.0
839,-6.11121811353892e-05,0.0,0.0
840,7.054510806712163e-05,0.0,0.0
841,6.109970821246089e-05,0.0,0.0
842,-5.088248194211851e-05,0.0,0.0
843,9.477376255348781e-06,0.0,0.0
844,2.843272509993554e-05,0.0,0.0
845,-1.4635926832593222e-05,0.0,0.0
846,-9.913676537763114e-06,0.0,0.0
847,-7.810445488811604e-05,0.0,0.0
848,-3.2239606492667923e-05,0.0,0.0
849,-2.0347123784360678e-05,0.0,0.0
850,5.682930867513604e-05,0.0,0.0
851,4.486418402113649e-05,0.0,0.0
852,2.6491740575740937e-07,0.0,0.0
853,6.137750327953778e-06,0.0,0.0
854,1.688592645340708e-05,0.0,0.0
855,5.821037738995642e-07,0.0,0.0
856,-3.103303968795549e-05,0.0,0.0
857,2.2453164319097747e-05,0.0,0.0
858,6.231331031088296e-05,0.0,0.0
859,6.158400764060103e-05,0.0,0.0
860,4.6305804760719454e-05,0.0,0.0
861,-1.768098281345198e-05,0.0,0.0
862,-5.013784623419997e-05,0.0,0.0
863,-9.509939183169138e-05,0.0,0.0
864,4.100027604879295e-05,0.0,0.0
865,1.457687248929467e-05,0.0,0.0
866,1.6408160184794519e-06,0.0,0.0
867,4.391103206105772e-05,0.0,0.0
868,3.9200107809252754e-05,0.0,0.0
869,3.1056483421132926e-05,0.0,0.0
870,2.7641333374265302e-05,0.0,0.0
871,4.190223060149763e-05,0.0,0.0
872,-2.2779041262546985e-05,0.0,0.0
873,2.9987613136801882e-05,0.0,0.0
874,1.3712221945290089e-05,0.0,0.0
875,-5.052858996949458e-05,0.0,0.0
876,8.328351113279746e-06,0.0,0.0
877,8.328351113279746e-06,0.0,0.0
878,5.6450531684332097e-05,0.0,0.0
879,1.0956895663318585e-05,0.0,0.0
880,-1.6349750620380135e-05,0.0,0.0
881,-1.3567526438023627e-06,0.0,0.0
882,-2.6023950746453026e-05,0.0,0.0
883,-5.1833043166187045e-05,0.0,0.0
884,-1.0845558657257738e-05,0.0,0.0
885,4.6823497071191386e-05,0.0,0.0
886,1.2196700873111917e-05,0.0,0.0
887,3.976047760502964e-06,0.0,0.0
888,5.700734480985774e-05,0.0,0.0
889,2.6793721015018292e-05,0.0,0.0
890,4.769508120675369e-06,0.0,0.0
891,-1.5590085211960146e-05,0.0,0.0
892,6.166646630794898e-05,0.0,0.0
893,1.978167449823405e-05,0.0,0.0
894,-2.0870624868081654e-05,0.0,0.0
895,2.517141015041166e-06,0.0,0.0
896,8.527734442023845e-07,0.0,0.0
897,-0.0001057991324047282,0.0,0.0
898,2.9997418388830543e-05,0.0,0.0
899,-5.946857236112938e-05,0.0,0.0
900,7.719508698758445e-05,0.0,0.0
901,-1.9984181506686092e-05,0.0,0.0
902,-5.378420904793925e-06,0.0,0.0
903,2.2439889558846526e-05,0.0,0.0
904,-3.8361475485661363e-05,0.0,0.0
905,1.296678889217405e-05,0.0,0.0
906,3.813491256470818e-05,0.0,0.0
907,-2.7578349843540885e-06,0.0,0.0
908,7.175690634542644e-05,0.0,0.0
909,-3.3564752826128265e-05,0.0,0.0
910,3.2352126686372606e-05,0.0,0.0
911,-3.0406799943021362e-06,0.0,0.0
912,6.977421825338971e-05,0.0,0.0
913,-1.4107266842872176e-05,0.0,0.0
914,6.233043618094166e-05,0.0,0.0
915,-3.1014362309561243e-05,0.0,0.0
916,-4.538322635009091e-05,0.0,0.0
917,-1.1959812108983084e-05,0.0,0.0
918,-2.6561051357595574e-05,0.0,0.0
919,1.4487682383205482e-05,0.0,0.0
920,-6.092869672456213e-05,0.0,0.0
921,-2.6273245409041373e-06,0.0,0.0
922,4.2055708071001994e-05,0.0,0.0
923,-5.856531156922881e-06,0.0,0.0
924,4.282763525182607e-05,0.0,0.0
925,-1.581400037243561e-05,0.0,0.0
926,-1.581400037243561e-05,0.0,0.0
927,-6.443855302009277e-06,0.0,0.0
928,2.5922520339504903e-05,0.0,0.0
929,4.931740020975309e-07,0.0,0.0
930,4.931740020975309e-07,0.0,0.0
931,5.9052611601396714e-05,0.0,0.0
932,-4.745139311457154e-05,0.0,0.0
933,-3.777002003280694e-06,0.0,0.0
934,3.383792211409472e-05,0.0,0.0
935,-3.576694166401389e-05,0.0,0.0
936,-4.3229872749355006e-05,0.0,0.0
937,-6.398936231057399e-05,0.0,0.0
938,4.457487364356855e-06,0.0,0.0
939,-6.712959911405308e-06,0.0,0.0
940,8.720253221766529e-06,0.0,0.0
941,8.333576649987745e-05,0.0,0.0
942,6.827650326926188e-05,0.0,0.0
943,2.0056125283039388e-05,0.0,0.0
944,-2.1548604748928534e-05,0.0,0.0
945,2.4738545605592938e-05,0.0,0.0
946,7.159267792538086e-06,0.0,0.0
947,-4.58512697684886e-06,0.0,0.0
948,4.9346911983316934e-05,0.0,0.0
949,0.00010200926088226129,0.0,0.0
950,9.725421093772875e-06,0.0,0.0
951,1.6341393862480934e-05,0.0,0.0
952,2.044670717024012e-05,0.0,0.0
953,-1.4300884626832245e-05,0.0,0.0
954,-7.048219501025975e-05,0.0,0.0
955,9.170676980053975e-05,0.0,0.0
956,3.9364411494193054e-05,0.0,0.0
957,-8.600495980718653e-06,0.0,0.0
958,-9.109171834031891e-06,0.0,0.0
959,2.3441481041014898e-05,0.0,0.0
960,1.2179957620387372e-05,0.0,0.0
961,2.6609627964603645e-05,0.0,0.0
962,8.895745806642183e-05,0.0,0.0
963,3.508015343788943e-05,0.0,0.0
964,-3.7003094338019795e-05,0.0,0.0
965,2.4770044531913064e-05,0.0,0.0
966,-5.193315019150029e-05,0.0,0.0
967,-2.6954517820766046e-05,0.0,0.0
968,5.066463828264747e-05,0.0,0.0
969,2.536812407464866e-05,0.0,0.0
970,-5.379786827980568e-06,0.0,0.0
971,2.2713708589623708e-05,0.0,0.0
972,-1.4580808406415684e-05,0.0,0.0
973,-1.2545146718932755e-05,0.0,0.0
974,-4.050526682859869e-05,0.0,0.0
975,4.893938204580572e-05,0.0,0.0
976,-5.888854978191476e-05,0.0,0.0
977,1.4973664829502283e-06,0.0,0.0
978,1.4973664829502283e-06,0.0,0.0
979,-1.1505336440197735e-05,0.0,0.0
980,-3.246679041055927e-05,0.0,0.0
981,-4.8951824779491225e-05,0.0,0.0
982,-4.899439103934027e-05,0.0,0.0
983,-1.582863512915837e-05,0.0,0.0
984,2.942944761293516e-05,0.0,0.0
985,-7.484688629519806e-06,0.0,0.0
986,-1.7556969098001194e-05,0.0,0.0
987,2.6106690364719303e-05,0.0,0.0
988,-2.1893208468541643e-05,0.0,0.0
989,-5.228968785303004e-05,0.0,0.0
990,-6.755995205903936e-05,0.0,0.0
991,-5.217245996789143e-06,0.0,0.0
992,5.465988489217944e-05,0.0,0.0
993,-5.222372684896004e-05,0.0,0.0
994,-3.7399568255590355e-05,0.0,0.0
995,-1.2772784361827229e-05,0.0,0.0
996,-4.485394304345265e-05,0.0,0.0
997,-3.364730693061818e-05,0.0,0.0
998,2.298221769985585e-05,0.0,0.0
999,3.019994327054304e-05,0.0,0.0
1000,-3.198691748876132e-05,0.0,0.0
1001,-2.6781967397686738e-05,0.0,0.0
1002,1.56587125636292e-05,0.0,0.0
1003,2.904043928736765e-05,0.0,0.0
1004,-2.3125900627028386e-05,0.0,0.0
1005,-2.8708940443828596e-05,0.0,0.0
1006,-2.2780362153701883e-05,0.0,0.0
1007,-9.22227527866065e-06,0.0,0.0
1008,6.363973871386974e-05,0.0,0.0
1009,-5.276031201052929e-05,0.0,0.0
1010,-4.372425767493547e-05,0.0,0.0
1011,5.7822940914424035e-05,0.0,0.0
1012,1.7455905488108527e-08,0.0,0.0
1013,2.1785291521178537e-05,0.0,0.0
1014,-1.1636612523752285e-05,0.0,0.0
1015,1.0397519008023982e-05,0.0,0.0
1016,9.334569562124815e-06,0.0,0.0
1017,5.901506595231177e-05,0.0,0.0
1018,2.1748348285674866e-05,0.0,0.0
1019,7.226662052611614e-07,0.0,0.0
1020,-3.530586409541208e-06,0.0,0.0
1021,2.324433703061591e-05,0.0,0.0
1022,-1.9103884146628584e-05,0.0,0.0
1023,4.265209182026446e-05,0.0,0.0
1024,-3.747152338301048e-05,0.0,0.0
1025,-5.076504123080827e-05,0.0,0.0
1026,-4.0223540491737024e-05,0.0,0.0
1027,-1.899058504037148e-05,0.0,0.0
1028,-5.023314933632757e-05,0.0,0.0
1029,6.705521423703336e-05,0.0,0.0
1030,-3.42388144653711e-05,0.0,0.0
1031,1.6160058659214423e-05,0.0,0.0
1032,7.296420061759006e-05,0.0,0.0
1033,-2.4206843665314257e-05,0.0,0.0
1034,1.8355101598189425e-05,0.0,0.0
1035,6.834585392833809e-06,0.0,0.0
1036,-4.149780147870986e-05,0.0,0.0
1037,3.500017359167069e-05,0.0,0.0
1038,3.0681204989188594e-05,0.0,0.0
1039,-2.5343353322073304e-05,0.0,0.0
1040,-5.903225173869409e-05,0.0,0.0
1041,3.2528938009052157e-05,0.0,0.0
1042,3.2528938009052157e-05,0.0,0.0
1043,2.7292648078782577e-05,0.0,0.0
1044,4.270354783818006e-05,0.0,0.0
1045,-7.140540055259379e-06,0.0,0.0
1046,-7.00961294013763e-06,0.0,0.0
1047,1.604538870233275e-05,0.0,0.0
1048,2.7874264851941e-06,0.0,0.0
1049,-1.6747577231497837e-05,0.0,0.0
1050,1.6188037015279705e-05,0.0,0.0
1051,3.427862594333736e-05,0.0,0.0
1052,4.724326143698785e-05,0.0,0.0
1053,-3.744330811714662e-05,0.0,0.0
1054,5.444319882452872e-05,0.0,0.0
1055,5.30121540189183e-06,0.0,0.0
1056,-3.6082454384305373e-05,0.0,0.0
1057,3.0340694648192308e-05,0.0,0.0
1058,7.717445030325974e-05,0.0,0.0
1059,3.171154244773278e-05,0.0,0.0
1060,4.0830217027684375e-06,0.0,0.0
1061,6.282572767386087e-05,0.0,0.0
1062,3.7766236768626695e-05,0.0,0.0
1063,9.191026224377434e-06,0.0,0.0
1064,8.50153115604536e-05,0.0,0.0
1065,2.6039455466521e-05,0.0,0.0
1066,-6.521036220858937e-05,0.0,0.0
1067,-9.737188323032526e-05,0.0,0.0
1068,4.5509862672901844e-05,0.0,0.0
1069,-3.2642539497062215e-05,0.0,0.0
1070,-2.7805448998487935e-05,0.0,0.0
1071,1.3619531750295361e-05,0.0,0.0
1072,6.67212799303805e-06,0.0,0.0
1073,-3.958268110455878e-05,0.0,0.0
1074,3.254909002042318e-06,0.0,0.0
1075,-2.185522684880177e-05,0.0,0.0
1076,1.1268265034782462e-05,0.0,0.0
1077,-2.3105004636894357e-05,0.0,0.0
1078,4.5084139890176866e-05,0.0,0.0
1079,6.205892563932317e-05,0.0,0.0
1080,-1.5541529861160413e-05,0.0,0.0
1081,1.7752375666704052e-05,0.0,0.0
1082,-1.2379403074846857e-05,0.0,0.0
1083,-6.14515245542852e-05,0.0,0.0
1084,3.514465588410113e-05,0.0,0.0
1085,3.127228716243605e-05,0.0,0.0
1086,1.0341521188771961e-05,0.0,0.0
1087,-7.833903529734522e-06,0.0,0.0
1088,-1.011466647373906e-06,0.0,0.0
1089,-1.839162566431271e-05,0.0,0.0
1090,-6.699266252276428e-06,0.0,0.0
1091,6.755721168850288e-06,0.0,0.0
1092,-4.2750903753787724e-05,0.0,0.0
1093,-3.491685087035357e-05,0.0,0.0
1094,-2.106412689955464e-05,0.0,0.0
1095,-8.864403307420218e-05,0.0,0.0
1096,3.8328431552909696e-05,0.0,0.0
1097,8.696801130367651e-05,0.0,0.0
1098,4.6721005231975716e-05,0.0,0.0
1099,-0.00010689870526634568,0.0,0.0
1100,-3.852473716789078e-05,0.0,0.0
1101,4.0662221571209586e-05,0.0,0.0
1102,-4.103400019093446e-05,0.0,0.0
1103,4.4309145398885307e-05,0.0,0.0
1104,6.046626708373822e-05,0.0,0.0
1105,-7.335898041348503e-05,0.0,0.0
1106,1.632023058041854e-05,0.0,0.0
1107,-2.0030704787495674e-05,0.0,0.0
1108,-1.749955057549795e-05,0.0,0.0
1109,-1.4382802591046566e-05,0.0,0.0
1110,3.7034183637262174e-05,0.0,0.0
1111,-2.7540120896652448e-06,0.0,0.0
1112,8.674304531956881e-07,0.0,0.0
1113,-5.163972534152371e-05,0.0,0.0
1114,-5.6193319498663185e-06,0.0,0.0
1115,-2.700297191744796e-05,0.0,0.0
1116,-4.4253432689313644e-05,0.0,0.0
1117,6.37878053046661e-06,0.0,0.0
1118,-4.166940527371411e-05,0.0,0.0
1119,2.1079877726280796e-05,0.0,0.0
1120,-3.1891485961769506e-05,0.0,0.0
1121,1.7119383605116137e-05,0.0,0.0
1122,2.608180874695676e-05,0.0,0.0
1123,3.336312498653204e-05,0.0,0.0
1124,-3.125106559293416e-05,0.0,0.0
1125,2.7914810737669355e-05,0.0,0.0
1126,-7.25208188025476e-05,0.0,0.0
1127,6.817938473730867e-05,0.0,0.0
1128,5.1958665986599507e-05,0.0,0.0
1129,-1.650593477419806e-05,0.0,0.0
1130,1.6976829911194747e-05,0.0,0.0
1131,-7.57756667781339e-07,0.0,0.0
1132,-1.1198979527324402e-05,0.0,0.0
1133,-6.75093473463347e-05,0.0,0.0
1134,-2.1615823352475153e-05,0.0,0.0
1135,5.102441909506103e-05,0.0,0.0
1136,5.858297549899649e-05,0.0,0.0
1137,1.0956178645528785e-05,0.0,0.0
1138,-3.072080486464732e-05,0.0,0.0
1139,2.9661009912562917e-05,0.0,0.0
1140,2.2273081472998766e-06,0.0,0.0
1141,1.7086331151753265e-05,0.0,0.0
1142,0.0001020797587403293,0.0,0.0
1143,1.912451902546608e-05,0.0,0.0
1144,4.607519916605163e-05,0.0,0.0
1145,-1.4270769147226973e-05,0.0,0.0
1146,2.8104972261865463e-05,0.0,0.0
1147,-5.038629744458119e-05,0.0,0.0
1148,-1.65948699989288e-05,0.0,0.0
1149,1.2768017294227662e-05,0.0,0.0
1150,4.450187330161006e-06,0.0,0.0
1151,3.3261865279318823e-06,0.0,0.0
1152,1.0173645548601664e-05,0.0,0.0
1153,-2.78056055902169e-06,0.0,0.0
1154,-4.027296853015069e-05,0.0,0.0
1155,-6.506587531642283e-05,0.0,0.0
1156,1.5336854348586428e-05,0.0,0.0
1157,-4.0707915681356e-07,0.0,0.0
1158,3.0307979564030198e-05,0.0,0.0
1159,4.5209069487709546e-06,0.0,0.0
1160,1.6168375204254132e-05,0.0,0.0
1161,2.6742278270981855e-05,0.0,0.0
1162,2.120065699157771e-05,0.0,0.0
1163,-3.616977817955546e-05,0.0,0.0
1164,-7.698339808555204e-06,0.0,0.0
1165,-3.259542009575695e-05,0.0,0.0
1166,3.571585339337095e-05,0.0,0.0
1167,-7.830337900609744e-06,0.0,0.0
1168,6.751552022131978e-05,0.0,0.0
1169,-7.648064556887041e-05,0.0,0.0
1170,5.081245802274682e-05,0.0,0.0
1171,2.7934068289216364e-05,0.0,0.0
1172,-1.2424676500488776e-05,0.0,0.0
1173,5.7071071653152713e-05,0.0,0.0
1174,2.0991285285953555e-05,0.0,0.0
1175,-6.55368711043727e-05,0.0,0.0
1176,1.32292022142688e-05,0.0,0.0
1177,8.247641723588389e-07,0.0,0.0
1178,1.46099611621464e-05,0.0,0.0
1179,-4.2058286775517744e-05,0.0,0.0
1180,-3.456838850899136e-05,0.0,0.0
1181,2.27695938627864e-05,0.0,0.0
1182,-3.434856979773821e-06,0.0,0.0
1183,-2.3814396646730583e-05,0.0,0.0
1184,-3.1619728567320965e-05,0.0,0.0
1185,-4.103809865938935e-05,0.0,0.0
1186,1.0698311763862087e-05,0.0,0.0
1187,-2.1163336356372127e-05,0.0,0.0
1188,-3.940152398878067e-05,0.0,0.0
1189,2.331886979313613e-05,0.0,0.0
1190,2.464246013223336e-05,0.0,0.0
1191,2.464246013223336e-05,0.0,0.0
1192,3.77707425923103e-05,0.0,0.0
1193,-5.933146344239399e-06,0.0,0.0
1194,-2.78419214280004e-05,0.0,0.0
1195,4.212821800989281e-05,0.0,0.0
1196,-2.3433976261630064e-05,0.0,0.0
1197,1.929017045541441e-05,0.0,0.0
1198,-3.420717710356023e-05,0.0,0.0
1199,4.1062385762714816e-05,0.0,0.0
1200,9.074511449013837e-06,0.0,0.0
1201,1.7313604247879578e-05,0.0,0.0
1202,-2.10114694253798e-05,0.0,0.0
1203,-7.626823477391229e-06,0.0,0.0
1204,2.88029121121284e-05,0.0,0.0
1205,-2.9640457104831702e-05,0.0,0.0
1206,-4.1577596813295166e-05,0.0,0.0
1207,3.9970722279979436e-05,0.0,0.0
1208,4.986104218924304e-05,0.0,0.0
1209,3.899144451142307e-06,0.0,0.0
1210,-3.078919590622215e-05,0.0,0.0
1211,2.024481931020512e-05,0.0,0.0
1212,-2.709309094312836e-05,0.0,0.0
1213,-6.590863231165458e-05,0.0,0.0
1214,-1.500118251960757e-05,0.0,0.0
1215,-3.1907949505881396e-05,0.0,0.0
1216,3.130074794175462e-05,0.0,0.0
1217,5.7298345230284795e-05,0.0,0.0
1218,-3.937798976060355e-05,0.0,0.0
1219,4.824231430563617e-06,0.0,0.0
1220,-2.9852586017568078e-05,0.0,0.0
1221,-8.154949639858183e-06,0.0,0.0
1222,6.738828322469172e-06,0.0,0.0
1223,8.154982484047281e-05,0.0,0.0
1224,7.749845591841762e-05,0.0,0.0
1225,2.7880352052839406e-05,0.0,0.0
1226,2.0242787921579958e-06,0.0,0.0
1227,-4.551425909068297e-05,0.0,0.0
1228,-1.846932633873274e-05,0.0,0.0
1229,1.0906159217751859e-05,0.0,0.0
1230,-5.846624499120532e-05,0.0,0.0
1231,-6.278882425834982e-06,0.0,0.0
1232,-8.053034397896362e-06,0.0,0.0
1233,-8.843516845485604e-05,0.0,0.0
1234,-1.1759716066577934e-05,0.0,0.0
1235,4.9901845928139917e-05,0.0,0.0
1236,-1.1948957834691663e-05,0.0,0.0
1237,4.02452114665633e-05,0.0,0.0
1238,-9.895793704970474e-06,0.0,0.0
1239,1.4070045437086872e-05,0.0,0.0
1240,-2.1208918508656853e-05,0.0,0.0
1241,-7.046591127230493e-05,0.0,0.0
1242,0.000122579769787448,0.0,0.0
1243,-2.4884685745999008e-05,0.0,0.0
1244,-3.837972549155887e-05,0.0,0.0
1245,-2.6086666877987776e-05,0.0,0.0
1246,-2.1827197546465866e-05,0.0,0.0
1247,-3.0108200273532466e-06,0.0,0.0
1248,-8.022124275569726e-06,0.0,0.0
1249,-4.7945387326418046e-05,0.0,0.0
1250,-4.8997369237083426e-05,0.0,0.0
1251,6.35022326375513e-05,0.0,0.0
1252,-1.3885179264440555e-05,0.0,0.0
1253,1.0278964349190413e-06,0.0,0.0
1254,6.014532475830601e-05,0.0,0.0
1255,6.780500742349534e-05,0.0,0.0
1256,1.0858112314903563e-06,0.0,0.0
1257,-3.851622333728208e-06,0.0,0.0
1258,-6.7244158599109115e-06,0.0,0.0
1259,-7.163903504266988e-05,0.0,0.0
1260,-1.9723406099368496e-05,0.0,0.0
1261,-3.744472631973161e-05,0.0,0.0
1262,-4.6555109262083726e-05,0.0,0.0
1263,-4.036245746746212e-05,0.0,0.0
1264,4.6759662214159584e-05,0.0,0.0
1265,3.622585989632321e-05,0.0,0.0
1266,3.622585989632321e-05,0.0,0.0
1267,2.946359930158483e-05,0.0,0.0
1268,1.108304528074873e-05,0.0,0.0
1269,1.2494194217866703e-06,0.0,0.0
1270,6.312103488395068e-05,0.0,0.0
1271,1.142321612062004e-05,0.0,0.0
1272,-3.16461086468478e-05,0.0,0.0
1273,3.7051145045461774e-05,0.0,0.0
1274,-2.4739285974427232e-05,0.0,0.0
1275,3.175579854700753e-05,0.0,0.0
1276,-6.7351344069226465e-06,0.0,0.0
1277,-8.120824156982225e-05,0.0,0.0
1278,4.430001723542914e-05,0.0,0.0
1279,-3.487363434760884e-05,0.0,0.0
1280,1.9336139518193838e-05,0.0,0.0
1281,1.2111981082237273e-05,0.0,0.0
1282,1.4363708294042949e-05,0.0,0.0
1283,-1.9721526817971174e-06,0.0,0.0
1284,7.422671836490767e-05,0.0,0.0
1285,2.3911154300889674e-06,0.0,0.0
1286,-1.3020826765615927e-05,0.0,0.0
1287,-5.437106972917289e-06,0.0,0.0
1288,-2.802401880661464e-05,0.0,0.0
1289,1.9441732705857022e-05,0.0,0.0
1290,-3.984323654403277e-06,0.0,0.0
1291,-3.401888434690563e-05,0.0,0.0
1292,-3.1216162042996704e-05,0.0,0.0
1293,0.0001074335071975387,0.0,0.0
1294,7.324139589010845e-05,0.0,0.0
1295,4.2359345855669074e-05,0.0,0.0
1296,2.2067077089187665e-06,0.0,0.0
1297,-2.234137682704116e-06,0.0,0.0
1298,2.2786795438681084e-05,0.0,0.0
1299,5.058568246136488e-05,0.0,0.0
1300,6.370999602541251e-05,0.0,0.0
1301,-9.613077454926491e-05,0.0,0.0
1302,2.706803900291744e-05,0.0,0.0
1303,-9.590579205039128e-05,0.0,0.0
1304,6.419625366187492e-05,0.0,0.0
1305,-3.2688954133287186e-06,0.0,0.0
1306,-4.380015991614683e-05,0.0,0.0
1307,1.9487089769549797e-05,0.0,0.0
1308,-3.5409743419440407e-06,0.0,0.0
1309,8.627785781872625e-07,0.0,0.0
1310,-6.315681921487987e-05,0.0,0.0
1311,-4.009119776510913e-05,0.0,0.0
1312,3.007129883771372e-05,0.0,0.0
1313,-4.5174872571201815e-05,0.0,0.0
1314,2.297835807924524e-05,0.0,0.0
1315,9.494155010748651e-06,0.0,0.0
1316,9.494155010748651e-06,0.0,0.0
1317,4.257022488802183e-05,0.0,0.0
1318,3.0191782068362378e-05,0.0,0.0
1319,-6.761885133239801e-06,0.0,0.0
1320,-4.674443284059077e-05,0.0,0.0
1321,-1.4215862525705696e-05,0.0,0.0
1322,5.288204278651256e-06,0.0,0.0
1323,-1.9835423792631693e-05,0.0,0.0
1324,2.323626392509324e-05,0.0,0.0
1325,-1.3178562796043745e-05,0.0,0.0
1326,1.3219969454448749e-06,0.0,0.0
1327,5.5614115449505675e-05,0.0,0.0
1328,-4.332801674144303e-05,0.0,0.0
1329,-7.083029244693296e-05,0.0,0.0
1330,-1.4255031810387032e-05,0.0,0.0
1331,2.7979692802661035e-06,0.0,0.0
1332,3.188948254783616e-05,0.0,0.0
1333,7.183347557954847e-05,0.0,0.0
1334,4.3287206710975845e-05,0.0,0.0
1335,-1.4943173392202161e-05,0.0,0.0
1336,-1.4943173392202161e-05,0.0,0.0
1337,-3.512673353354261e-05,0.0,0.0
1338,-6.990660794510298e-05,0.0,0.0
1339,-3.7489685750392716e-05,0.0,0.0
1340,-3.299593039763127e-05,0.0,0.0
1341,2.9317137332320514e-05,0.0,0.0
1342,4.6410535998067603e-05,0.0,0.0
1343,3.7853483911547e-05,0.0,0.0
1344,-2.78860678555776e-05,0.0,0.0
1345,-1.4078605872296896e-05,0.0,0.0
1346,-2.6831601773806493e-05,0.0,0.0
1347,-2.1667666023891062e-05,0.0,0.0
1348,-2.1667666023891062e-05,0.0,0.0
1349,-7.00500139526891e-05,0.0,0.0
1350,5.148444997798432e-06,0.0,0.0
1351,3.7970906632142934e-05,0.0,0.0
1352,4.584368846094486e-05,0.0,0.0
1353,5.7698525870251454e-05,0.0,0.0
1354,-7.660322583950576e-05,0.0,0.0
1355,-1.8327673299196726e-05,0.0,0.0
1356,-3.0241810193850456e-05,0.0,0.0
1357,4.954935497985787e-05,0.0,0.0
1358,2.0393933535190553e-05,0.0,0.0
1359,2.2107042265721627e-05,0.0,0.0
1360,5.2690081770701306e-05,0.0,0.0
1361,-2.8405462077880103e-05,0.0,0.0
1362,-3.3377758042640366e-06,0.0,0.0
1363,-3.3377758042640366e-06,0.0,0.0
1364,-1.673835506477889e-05,0.0,0.0
1365,-1.1924466382890745e-05,0.0,0.0
1366,-1.266231902034479e-05,0.0,0.0
1367,2.777366001852747e-05,0.0,0.0
1368,-6.0057215347001906e-05,0.0,0.0
1369,-2.038375794458257e-05,0.0,0.0
1370,-2.038375794458257e-05,0.0,0.0
1371,-1.951141939884615e-05,0.0,0.0
1372,6.1286511433588055e-06,0.0,0.0
1373,2.3280767931207896e-05,0.0,0.0
1374,1.0265760518208597e-05,0.0,0.0
1375,2.1212465073296944e-06,0.0,0.0
1376,-4.6923889879340596e-05,0.0,0.0
1377,3.856235881798024e-05,0.0,0.0
1378,-9.671862940990373e-05,0.0,0.0
1379,-1.8818666048742525e-05,0.0,0.0
1380,-3.6699366666849016e-06,0.0,0.0
1381,-2.1231825273048786e-06,0.0,0.0
1382,7.302500200586231e-07,0.0,0.0
1383,3.185873785185114e-05,0.0,0.0
1384,5.6369679586715436e-05,0.0,0.0
1385,8.112135598767686e-06,0.0,0.0
1386,1.6983898586694284e-05,0.0,0.0
1387,-7.273098828564747e-06,0.0,0.0
1388,-1.4637689755563459e-05,0.0,0.0
1389,2.987396549864077e-05,0.0,0.0
1390,2.463268031776578e-06,0.0,0.0
1391,-5.469551399557584e-05,0.0,0.0
1392,-1.2102912908808627e-05,0.0,0.0
1393,4.3012435096301904e-05,0.0,0.0
1394,2.974177668816584e-05,0.0,0.0
1395,6.681602691677068e-05,0.0,0.0
1396,-1.5406376002585053e-05,0.0,0.0
1397,-3.536907695246364e-05,0.0,0.0
1398,0.00011992059486782304,0.0,0.0
1399,-3.2606594983704326e-05,0.0,0.0
1400,-2.7326485741242993e-05,0.0,0.0
1401,1.2112317323774423e-05,0.0,0.0
1402,6.771493277982774e-05,0.0,0.0
1403,2.737743450991813e-05,0.0,0.0
1404,3.220353696910378e-05,0.0,0.0
1405,4.722925541762125e-05,0.0,0.0
1406,9.977288024854133e-06,0.0,0.0
1407,2.3847787650346872e-05,0.0,0.0
1408,-8.720685020893577e-06,0.0,0.0
1409,-4.680096661878035e-05,0.0,0.0
1410,7.377819674899966e-05,0.0,0.0
1411,-2.2256985047884324e-05,0.0,0.0
1412,-2.2256985047884324e-05,0.0,0.0
1413,3.0929658705062996e-05,0.0,0.0
1414,-6.9317950002977015e-06,0.0,0.0
1415,-2.8200913034100827e-05,0.0,0.0
1416,1.2699817569052546e-06,0.0,0.0
1417,-3.303933954835672e-05,0.0,0.0
1418,-3.6244898125873924e-06,0.0,0.0
1419,-5.297075508907029e-06,0.0,0.0
1420,4.429389958614541e-05,0.0,0.0
1421,1.0474668760332846e-05,0.0,0.0
1422,-7.877406208135531e-06,0.0,0.0
1423,7.182304796175807e-05,0.0,0.0
1424,-7.619870059730832e-05,0.0,0.0
1425,6.305209381420791e-05,0.0,0.0
1426,2.2166497150346814e-05,0.0,0.0
1427,5.209254755521149e-05,0.0,0.0
1428,-2.4413226080989495e-05,0.0,0.0
1429,3.194536548540681e-05,0.0,0.0
1430,2.9347982709267594e-05,0.0,0.0
1431,-2.500616338692704e-05,0.0,0.0
1432,6.442820272537316e-05,0.0,0.0
1433,2.8052842038798898e-05,0.0,0.0
1434,-4.0037349794982316e-05,0.0,0.0
1435,-3.414491607710958e-05,0.0,0.0
1436,8.368111765171647e-05,0.0,0.0
1437,-2.315229097509635e-05,0.0,0.0
1438,5.826373088414316e-05,0.0,0.0
1439,1.4423535810749841e-05,0.0,0.0
1440,-4.8550114836542295e-05,0.0,0.0
1441,5.506823079201852e-06,0.0,0.0
1442,-1.7693009632605533e-05,0.0,0.0
1443,3.159807480822047e-05,0.0,0.0
1444,-5.1908431228872074e-05,0.0,0.0
1445,2.373853181610877e-05,0.0,0.0
1446,3.687884373868316e-05,0.0,0.0
1447,-3.2144663610748874e-05,0.0,0.0
1448,2.832314121190167e-06,0.0,0.0
1449,1.591466529412653e-05,0.0,0.0
1450,-1.541187403202512e-05,0.0,0.0
1451,-1.070996475547887e-05,0.0,0.0
1452,-2.661807870988121e-05,0.0,0.0
1453,-5.925932977262412e-05,0.0,0.0
1454,3.369710954975376e-05,0.0,0.0
1455,2.1578379057149258e-05,0.0,0.0
1456,-1.9632670096756882e-05,0.0,0.0
1457,9.676583674054164e-06,0.0,0.0
1458,-4.651245481492915e-05,0.0,0.0
1459,1.0510287620840941e-05,0.0,0.0
1460,-3.1094506352818843e-06,0.0,0.0
1461,4.779860078441525e-05,0.0,0.0
1462,5.629089594021795e-05,0.0,0.0
1463,-3.8911671776925314e-05,0.0,0.0
1464,-3.0689523585011804e-05,0.0,0.0
1465,3.5335831732630854e-05,0.0,0.0
1466,-9.602980985063208e-06,0.0,0.0
1467,1.4424318055403476e-05,0.0,0.0
1468,3.565108825317425e-05,0.0,0.0
1469,7.370569762709831e-05,0.0,0.0
1470,-3.830457809170369e-05,0.0,0.0
1471,3.8686600090719834e-05,0.0,0.0
1472,-3.9669048895934586e-05,0.0,0.0
1473,2.99150542536088e-05,0.0,0.0
1474,-1.3112657119745898e-05,0.0,0.0
1475,3.565121524657463e-05,0.0,0.0
1476,-5.527388164633743e-06,0.0,0.0
1477,-3.088886852814078e-05,0.0,0.0
1478,-3.190415741437978e-06,0.0,0.0
1479,-2.177265348541916e-05,0.0,0.0
1480,2.6286748716003345e-05,0.0,0.0
1481,1.338384401918949e-05,0.0,0.0
1482,-1.497069483781348e-09,0.0,0.0
1483,5.9207199274761274e-05,0.0,0.0
1484,-5.801671984551781e-05,0.0,0.0
1485,1.0219782516889826e-05,0.0,0.0
1486,5.940372865503289e-05,0.0,0.0
1487,-2.7077347027375164e-05,0.0,0.0
1488,5.213728200039838e-05,0.0,0.0
1489,3.0761030852855805e-05,0.0,0.0
1490,7.569966608822916e-05,0.0,0.0
1491,7.651761028320831e-06,0.0,0.0
1492,-1.118653707604526e-05,0.0,0.0
1493,-1.118653707604526e-05,0.0,0.0
1494,-6.073185561621098e-05,0.0,0.0
1495,5.170333190260358e-06,0.0,0.0
1496,-1.5137559992438353e-05,0.0,0.0
1497,5.786558380981492e-05,0.0,0.0
1498,-2.7859316413619175e-06,0.0,0.0
1499,1.2941947750795304e-05,0.0,0.0
1500,5.36640812208075e-05,0.0,0.0
1501,5.36640812208075e-05,0.0,0.0
1502,6.800412437804529e-05,0.0,0.0
1503,5.848885296309186e-05,0.0,0.0
1504,-7.911291190552952e-06,0.0,0.0
1505,-2.3091185204743997e-05,0.0,0.0
1506,1.8875901659159064e-05,0.0,0.0
1507,6.944811981846001e-06,0.0,0.0
1508,1.771111783471956e-05,0.0,0.0
1509,-1.6167412744146257e-05,0.0,0.0
1510,2.594820905153097e-05,0.0,0.0
1511,-3.153411274323561e-05,0.0,0.0
1512,-1.3393928905305535e-05,0.0,0.0
1513,1.950351616027771e-05,0.0,0.0
1514,9.776627316449842e-06,0.0,0.0
1515,-6.81199543856409e-06,0.0,0.0
1516,-2.9435865414431335e-05,0.0,0.0
1517,2.5445450292020472e-05,0.0,0.0
1518,2.7213102826278903e-05,0.0,0.0
1519,-5.769690989684343e-05,0.0,0.0
1520,-2.3581468082378335e-05,0.0,0.0
1521,-1.38801412192619e-05,0.0,0.0
1522,-1.1741870400426879e-05,0.0,0.0
1523,-1.825313739880088e-05,0.0,0.0
1524,4.305495063649118e-05,0.0,0.0
1525,-6.0301601279154895e-05,0.0,0.0
1526,-3.271344817931258e-05,0.0,0.0
1527,-2.724342301413515e-05,0.0,0.0
1528,3.921340690352855e-05,0.0,0.0
1529,4.51144420244138e-05,0.0,0.0
1530,7.030239823322909e-06,0.0,0.0
1531,2.7528750384415782e-05,0.0,0.0
1532,-5.460003630392439e-05,0.0,0.0
1533,6.7754817875920285e-06,0.0,0.0
1534,1.1512509136300046e-05,0.0,0.0
1535,5.712371550922947e-05,0.0,0.0
1536,-3.592019156500119e-05,0.0,0.0
1537,-5.216673238250804e-05,0.0,0.0
1538,1.2157015694957131e-05,0.0,0.0
1539,2.1395428748171997e-05,0.0,0.0
1540,-2.021214031547221e-05,0.0,0.0
1541,5.016055445119849e-05,0.0,0.0
1542,5.016055445119849e-05,0.0,0.0
1543,6.089983455257672e-05,0.0,0.0
1544,-3.3391067246754246e-05,0.0,0.0
1545,-3.467027405578825e-05,0.0,0.0
1546,-2.1569186198845143e-05,0.0,0.0
1547,1.8364295423477604e-05,0.0,0.0
1548,-7.466509093490421e-05,0.0,0.0
1549,-2.8599326187860795e-06,0.0,0.0
1550,-2.2702387005421572e-05,0.0,0.0
1551,2.433190548708632e-05,0.0,0.0
1552,-1.3302742267288252e-05,0.0,0.0
1553,-1.4638535819040964e-05,0.0,0.0
1554,4.9278867525180326e-05,0.0,0.0
1555,-6.087179971279567e-05,0.0,0.0
1556,-1.7944853185341376e-05,0.0,0.0
1557,4.745977767104996e-05,0.0,0.0
1558,-4.436173205889254e-05,0.0,0.0
1559,4.002727546150055e-06,0.0,0.0
1560,-2.0861615521600058e-05,0.0,0.0
1561,-5.8424432682071536e-05,0.0,0.0
1562,-4.97470980466857e-05,0.0,0.0
1563,-2.4899453712433285e-05,0.0,0.0
1564,1.2696790063639452e-05,0.0,0.0
1565,-4.6731328896864113e-07,0.0,0.0
1566,-2.911296401096097e-05,0.0,0.0
1567,-3.924946708421178e-05,0.0,0.0
1568,2.0219805345794905e-05,0.0,0.0
1569,-1.2591957208402072e-05,0.0,0.0
1570,-2.9105371029242496e-05,0.0,0.0
1571,3.3837344837881904e-05,0.0,0.0
1572,-8.53125371277263e-06,0.0,0.0
1573,-8.53125371277263e-06,0.0,0.0
1574,-4.1784013828191364e-05,0.0,0.0
1575,-3.5620312916088956e-06,0.0,0.0
1576,1.2879109866214931e-05,0.0,0.0
1577,-4.646185511468953e-05,0.0,0.0
1578,-3.203008272804209e-05,0.0,0.0
1579,2.1218790699308484e-05,0.0,0.0
1580,-3.839035623691126e-05,0.0,0.0
1581,4.8462510653656524e-05,0.0,0.0
1582,5.1579701110151925e-05,0.0,0.0
1583,5.3359513359956285e-05,0.0,0.0
1584,-3.510082603807908e-05,0.0,0.0
1585,-5.966914906519418e-05,0.0,0.0
1586,-5.966914906519418e-05,0.0,0.0
1587,-1.597991266798803e-05,0.0,0.0
1588,-4.905169382818792e-05,0.0,0.0
1589,9.874155898601918e-05,0.0,0.0
1590,-3.146949169904538e-05,0.0,0.0
1591,-2.4458533072913192e-05,0.0,0.0
1592,1.4058371561237154e-05,0.0,0.0
1593,-1.3047209991229238e-05,0.0,0.0
1594,-3.4572326923515244e-05,0.0,0.0
1595,5.307726287239553e-06,0.0,0.0
1596,9.216438716878677e-06,0.0,0.0
1597,2.9525806829728265e-05,0.0,0.0
1598,-2.6688076262337915e-05,0.0,0.0
1599,8.333186021019953e-05,0.0,0.0
1600,4.891695160921286e-05,0.0,0.0
1601,2.7719162515654285e-05,0.0,0.0
1602,-1.9805560216435718e-05,0.0,0.0
1603,-7.989645976707315e-05,0.0,0.0
1604,1.6267481983214867e-05,0.0,0.0
1605,1.2741320007653049e-05,0.0,0.0
1606,6.640658510012388e-05,0.0,0.0
1607,-5.158203337771784e-05,0.0,0.0
1608,1.7368390196275193e-05,0.0,0.0
1609,-9.813471616363755e-08,0.0,0.0
1610,5.351669178607926e-05,0.0,0.0
1611,5.08919509558541e-06,0.0,0.0
1612,4.7038580858448836e-05,0.0,0.0
1613,-4.4943564464245486e-05,0.0,0.0
1614,-5.069285716721169e-05,0.0,0.0
1615,2.968748937089479e-07,0.0,0.0
1616,-5.2678380010518386e-05,0.0,0.0
1617,-4.2158987753207316e-05,0.0,0.0
1618,-1.252071166928265e-05,0.0,0.0
1619,7.774660117202652e-05,0.0,0.0
1620,6.904899851213981e-05,0.0,0.0
1621,-2.3088749073741017e-05,0.0,0.0
1622,5.613565053377419e-05,0.0,0.0
1623,3.090697565351211e-05,0.0,0.0
1624,8.227056690267804e-06,0.0,0.0
1625,-2.324045274534161e-05,0.0,0.0
1626,3.109576749076211e-05,0.0,0.0
1627,5.639957917470075e-06,0.0,0.0
1628,-4.2732498925434506e-05,0.0,0.0
1629,5.938284637770895e-05,0.0,0.0
1630,-2.6472372402899777e-05,0.0,0.0
1631,-6.212172598519118e-05,0.0,0.0
1632,-4.5061920602985755e-06,0.0,0.0
1633,4.7521819056315495e-05,0.0,0.0
1634,-1.617577526234156e-05,0.0,0.0
1635,2.9072463335369917e-05,0.0,0.0
1636,-2.5815585998167643e-05,0.0,0.0
1637,-2.0679885204541547e-05,0.0,0.0
1638,3.398118536886319e-05,0.0,0.0
1639,4.760569912195555e-05,0.0,0.0
1640,-3.932690955838583e-05,0.0,0.0
1641,2.0850994056170364e-06,0.0,0.0
1642,2.4729126735195587e-05,0.0,0.0
1643,2.4729126735195587e-05,0.0,0.0
1644,-3.3322043106814224e-05,0.0,0.0
1645,8.194806259089792e-06,0.0,0.0
1646,-2.1168230560974316e-05,0.0,0.0
1647,2.3298309393444783e-05,0.0,0.0
1648,-3.795977162813269e-05,0.0,0.0
1649,5.5059118291015705e-05,0.0,0.0
1650,-2.5657202322869276e-05,0.0,0.0
1651,1.0123792759312746e-05,0.0,0.0
1652,3.6744170886538175e-05,0.0,0.0
1653,-3.633569176876352e-05,0.0,0.0
1654,7.472946073238042e-05,0.0,0.0
1655,0.00011561041984272635,0.0,0.0
1656,-1.6237726101354336e-05,0.0,0.0
1657,-2.619175951936634e-05,0.0,0.0
1658,2.1939625462775947e-05,0.0,0.0
1659,2.1939625462775947e-05,0.0,0.0
1660,4.115951316949594e-05,0.0,0.0
1661,5.9013208700193174e-05,0.0,0.0
1662,4.290677225963045e-05,0.0,0.0
1663,4.290677225963045e-05,0.0,0.0
1664,-1.966421471361337e-05,0.0,0.0
1665,-3.792298145938342e-05,0.0,0.0
1666,-5.600270477083451e-05,0.0,0.0
1667,-5.600270477083451e-05,0.0,0.0
1668,-7.143097341063157e-06,0.0,0.0
1669,2.999832225238731e-05,0.0,0.0
1670,-3.369678847451297e-05,0.0,0.0
1671,-9.050400423358124e-05,0.0,0.0
1672,-1.4567158358126659e-05,0.0,0.0
1673,4.813209086708231e-05,0.0,0.0
1674,-4.704418433505385e-06,0.0,0.0
1675,-1.8204950902749005e-05,0.0,0.0
1676,-4.58865101113624e-05,0.0,0.0
1677,3.565847588212111e-05,0.0,0.0
1678,1.4806821660102621e-05,0.0,0.0
1679,9.114160345056298e-06,0.0,0.0
1680,-1.194761241343051e-05,0.0,0.0
1681,2.5426802620312972e-05,0.0,0.0
1682,-0.00010468020058672265,0.0,0.0
1683,-1.9629789891407024e-05,0.0,0.0
1684,7.371786308848088e-05,0.0,0.0
1685,3.256134489893259e-05,0.0,0.0
1686,2.9857313753618324e-05,0.0,0.0
1687,2.9857313753618324e-05,0.0,0.0
1688,-1.1701978386108541e-07,0.0,0.0
1689,-6.823748351605962e-05,0.0,0.0
1690,-4.184420123633729e-05,0.0,0.0
1691,-4.184420123633729e-05,0.0,0.0
1692,2.857340224919386e-05,0.0,0.0
1693,1.5291385038836857e-05,0.0,0.0
1694,-1.3556987289411863e-05,0.0,0.0
1695,1.5112478919608742e-05,0.0,0.0
1696,1.7059915023020482e-05,0.0,0.0
1697,-3.322123441667101e-05,0.0,0.0
1698,-5.129574533559194e-06,0.0,0.0
1699,1.8030452053163865e-05,0.0,0.0
1700,2.6630575059550537e-05,0.0,0.0
1701,2.4231769501215384e-05,0.0,0.0
1702,3.207211436480916e-05,0.0,0.0
1703,2.999082979513623e-05,0.0,0.0
1704,-1.1045254257246462e-05,0.0,0.0
1705,-1.1045254257246462e-05,0.0,0.0
1706,8.136006375524814e-06,0.0,0.0
1707,2.4911414938985792e-05,0.0,0.0
1708,9.642716960946819e-06,0.0,0.0
1709,-1.6647379196118117e-05,0.0,0.0
1710,-0.00012651313944982704,0.0,0.0
1711,-2.5126031393937834e-05,0.0,0.0
1712,-3.345243561863056e-05,0.0,0.0
1713,-3.345243561863056e-05,0.0,0.0
1714,6.253433152999128e-05,0.0,0.0
1715,2.0840426810380906e-05,0.0,0.0
1716,8.433889718763903e-06,0.0,0.0
1717,1.6540958835650445e-05,0.0,0.0
1718,4.507308188381667e-05,0.0,0.0
1719,-6.991765095408945e-06,0.0,0.0
1720,2.1752982033569587e-05,0.0,0.0
1721,5.280451762015058e-05,0.0,0.0
1722,1.9433911736833026e-05,0.0,0.0
1723,-1.552229243332762e-05,0.0,0.0
1724,-6.365448614127174e-06,0.0,0.0
1725,-2.865945575478327e-05,0.0,0.0
1726,1.0638256428506706e-05,0.0,0.0
1727,1.0638256428506706e-05,0.0,0.0
1728,-4.793323212134708e-05,0.0,0.0
1729,2.7255298487781877e-05,0.0,0.0
1730,1.5657295152558782e-05,0.0,0.0
1731,-3.285287488592294e-05,0.0,0.0
1732,-1.6394128444459054e-05,0.0,0.0
1733,7.535782713013033e-05,0.0,0.0
1734,-1.2846463882169675e-05,0.0,0.0
1735,-6.305758073609152e-06,0.0,0.0
1736,7.057326282208187e-06,0.0,0.0
1737,-7.295777515742242e-05,0.0,0.0
1738,3.7149709389110286e-05,0.0,0.0
1739,-5.8319983363817216e-05,0.0,0.0
1740,-3.021782301960249e-05,0.0,0.0
1741,4.329532517122255e-05,0.0,0.0
1742,5.865347367097507e-05,0.0,0.0
1743,1.8780488949710682e-05,0.0,0.0
1744,-2.95422701807284e-05,0.0,0.0
1745,-4.862342575673442e-05,0.0,0.0
1746,6.0117941673880386e-05,0.0,0.0
1747,2.5770384933238383e-05,0.0,0.0
1748,2.8738321122628754e-05,0.0,0.0
1749,-1.4328186846427076e-05,0.0,0.0
1750,-2.199701752955728e-05,0.0,0.0
1751,3.6299378675399576e-05,0.0,0.0
1752,4.738466784900798e-05,0.0,0.0
1753,1.6436565746886164e-05,0.0,0.0
1754,-1.4022237287262155e-05,0.0,0.0
1755,3.780044151919571e-05,0.0,0.0
1756,-8.223871125762324e-05,0.0,0.0
1757,-3.32834948018673e-05,0.0,0.0
1758,-6.055980718434909e-05,0.0,0.0
1759,9.49673172352649e-05,0.0,0.0
1760,-1.6512648304845985e-05,0.0,0.0
1761,1.4205330434619217e-05,0.0,0.0
1762,-3.420414488010008e-05,0.0,0.0
1763,1.5223806904505262e-05,0.0,0.0
1764,3.8181464878290064e-05,0.0,0.0
1765,-3.2585728586010656e-08,0.0,0.0
1766,4.7005169062336696e-06,0.0,0.0
1767,5.983988022769311e-05,0.0,0.0
1768,4.209615718219419e-05,0.0,0.0
1769,-3.747378571311143e-05,0.0,0.0
1770,-2.2534485125135963e-05,0.0,0.0
1771,2.2963846245689385e-05,0.0,0.0
1772,5.922824877739772e-05,0.0,0.0
1773,-3.883357095137257e-05,0.0,0.0
1774,-2.3365814986066918e-05,0.0,0.0
1775,-2.5583278615953404e-05,0.0,0.0
1776,3.0097492691154415e-05,0.0,0.0
1777,-3.306104079501907e-05,0.0,0.0
1778,-2.2863965479394757e-07,0.0,0.0
1779,-1.946325116377365e-05,0.0,0.0
1780,-2.815473264004557e-06,0.0,0.0
1781,2.7248698983495413e-05,0.0,0.0
1782,8.69958586430075e-06,0.0,0.0
1783,-7.601100484845679e-05,0.0,0.0
1784,7.535255119911843e-05,0.0,0.0
1785,3.866689745038083e-05,0.0,0.0
1786,-2.5380484520048585e-05,0.0,0.0
1787,-2.5380484520048585e-05,0.0,0.0
1788,4.019837708381752e-05,0.0,0.0
1789,2.7993399383978445e-05,0.0,0.0
1790,-4.901704010422949e-05,0.0,0.0
1791,1.7035621557812173e-05,0.0,0.0
1792,1.3494255504223549e-05,0.0,0.0
1793,-3.8987172063757154e-05,0.0,0.0
1794,2.486416918535395e-05,0.0,0.0
1795,6.308114183892826e-05,0.0,0.0
1796,-1.6438273836361648e-05,0.0,0.0
1797,-8.469915467470112e-05,0.0,0.0
1798,-1.2125243351078136e-05,0.0,0.0
1799,4.964194412673288e-05,0.0,0.0
1800,8.717421122140074e-06,0.0,0.0
1801,3.3842843694854993e-06,0.0,0.0
1802,-4.954867228716941e-05,0.0,0.0
1803,5.2474397118556165e-06,0.0,0.0
1804,5.8843107957645514e-06,0.0,0.0
1805,3.151074475255236e-05,0.0,0.0
1806,1.3909033741493118e-05,0.0,0.0
1807,-3.624913325291113e-06,0.0,0.0
1808,-1.8115412841902197e-06,0.0,0.0
1809,5.543223880308078e-05,0.0,0.0
1810,-1.954622453296122e-05,0.0,0.0
1811,-7.748595445392827e-05,0.0,0.0
1812,-2.6900674791080956e-05,0.0,0.0
1813,-2.0393087340050285e-05,0.0,0.0
1814,-1.3351037508419915e-05,0.0,0.0
1815,-5.650175227015227e-05,0.0,0.0
1816,-4.4840603187585814e-05,0.0,0.0
1817,7.5664404492370885e-06,0.0,0.0
1818,4.359421640640971e-07,0.0,0.0
1819,4.729976360553883e-05,0.0,0.0
1820,1.2428324076615387e-05,0.0,0.0
1821,5.341603607150555e-05,0.0,0.0
1822,3.864179322062883e-05,0.0,0.0
1823,1.3950572240206274e-05,0.0,0.0
1824,-3.1740187315460314e-05,0.0,0.0
1825,-3.4724390760565535e-05,0.0,0.0
1826,-1.2330646771039868e-05,0.0,0.0
1827,-5.214736622218573e-05,0.0,0.0
1828,2.9241211266421593e-05,0.0,0.0
1829,-2.1422420573934022e-05,0.0,0.0
1830,1.3035473083565655e-05,0.0,0.0
1831,-6.513226207733715e-05,0.0,0.0
1832,3.137222245734437e-05,0.0,0.0
1833,-6.193486244049988e-05,0.0,0.0
1834,1.9003840648713273e-05,0.0,0.0
1835,7.336172759597941e-06,0.0,0.0
1836,-1.9165876854031208e-05,0.0,0.0
1837,2.722846559206202e-05,0.0,0.0
1838,4.3858555169965486e-05,0.0,0.0
1839,4.8311158676488804e-05,0.0,0.0
1840,2.3899177028026864e-06,0.0,0.0
1841,4.950720434606881e-06,0.0,0.0
1842,-4.33538669755292e-05,0.0,0.0
1843,4.352772420058386e-05,0.0,0.0
1844,-1.070445900865217e-06,0.0,0.0
1845,-4.544298325877467e-06,0.0,0.0
1846,5.3736611886943825e-06,0.0,0.0
1847,1.60194196747364e-05,0.0,0.0
1848,5.4866157657775194e-05,0.0,0.0
1849,-7.406975278553463e-05,0.0,0.0
1850,-5.3308295667256275e-06,0.0,0.0
1851,6.146207365728965e-05,0.0,0.0
1852,1.9894874996808837e-05,0.0,0.0
1853,-2.0414969282826922e-05,0.0,0.0
1854,2.074615307852789e-05,0.0,0.0
1855,6.576059003959136e-05,0.0,0.0
1856,2.9225474028543298e-05,0.0,0.0
1857,-1.894827639794774e-05,0.0,0.0
1858,3.6807443601604163e-06,0.0,0.0
1859,-1.1972189974774491e-06,0.0,0.0
1860,-1.0108282137355717e-05,0.0,0.0
1861,-3.136009305172473e-05,0.0,0.0
1862,5.412304676618188e-05,0.0,0.0
1863,-1.841898064821633e-05,0.0,0.0
1864,-1.98869064042342e-05,0.0,0.0
1865,-2.826712973287437e-05,0.0,0.0
1866,5.9607370830534595e-05,0.0,0.0
1867,-2.7629432658273374e-05,0.0,0.0
1868,-3.078685088679268e-05,0.0,0.0
1869,-7.811522350879487e-06,0.0,0.0
1870,-6.0287154537106826e-05,0.0,0.0
1871,-3.579967082987969e-05,0.0,0.0
1872,3.639062041618048e-05,0.0,0.0
1873,1.3957987807191748e-05,0.0,0.0
1874,-7.618331012294651e-06,0.0,0.0
1875,-8.058592809712593e-06,0.0,0.0
1876,5.234564185773973e-05,0.0,0.0
1877,3.1038399046186065e-06,0.0,0.0
1878,3.871036560482983e-05,0.0,0.0
1879,2.2382665573413153e-05,0.0,0.0
1880,1.2166195128196866e-05,0.0,0.0
1881,2.5720341606832954e-05,0.0,0.0
1882,2.5720341606832954e-05,0.0,0.0
1883,2.3823748644110445e-05,0.0,0.0
1884,-3.1122458300399046e-05,0.0,0.0
1885,-2.823518937975881e-05,0.0,0.0
1886,-3.088994298182929e-05,0.0,0.0
1887,2.193302208350755e-05,0.0,0.0
1888,2.193302208350755e-05,0.0,0.0
1889,3.6461519668164256e-05,0.0,0.0
1890,-4.865917112236096e-05,0.0,0.0
1891,3.256064890199785e-05,0.0,0.0
1892,-4.531907270334251e-05,0.0,0.0
1893,1.3407257586486241e-05,0.0,0.0
1894,-2.1150648323999926e-05,0.0,0.0
1895,3.7687604784577975e-05,0.0,0.0
1896,2.9319293035036376e-05,0.0,0.0
1897,8.140846443680617e-05,0.0,0.0
1898,-2.1009306995339945e-05,0.0,0.0
1899,7.003302400848049e-05,0.0,0.0
1900,1.5089712586090582e-06,0.0,0.0
1901,-2.5692384783203388e-05,0.0,0.0
1902,1.1109408949454441e-05,0.0,0.0
1903,-9.114674820278227e-05,0.0,0.0
1904,-6.5845680952444e-06,0.0,0.0
1905,-2.760022589576508e-05,0.0,0.0
1906,-4.812279422771685e-06,0.0,0.0
1907,1.649136681235271e-05,0.0,0.0
1908,5.502102987537007e-05,0.0,0.0
1909,2.1720402422608883e-05,0.0,0.0
1910,2.7392097554848437e-05,0.0,0.0
1911,-2.0471384150775393e-05,0.0,0.0
1912,1.3972750315156942e-05,0.0,0.0
1913,3.4994172304971604e-06,0.0,0.0
1914,7.398888083771638e-06,0.0,0.0
1915,2.623820768365554e-05,0.0,0.0
1916,1.0377242889591085e-05,0.0,0.0
1917,3.72579384994463e-05,0.0,0.0
1918,7.147048391182576e-05,0.0,0.0
1919,-5.282274251568766e-05,0.0,0.0
1920,-4.4767681183091135e-05,0.0,0.0
1921,5.899933453423416e-06,0.0,0.0
1922,3.17100249018066e-05,0.0,0.0
1923,1.9762013581730075e-05,0.0,0.0
1924,1.5660877127597695e-05,0.0,0.0
1925,1.8361422312270565e-05,0.0,0.0
1926,-2.525222883527884e-05,0.0,0.0
1927,-6.970771983114398e-05,0.0,0.0
1928,-2.4055796820301753e-05,0.0,0.0
1929,-4.943032211018368e-05,0.0,0.0
1930,-3.9417236460563294e-05,0.0,0.0
1931,5.167413142295043e-05,0.0,0.0
1932,-4.3336496548585594e-05,0.0,0.0
1933,-4.4771697606859264e-05,0.0,0.0
1934,6.740461446256206e-06,0.0,0.0
1935,-8.942112290797894e-05,0.0,0.0
1936,-1.2958013068084328e-05,0.0,0.0
1937,-8.502200867427964e-06,0.0,0.0
1938,-3.571014162784981e-05,0.0,0.0
1939,3.1461480216129695e-05,0.0,0.0
1940,-1.322602551960095e-05,0.0,0.0
1941,-7.101347177067646e-05,0.0,0.0
1942,9.61748033948654e-05,0.0,0.0
1943,4.968639305870501e-05,0.0,0.0
1944,-1.3319003697181964e-05,0.0,0.0
1945,2.3630408256046742e-05,0.0,0.0
1946,3.8301862949830556e-05,0.0,0.0
1947,8.183777303282896e-07,0.0,0.0
1948,5.772328666859414e-05,0.0,0.0
1949,9.979995044780919e-05,0.0,0.0
1950,-4.194510914697836e-05,0.0,0.0
1951,1.3417799254742682e-05,0.0,0.0
1952,-6.139967826309211e-05,0.0,0.0
1953,3.17818165479857e-05,0.0,0.0
1954,-2.764575206322244e-05,0.0,0.0
1955,-8.508720129411825e-06,0.0,0.0
1956,6.829812737531818e-05,0.0,0.0
1957,2.140506793698924e-05,0.0,0.0
1958,6.327709182627888e-06,0.0,0.0
1959,9.437019852677402e-06,0.0,0.0
1960,9.437019852677402e-06,0.0,0.0
1961,3.109230128669664e-05,0.0,0.0
1962,1.604948763424668e-05,0.0,0.0
1963,7.556239621681675e-06,0.0,0.0
1964,2.369663576016867e-05,0.0,0.0
1965,-4.583840197768191e-05,0.0,0.0
1966,4.912501549418419e-05,0.0,0.0
1967,-1.4484941573717038e-05,0.0,0.0
1968,1.0158204167016118e-05,0.0,0.0
1969,4.2973419602604415e-05,0.0,0.0
1970,1.7204960730297824e-05,0.0,0.0
1971,-9.161850033674441e-06,0.0,0.0
1972,4.0682135134862625e-05,0.0,0.0
1973,-8.006363037622666e-07,0.0,0.0
1974,1.5093863817741342e-05,0.0,0.0
1975,-8.372565610572793e-06,0.0,0.0
1976,4.5994496155683284e-05,0.0,0.0
1977,3.619619105683809e-05,0.0,0.0
1978,-2.9513195154706224e-05,0.0,0.0
1979,5.535312301273545e-05,0.0,0.0
1980,-3.177133918468073e-05,0.0,0.0
1981,3.283481498284825e-05,0.0,0.0
1982,-4.552464864224647e-05,0.0,0.0
1983,-8.803722889796776e-06,0.0,0.0
1984,8.590402359926806e-05,0.0,0.0
1985,-2.9133035873881838e-05,0.0,0.0
1986,3.8726019922551085e-05,0.0,0.0
1987,-8.848664849526085e-05,0.0,0.0
1988,3.3983994067887037e-05,0.0,0.0
1989,-2.8709307819978334e-05,0.0,0.0
1990,4.806417620230021e-05,0.0,0.0
1991,-1.5890779538248438e-05,0.0,0.0
1992,5.3765057928550585e-06,0.0,0.0
1993,6.005988633674114e-05,0.0,0.0
1994,1.006237304580522e-06,0.0,0.0
1995,1.9001803574224933e-05,0.0,0.0
1996,-1.4215350742526096e-05,0.0,0.0
1997,-8.811872131095082e-06,0.0,0.0
1998,-2.8974557313691484e-05,0.0,0.0
1999,-2.291108506814475e-05,0.0,0.0
