,abs_amplitude,abs_c_-2,abs_c_-1,abs_c_0,abs_c_1,abs_c_2
0,0.31500155018591686,0.19208857303139432,0.8264424135464992,0.8828776451675643,0.1652796124037714,0.1297637995630702
1,0.19021965653332365,0.15758605774442105,0.31986536521256537,0.9331851959848818,0.17802773478387734,0.18831237469935322
2,0.22255731095207618,0.06298086969781526,0.16243960691662598,0.7885762514960437,0.33173992504599537,0.042682946185346335
3,0.04962332013805304,0.13611921626337903,0.22616396721574208,0.7326758985511276,0.4375148529055882,0.1450894052403705
4,0.2798681851903678,0.03708828341311547,0.3411206352169714,1.005262936697775,0.22226477098407074,0.14293372503649643
5,0.39978211591553536,0.09027558557409267,0.5462873622788114,0.5681994929187134,0.11368310455597347,0.1392681488462459
6,0.10947920628982966,0.25416607822924786,0.48542750968855913,0.4794178486571396,0.3378926466775489,0.12781873579539954
7,0.06130805033485903,0.09724333898994754,0.43129307907926073,0.06373327278511563,0.43916444089997286,0.3011051799220449
8,0.14857482326177918,0.30705860926894507,0.5809259313694917,0.7246627554536792,0.2473075986906748,0.14211584883545547
9,0.13185078322550772,0.13542333984184124,0.6872746967832035,1.004698997409808,0.36131233096012855,0.05180579668570513
10,0.2585943575302728,0.14756012321352435,0.27854767521610607,0.7000857314728874,0.07143355988057712,0.23378828548130318
11,0.24911830149348613,0.22897152927331887,0.4257547624322758,0.4740217203308222,0.21533243153434845,0.07377722521560713
12,0.39886577556224967,0.24262060754211334,0.3387468214638299,1.2276337101398127,0.37632549826853007,0.15264982082174922
13,0.2302785983020591,0.39073176104063856,0.6260136504649803,0.525367683606831,0.5511794626781009,0.28786347880336766
14,0.13697284901900644,0.25033472148291425,0.5756713161113449,0.7461061191659378,0.17203485552482686,0.16312558573619668
15,0.7285576005707309,0.09700698548782583,0.3205556520770718,0.710720409328025,0.13750286818982824,0.1113988449709862
16,0.26019087471104746,0.1515840512018418,0.463397212033961,0.11325518967380634,0.2943021693460446,0.3692242617803291
17,0.014113701051692074,0.07019373189956521,0.6048614250453824,0.6775227892305467,0.3692708666388804,0.17196099135703516
18,0.31699607650560835,0.11088144288666499,0.20741774903850535,0.39547168469778654,0.41714807224626155,0.06893883964934115
19,0.1700978856592352,0.38887943160832616,0.1526380590001863,0.7434420342649345,0.08889851431586807,0.14948396802316669
20,0.06697954885832286,0.05948584843318344,0.172417086416569,0.4777949679653719,0.33217305274727443,0.27460830819290283
21,0.051024389289167665,0.0448319837310317,0.19043954037895067,0.7386919212379167,0.1513700954023634,0.13064416988704586
22,0.3082023539755078,0.20750365626641765,0.2955757254549531,0.5207156148820993,0.10044516186855755,0.18318250632349123
23,0.249673294558799,0.07776945325384144,0.2276431905121809,0.7588026335307527,0.29275975120088565,0.24562100428935194
24,0.341015043490717,0.17740168289764238,0.09094553640127663,0.6337385561483001,0.2670743548668747,0.027475911134995833
25,0.03764479213324229,0.4372128700831797,0.5113306836022059,0.5839383067926616,0.17018665361684118,0.028477187562714477
26,0.2717586208506803,0.0692622082614649,0.30047723934036036,0.18949200920721335,0.3297336527217518,0.29969810319504475
27,0.20370144718958705,0.20916196323057007,0.43171093243845465,0.5726556627189219,0.22969834173103612,0.22035869408376238
28,0.20341834681509974,0.221884579382762,0.24544473603660316,1.2753164597487159,0.41655251579725155,0.07977457010035267
29,0.3798479755904818,0.23973378016297148,0.31288805135923786,0.8127208951394534,0.39341287038953043,0.12954803027686496
30,0.40169058021503584,0.37240648204521165,0.4192103539670783,0.7930394481642216,0.04376574686212542,0.15386046410277604
31,0.14692317110207465,0.19290412291614473,0.3168714347276852,0.5314923258825069,0.1008902474195903,0.1505893801483264
32,0.011177075647588519,0.17645996887886914,0.32546562607909035,0.828618609237003,0.27266825858069066,0.08696175553314184
33,0.2829164653113081,0.24214616290541902,0.043355264805148515,0.8141818161380507,0.14401417248428944,0.2967038617306727
34,0.20742407649658468,0.18680728924210407,0.5236684573450975,0.6103379158918288,0.2702243453091007,0.36414634919630867
35,0.3111430204258412,0.06746372671762438,0.08731238959360153,0.6590774311096355,0.39613237524893935,0.19796924302546326
36,0.043510367787710225,0.2224505625123322,0.4122688318968902,0.42068051765271547,0.5689876165510489,0.10065246392076978
37,0.3893674218336647,0.05592247317477329,0.34860880597187793,0.5372524747482763,0.32999200553056557,0.0952829721678639
38,0.3289202436774724,0.2535300591016564,0.3943259844753969,0.22165620333458647,0.19384313281062054,0.19732828460966137
39,0.034539665815545295,0.04446657664595004,0.38458842387504427,0.6322996122040341,0.21288676442687324,0.33294818007560534
40,0.5041665752120996,0.26640019228776285,0.1371439212944258,0.47690244134704946,0.14370048961938103,0.346785910164336
41,0.011141769469443744,0.11771372809510094,0.4049906524846629,0.6585616084086391,0.31605802186851834,0.23953188245144635
42,0.07142943406063956,0.16188013036840568,0.5164534459277941,0.9704580877004279,0.2774036043812696,0.08077605626212479
43,0.2536818053923085,0.09651367005191265,0.29386291330911785,0.5464110111858627,0.2981083578403503,0.06464782137643722
44,0.38435376235905533,0.058008550274131425,0.15364668897587253,0.9626962534751615,0.22192435944789923,0.16647091775283127
45,0.1896192347809993,0.32079600943683684,0.19724473674672982,0.5526457942445857,0.3113417096305024,0.15732715319722332
46,0.39721805879246974,0.2628548804983583,0.505145427914803,0.378560007265246,0.04289890004119594,0.3208182876289648
47,0.15320014197571363,0.2518403230735186,0.5696813129012743,0.8462415732299549,0.34404556032206146,0.22057995551753665
48,0.19854365234765192,0.1186111330066045,0.24078398872813436,0.49495959919706545,0.21486576204127977,0.2924402904958084
49,0.1578934329034899,0.1466402844496483,0.05331197084186785,1.0957147305246115,0.37428880629974054,0.1604878120176323
50,0.03468464231223872,0.02681010093892259,0.21225526432576128,0.6302843123540252,0.15337410994088074,0.1812837398156494
51,0.24700062382819274,0.31631160299211497,0.5480581184771061,0.42712709096985224,0.3982831932554394,0.0920852316824646
52,0.610384623991989,0.11180088095081776,0.2534080736445345,0.9711058909811672,0.3792033416243843,0.06995892042833686
53,0.4638844583609891,0.13363623328118227,0.08007274244868365,0.6419893334268743,0.38605967008279485,0.1768316262548209
54,0.42198020084840804,0.29978632690631063,0.38605630833382804,0.731241739469805,0.20919805783170978,0.14792516651362286
55,0.0006352979140834825,0.3274765501418315,0.3960895749444424,0.5713717712842422,0.3989902938587692,0.09407838353865951
56,0.0321671734309783,0.3323524789957613,0.7819879859966392,0.5505326723639249,0.23987044025045975,0.09799292520718532
57,0.29894528637349915,0.1436248546221394,0.2676216201807239,1.0220674123762794,0.3121690831125758,0.09161919339398972
58,0.0060090617845499,0.23188126104740064,0.45117994182552723,0.9918515579616667,0.21956205941779322,0.22437982923954233
59,0.2800327947145976,0.20197447094502452,0.2623332555486599,0.8635936039707193,0.45438776563778316,0.03913036752223108
60,0.027287050320016187,0.285830195894682,0.124310689189625,1.0704890353031202,0.26174816102154413,0.1031556999148966
61,0.07770899398146414,0.2997768744649356,0.618235719167836,0.4786129931651152,0.15395115006554905,0.371327597854557
62,0.24134320253571231,0.3808794597004469,0.26895638118129556,0.6873146544179577,0.3242377157282855,0.21881215202318754
63,0.26417129914694576,0.2612967701766817,0.399739218839649,0.9670222298529518,0.12032299586852233,0.3281767181337489
64,0.12260207805637366,0.27824358168832347,0.21893048606232782,0.5405418356605725,0.16579324447981408,0.1766037324271334
65,0.3640997249998299,0.06384147698508398,0.29542027790466896,0.6131585897209054,0.09861787514774002,0.04880895611763374
66,0.0945582332021892,0.09835334824246687,0.17676802055039556,0.8021655112281383,0.3437609937093271,0.26019673804484805
67,0.00018339194715689955,0.2095119342136799,0.19454285659862375,0.8359685090922108,0.47329549002093596,0.18483493479831142
68,0.19819436255629097,0.10664438727706525,0.11442752924504804,0.7732579335759523,0.3357716465940405,0.32246917223110916
69,0.6717001771983118,0.32699642658589845,0.12379338262307349,0.9695859783630598,0.4098539033135341,0.10890779938006881
70,0.3136128328884511,0.1326471889743191,0.13341203201112634,0.8418529400764839,0.1947936527883202,0.10894322527139857
71,0.07585055478968555,0.1581515459797058,0.14415732917498986,0.8487162428937396,0.2375890011366355,0.12485580906938043
72,0.27145696586243584,0.2956922474562698,0.6054467019462416,0.9754882132223608,0.21252247056327647,0.01764532534661068
73,0.02507256774727512,0.18895942803009408,0.5635724430124727,0.3281489888555968,0.13298887076445837,0.14810659381911545
74,0.05442935691124512,0.23449685866655,0.10784094939547596,0.8847341699302375,0.2506996739178798,0.14964427384829626
75,0.1368158867734277,0.20533233130015408,0.3952526888825464,0.582193974514142,0.17908095018077483,0.1225215000736148
76,0.013978248109264235,0.273315100339881,0.15908456485146114,0.5684959177800317,0.4432889463635594,0.24725011427594856
77,0.41490533143537534,0.12602894385466262,0.24127897851245148,0.5770694663755995,0.20938912448809466,0.20913883332382893
78,0.13212490431715496,0.18251719103419603,0.5573834980248988,0.5844998119888369,0.22015129618817886,0.15018189736108364
79,0.14363886320143548,0.07171996908892782,0.20389440267809394,0.6771914465066132,0.4261766294382708,0.10992255839119228
80,0.1259018694914154,0.3847611183019138,0.16093923088321818,1.0657201218019183,0.346800943474895,0.2122006394928235
81,0.2116671665521966,0.09036743570698927,0.12519264759765442,0.8325034597045939,0.17045860823417197,0.23163042565230882
82,0.08379692114565632,0.25729791883911,0.16711945576946882,1.1031762998248125,0.047329178319767164,0.08811725219501797
83,0.08206690425036112,0.09237023789202427,0.19646524097422,0.8020260887912197,0.16950559058031195,0.22526551725840557
84,0.13483744607792153,0.3041273398780973,0.2629764191622589,0.2615977216661028,0.34087956726005675,0.14155136528290443
85,0.44127033623249234,0.19680568566637524,0.6248557396971796,0.5541646295599718,0.1240261845089529,0.11753312785171482
86,0.07080182746641395,0.1287744674047666,0.4517171586427194,0.7513747196498469,0.4416879088818849,0.21911504575739915
87,0.05699881753314215,0.16625050570115815,0.24272128829761586,0.39693435754998524,0.2153138850641785,0.1022178365609231
88,0.13661404742904956,0.10275522559836912,0.29960972079595666,0.7866640095538823,0.22752469530663577,0.24188329556699892
89,0.37544946576729094,0.30377693432267117,0.3991859978181862,0.8887552707271681,0.5206012811625532,0.0761934362724468
90,0.4387859370246887,0.2595617054980051,0.03960115908065698,0.6108615995165345,0.7195161620832979,0.14771739474183204
91,0.14933626231945316,0.08733873371315098,0.21850768779685648,0.8188763237848485,0.11334802007511592,0.39218037368974185
92,0.528920125227677,0.11164785925946719,0.012302658006106946,0.48217907317087,0.3865465212420645,0.18467713337491426
93,0.220230711392581,0.21642535474989386,0.2833865965085046,0.9195797332302449,0.3184424787749865,0.1034783557796712
94,0.0030687844402694786,0.4652456141515973,0.2951505994352931,0.5990309854211224,0.0960778507082396,0.11797926525192083
95,0.13342546142560371,0.23597709976209744,0.6733490421396756,0.3566777389483356,0.20340502727910625,0.1339107782201478
96,0.48405777117972104,0.09100142569584589,0.462568850067643,0.5756900042210842,0.1978926983914072,0.28439242972931256
97,0.38201478027102387,0.31480879939260253,0.5443301094151204,0.3395942016585843,0.09795135380156728,0.15544604925067274
98,0.12865544627607645,0.22168521197012117,0.1102058697967069,1.111668766977056,0.07632200573591454,0.2616738413300881
99,0.21527106604482668,0.15840586694740652,0.38154041710687997,0.5392878418945215,0.22281181644980294,0.2261345420070327
100,0.012348612941293441,0.3556561268697805,0.3778968335044015,0.8128447504113407,0.4077391869527022,0.03326154924956891
101,0.009990711508984007,0.06793809645057658,0.355091942252603,0.5736851388818995,0.19461396543619114,0.3817516677284343
102,0.055659904373916325,0.08666130597669852,0.23983753686523332,0.7076891709479265,0.2566367691754185,0.1638126092357395
103,0.3130358590848165,0.16629988453939643,0.2901496346321464,0.5157052498240273,0.23378496275731597,0.05882072122348611
104,0.20345496732314647,0.25809602664534076,0.5348731615595028,0.6650352614211199,0.29381003662777794,0.16294192380659503
105,0.04203747194570545,0.11294063735769932,0.2872223276277115,1.0869180858251268,0.4672847937072992,0.12284822397667554
106,0.2380437083616601,0.09353310207224363,0.4815822982553773,1.0502307495952146,0.1840144829916038,0.2777596121968524
107,0.7254932662863649,0.252465931575359,0.24368726597894264,0.7236215114223312,0.2608647268433184,0.2054540121079867
108,0.24142460339239977,0.2195216133459994,0.5992597767059415,0.12006322379536524,0.2519177712748576,0.051876675331527046
109,0.29556876334478316,0.16654489421163982,0.144336257248273,0.6880335788374515,0.35351815112559315,0.21184589411058094
110,0.3044511569423225,0.14375240814512424,0.061891636463924454,0.49472809942123797,0.7548431297706959,0.13558488991351322
111,0.2827436552415849,0.04876479781326691,0.5578212238905225,0.9341410715840852,0.184382587884458,0.08368987125077589
112,0.03206966110032586,0.1305026252799386,0.23897019469716207,0.7242524611860341,0.600446444894002,0.07231978791077416
113,0.2900922163571241,0.13983824076874737,0.29187655712074,0.9685593699950016,0.38490014370437825,0.12511307742360947
114,0.014543275148788448,0.08752760335632684,0.22047185820815726,0.697378732992681,0.6116155167302257,0.17835967248124732
115,0.12102127628614809,0.06812552389766155,0.6060266556055784,0.28189748455650493,0.41737904432708534,0.06544469136355749
116,0.16450686368669942,0.09649906003249845,0.2843035752001347,0.44395535338429565,0.43176688537227464,0.15497282706485913
117,0.09906111118145661,0.06946717320878279,0.30195565583888123,0.24827852179802123,0.47250240206221567,0.1230824611548433
118,0.5338271126899049,0.11337590664570328,0.4857404672835288,0.3190572430884255,0.2293304549256185,0.16756558940194227
119,0.3744215967290976,0.10605521646212315,0.24518078919069966,1.2467205178267888,0.2144668064104548,0.05798078259245325
120,0.31730553292969194,0.16454283422722923,0.46423392215260706,0.4993017552197068,0.5042718750423543,0.3732413920401474
121,0.29418938901714614,0.06398093706032415,0.2960723452699068,1.0276839321238016,0.4270421740638043,0.028346883174544493
122,0.06734161385021842,0.22554906891486706,0.4332798981725917,1.0684199119952982,0.14376138380339712,0.133156330410597
123,0.07239974045497263,0.18664040737437926,0.1637730276034147,0.874719569006129,0.18858932081901897,0.3877256697332415
124,0.26056425514385706,0.22202634648714126,0.19559816643327085,1.1257055858517908,0.09817297200686444,0.21670331998974704
125,0.31315629388554794,0.20149019454386624,0.18071421357939585,0.7621656451281006,0.2668062372618531,0.13664369675719293
126,0.10573722625479937,0.01441838480216966,0.2516666093518161,1.0782641941379192,0.154021568888701,0.23577945555002097
127,0.3312137637332535,0.11527886913619893,0.22432435768499714,0.7760227480416754,0.14716190422357497,0.1629097685586515
128,0.03299759703249672,0.056696640555739246,0.21730327862156285,0.6335045162817804,0.3689078940670844,0.20264353629742785
129,0.2679738523937342,0.3082137996649294,0.16457537616374537,0.34198526950274866,0.2549900923653119,0.10304637492958259
130,0.3264998334381773,0.08268074115586774,0.44161738864039035,0.7449409006334017,0.19105455164368848,0.18712571350075793
131,0.08923643884457916,0.2802337187796047,0.31030457858074695,0.6383079205798698,0.41571411434730615,0.13453700579554392
132,0.11670633978523415,0.1397572956606413,0.10743410207500194,0.8106655869163931,0.30050784604264125,0.2029778955929886
133,0.38151513462321984,0.15295056953877953,0.16941135252715495,0.706218738593244,0.1358836810660752,0.11508603060521605
134,0.4612108910146694,0.29458936895003635,0.469067035898604,1.196302114404221,0.40711682868800697,0.2521351508750614
135,0.23460758130341025,0.1977000720249917,0.3438819299814001,0.3076652629927736,0.3180615414247361,0.2918526018129577
136,0.395733243171443,0.1047272416964957,0.20379271434781715,1.0191832526818818,0.17670203581396376,0.3105579488699885
137,0.1647436748972343,0.04265815747853717,0.48156789147585494,0.7399577689305912,0.41227281497346996,0.2926824114932843
138,0.11793622757070021,0.08631114805335624,0.7356438076773236,0.2739121960729053,0.2938786706126362,0.31177287158833383
139,0.1285183667605571,0.2536575950954695,0.20785755863970282,1.0920077355901343,0.4051546725589773,0.23076087500632858
140,0.060828258365622445,0.18827733422467302,0.3338280602752114,1.1209966642314233,0.3089080056041124,0.08852453796220716
141,0.10493913771459773,0.16119845759836396,0.5171674471798441,0.7059079532934902,0.38559721796695257,0.10697046633400539
142,0.05398479733201067,0.17804223777172654,0.3394075366766513,0.6516547070707566,0.3107295337328479,0.2616907180825661
143,0.44015523585387784,0.3087662779341735,0.4782662224675544,0.750518244366706,0.4154906756806883,0.22652811332269782
144,0.12512223233792152,0.13798684776206674,0.29352650645805256,0.9060013855544246,0.05362610042392813,0.38840063211374276
145,0.21625133669218333,0.03284303995975917,0.09334712727037886,0.3398823247358409,0.45988139378122544,0.27079458451580374
146,0.020339628057387413,0.07363035288873732,0.2120412772979771,0.5134026315762045,0.5349370782068004,0.22835513286584264
147,0.5385020005460208,0.28195204211423175,0.12787850066870737,0.6337504551791292,0.17690815482821223,0.08341160225419013
148,0.16496197859106798,0.1697771600773176,0.4253682057392621,0.7840559141337908,0.3501919149927462,0.12022346727889564
149,0.0035329455721955227,0.2560293513524426,0.22292713854236587,1.0351290504092432,0.0761232088556123,0.2603172305416242
150,0.560735988200374,0.21105467622192167,0.08697334498073389,0.011625209746110901,0.7775278171906206,0.07476854582407037
151,0.2697402024703672,0.06393368743213051,0.13088366363280288,0.8940009219954563,0.4590032557540465,0.11303129371951987
152,0.47612951537868536,0.0629572212340527,0.16465251689915583,0.8255041218102628,0.22823318767145442,0.2652953585816496
153,0.13892711429053234,0.13722204420182285,0.32876089401655273,0.8280125370340006,0.3186885570176865,0.06447755241188863
154,0.07547205729782311,0.14927131346878417,0.29580934013331056,0.7466489584758305,0.10523453982306379,0.17824933896464223
155,0.11767313519573225,0.21917981495265915,0.11874647093481028,0.45642090118427736,0.31005648824031806,0.08948579573161929
156,0.7178647313454496,0.36407006939926395,0.46634988699512864,1.017155036844991,0.2131676880449601,0.1576362871953831
157,0.5324953814792033,0.20958926293105296,0.5576722011348609,0.2657744038023862,0.691203191329755,0.054255819826781244
158,0.15142901352310142,0.07874613444395598,0.38028816780509933,1.0892768155334567,0.28859783814661966,0.2037126691939036
159,0.583853887053868,0.10398280126946467,0.2954782237511167,0.2945968378094879,0.2518401029748983,0.14502798255008556
160,0.043841863854916646,0.2640251839817013,0.25243090492313297,0.8539269704328546,0.28515397754041594,0.18602637783317316
161,0.07826158018678994,0.16290185966273396,0.3162388106468602,0.7224095022097778,0.38528193532411037,0.29021879332441797
162,0.2510480934659063,0.1721706097281245,0.45951792414467973,0.669928550575722,0.16404771609715416,0.19853297400180642
163,0.038096757591164515,0.11716893039954746,0.08662978175143751,1.1351059049263654,0.18627947727564334,0.15478338492561997
164,0.556784607365171,0.0856625834827416,0.32976860271698755,0.3033284179635957,0.4992662204055439,0.3473766124275064
165,0.09952841655499212,0.07470089791491312,0.27560930729987204,1.1233141959477153,0.1556150807918567,0.07375105730971573
166,0.2044574917805572,0.2959133965596877,0.15040870845173374,0.8993976297499909,0.14982201313471044,0.18846402978651608
167,0.13402347156862654,0.2349419109428256,0.233782082833774,0.6723491600605002,0.32412419958530136,0.2839794658051449
168,0.17684408305538088,0.199080684132835,0.09058814776127083,0.6397407208371041,0.1885555261672679,0.15546068347787187
169,0.4076937051012986,0.20019580124968844,0.15992596594556296,1.114267657616121,0.23631399140084505,0.20863997452777142
170,0.48331450988318525,0.20893185654595686,0.58542502589339,0.8358065540073902,0.31049456639978346,0.07517749502094079
171,0.1612308731178277,0.10107208000587349,0.26052289641618437,0.32704140168486595,0.4494973164909401,0.19800451053888762
172,0.11778262668026812,0.10562858538864331,0.4818964663605395,0.26078997208230226,0.24378637959613833,0.2562899017587635
173,0.4065639522522332,0.40609222439057263,0.3511274842448247,0.12178355943157335,0.7048147518814891,0.050843603331008264
174,0.31756331117950526,0.2856074546097933,0.4520404957271109,0.41725893689066257,0.4900347242925466,0.17630877815956708
175,0.04836298967943439,0.21001383257526318,0.39943282366112,0.07677093123506884,0.5725248656825098,0.08026051441322313
176,0.23035141767548922,0.1061881163645397,0.09427924086407294,0.8254790576022557,0.48436235968905655,0.3930149538577881
177,0.1828233332047561,0.01744309291822901,0.5092051613331018,1.06123690078605,0.14431946308272148,0.07742237399415945
178,0.10845044447694682,0.11973213150221618,0.33236578400814626,0.8281288232471924,0.5635459988011163,0.11875506367273049
179,0.2045375590608129,0.16659101641491006,0.23488284602161275,0.7441166521585205,0.33094785702329643,0.04719138545838489
180,0.10024949203255643,0.26798889611442434,0.5639425716019739,0.3072705592351751,0.29530524466560965,0.11705093007814323
181,0.007623043984474914,0.217465156269926,0.2795194881671358,0.846999169977307,0.04734645413556239,0.030078864869341602
182,0.21767256926817605,0.0847020096957021,0.27776734484130916,0.8840178529323964,0.3869597720788178,0.09496511258093494
183,0.430688614921662,0.11298822539240676,0.3254107491124703,0.8524214508565925,0.45637420113063604,0.2668496332590138
184,0.3483468512717476,0.07512342039674054,0.17191817342401633,0.9657440567631709,0.02132289624821724,0.04134414668060012
185,0.17213288238420182,0.2960759149750455,0.24276867388335643,0.6559633143499709,0.37742759271478526,0.27090153754239965
186,0.00954372795871869,0.20466307288669885,0.4218306446048808,0.7916149467804005,0.44788257580263274,0.1103004893209686
187,0.07216643490095165,0.05835443758749281,0.5741804683583731,0.8035189312730258,0.1967271973700073,0.026380605681510048
188,0.27800958727436764,0.062490305036376974,0.10064517026874914,0.7904650908460371,0.18851102714194376,0.1661099507620688
189,0.3660009341010335,0.05794372146244528,0.40486950526158144,0.8923532247213725,0.31958614360507454,0.017844873969502375
190,0.02966167117524071,0.2640730556430371,0.33126994127424064,0.9444976183690025,0.08411831868698204,0.06976242464353832
191,0.037879616410618516,0.12078970028875095,0.4573502491581799,0.7281921393844549,0.27902405242513245,0.0894047143698842
192,0.24685387870042264,0.055725982934898284,0.6961481889045507,0.36541421456611456,0.3796538180280213,0.1542009543560464
193,0.029388404746873827,0.22154209617699946,0.3128019253540242,0.2235134840775577,0.1791283852510114,0.13538428771699576
194,0.3530204019442382,0.21804281218707414,0.24315652915720115,0.6086943215147701,0.06526662361704813,0.05923464319216674
195,0.2778625601848564,0.17774787708324322,0.3361355428748514,0.9300858071233358,0.3278818219869076,0.10640429124117905
196,0.07902237091792802,0.22662964723840237,0.12741215946641676,0.5508075572235357,0.2896915297441523,0.18395677138319802
197,0.2194072394888704,0.0681998057726999,0.17554577467279575,0.6656077091055052,0.2900050586191612,0.20755553914911382
198,0.09407851991707517,0.29939782180999835,0.19601577552186572,0.9690590716228733,0.03774618920933379,0.38041589755288363
199,0.10299993958430961,0.3742007727258181,0.10189974710995925,0.2903803759568979,0.701710109052182,0.09473282191572316
200,0.17643122402286912,0.28283027220041823,0.11285265923396216,0.6537701088468506,0.34572231303388845,0.13088677364388165
201,0.18943123240998372,0.14842471004030702,0.4056261270151452,0.49704375722119304,0.40282559419593145,0.17885164628720165
202,0.2028956417657975,0.2581485209948247,0.19672688817364764,1.022293401110803,0.3063920846534764,0.17164590737627314
203,0.17132955814546452,0.002018198619820949,0.2585205028572873,0.7650122192400858,0.008587013990187098,0.21286287179771624
204,0.48667205905799465,0.27638270196142134,0.14520795271847323,0.43506281464753255,0.18373354413963172,0.3573403452201276
205,0.28312039334721717,0.14677798640899736,0.252336751068311,1.0289288979362388,0.22211706046464474,0.08580295810550725
206,0.5213018821335655,0.20940505089784006,0.18505005262052754,0.8988713328419812,0.4521539333555874,0.23189410396929114
207,0.4788641507586267,0.14793949708501983,0.4395133462693504,0.6829336072082496,0.1681860733777184,0.11632755036142235
208,0.086429638058802,0.2540584501933804,0.052447811442891575,0.6850355725749203,0.4586441073687854,0.13172291061108196
209,0.4363965576287133,0.1773391704665305,0.3711343725844701,0.9174145827939808,0.049487471347076775,0.07589176805673517
210,0.065244770422272,0.14785208408192538,0.32930523597961237,0.5221592006017226,0.04777209543293462,0.14956430923706177
211,0.35223495273551664,0.10794176595848974,0.33497105987091474,0.7469634207239455,0.29905365027039116,0.19598693071671444
212,0.2405019583840216,0.22874970658766783,0.34882600502009886,1.0008230138576124,0.2999453758662972,0.13806825526018437
213,0.06469596133979699,0.07572843939382448,0.679138030038911,0.4230789626140121,0.24886792889215098,0.10876523996234848
214,0.29982264157649463,0.0856606146033485,0.41824131442770396,1.1876703258010275,0.47450529109634926,0.16193835204973187
215,0.299100536545604,0.13589843555118022,0.28430333689221315,0.4101692966593282,0.6448298883736278,0.12345535988390524
216,0.2233529477635266,0.12572764155153351,0.3917397405588597,0.24950948021886102,0.48600853641553293,0.23143807200183433
217,0.18750614264312182,0.1472029440082183,0.12089970769380609,0.9590706356177744,0.20686078272734923,0.1703771529930917
218,0.5158770154331643,0.13923107101535728,0.6052565069930897,0.9112163036457561,0.062225641369730265,0.26260346247483235
219,0.020366720540229255,0.09904752576577677,0.2442393049897942,0.41713321611781157,0.04691696343009106,0.14158912020136136
220,0.17112261009815144,0.3449926445518588,0.42873472700479687,0.5869189406078461,0.2337977989016271,0.2673493795967254
221,0.5731317655147657,0.4155891184547202,0.3284675750556514,0.6434212656878092,0.5036349358523854,0.21325196680430955
222,0.052269901377863075,0.22270395530622997,0.35982822338073056,1.0502914284698859,0.25823415262263383,0.1263275763194944
223,0.08568178790716924,0.061037533460001285,0.42115234455696215,0.2254964651791656,0.5390262076324461,0.33015442209685036
224,0.34005436345492246,0.09212729894763629,0.3541163371623326,1.0349843017270008,0.16918941532438928,0.048045310119153736
225,0.02971258573259042,0.1340691920141092,0.2990102623334256,0.7297900887087734,0.2867127841274999,0.23939995505928155
226,0.20294015066626409,0.09535855862334645,0.058662297926476745,1.0622483720683533,0.15866816858127855,0.21487585616182173
227,0.09357759005931215,0.2885598000910567,0.16789529892607338,0.8334182666080469,0.4546356456429213,0.12934240086323964
228,0.010370556261048075,0.1512215581006152,0.5067596420453948,0.6460146778187927,0.5662447709949509,0.2716116656582079
229,0.0783138318706824,0.06922711790331532,0.2529023082641569,0.6654993145676933,0.1228869723770133,0.128317002686253
230,0.2467149341976152,0.08525687183223983,0.09607975756806036,0.765454236216604,0.1998914533546913,0.26216433398948935
231,0.16448506997834336,0.22520959337625984,0.5889440162570329,0.765067028564908,0.3602022237536273,0.0553106508864366
232,0.5008631862656314,0.26388950780895865,0.2850009407399575,0.2475600762566549,0.5464460681266996,0.20859967112320368
233,0.47734327669005605,0.10313716027977318,0.191038020840893,0.6877752845981553,0.4730280022600289,0.2190476628859595
234,0.22364552403236224,0.030114895622219036,0.253119086657616,1.30582151460465,0.3786762031684472,0.2108747870653394
235,0.06201916171002486,0.1203589802058484,0.47611974390346745,0.8358304398009386,0.08602467621464698,0.18503329264550863
236,0.173026894773565,0.01799334495710996,0.2925467566441613,0.5600445233164215,0.38631400746194133,0.0840305547389874
237,0.24184724994080697,0.0930864473578847,0.439314332378008,0.8042797769318716,0.45229197041762675,0.070282135458801
238,0.6269537504796214,0.24456175484818007,0.13616515331913748,1.0414901081764456,0.3003324660022383,0.08729411045556948
239,0.04283526591936858,0.24257145279489212,0.21907319885064153,0.5239267678322574,0.24151699560860074,0.30453080401897165
240,0.12434089721655309,0.19493344252697137,0.21802844915815145,0.8418565526977961,0.3001636308541812,0.1656355598086109
241,0.09429124042316929,0.37244351296263545,0.5867862479127633,0.5943610443105105,0.2518230783411379,0.148514200514543
242,0.11292264051895662,0.010186412650609619,0.3417429640153672,0.6340477391643371,0.25215510407628466,0.0694160496528432
243,0.1491905266060567,0.23951352362852718,0.4497050800295635,0.611196863279449,0.39896064546198967,0.22329406570266136
244,0.3830945305543485,0.05770690153838631,0.2179219986104146,0.4372643313619321,0.41867674249426057,0.06183898036785404
245,0.015870196341354705,0.17489983920634203,0.16920057979355757,0.7145818141185373,0.17642023911413934,0.10008899136881415
246,0.01956391025771531,0.1106274821798223,0.12725161590478468,0.9485216723510901,0.11555585659927362,0.34820325298599797
247,0.5704788101016294,0.1633168402526601,0.12893128223380848,0.45447488794044966,0.151513517016092,0.2655194192012068
248,0.28592786394528424,0.09270702050286235,0.5771395967614531,0.8095363608552879,0.3178768323918072,0.25710182655984304
249,0.3461709052412519,0.20166103705862928,0.1640703461439044,0.5963492025060206,0.6002570578693341,0.2579430589999288
250,0.2830249876166815,0.22380097085273248,0.39728391801280183,0.26709220104466097,0.18635877124848496,0.018112890944745164
251,0.042447520695557794,0.3384499032449022,0.4176263898864819,0.8582190870569388,0.24711366995967132,0.2250290536295791
252,0.10335218772977073,0.025134671657750237,0.25180672905080637,0.44366241923400945,0.14952702212351457,0.06804592874053732
253,0.03111777651250816,0.144329915417908,0.3776093472528496,0.8654389076043132,0.1482591659426897,0.28077716598090613
254,0.12338577048665605,0.1965802779724917,0.45931699531392217,0.5723336086901292,0.3956406952436555,0.009152660550306052
255,0.012135493109232592,0.2354790324092599,0.0332801293559232,0.7892540059528333,0.28614961206471706,0.31447129809755425
256,0.18069585743165373,0.23406054406779414,0.1612024845966827,0.6235757454786098,0.40806809196330074,0.3714024374097906
257,0.419120839088465,0.1782518837029693,0.43895353485306193,0.795957146611912,0.2315011422404472,0.17003997776586222
258,0.008791473955907292,0.14986143963217682,0.38286249207030776,0.8980104798631444,0.37957025703706715,0.1312908335709823
259,0.4105424743444747,0.21882063633031473,0.28079369236708873,0.37030463155855564,0.2793807528759261,0.20783585288084686
260,0.1831751741852979,0.05601395286875614,0.16610609367699172,0.7035303155974154,0.26893244311008174,0.15682862253413568
261,0.24088001540178014,0.12545139854736095,0.2840695844408426,0.4068004048996495,0.24186587504198254,0.2254970162689963
262,0.18041524633198475,0.2462382835041931,0.3071874264971621,0.8458051544622679,0.2296558414069603,0.20247354590638264
263,0.13648020903568645,0.09109785853448057,0.18294971763052145,1.0407468219692266,0.34167897659020663,0.08236868955920243
264,0.21562279909124446,0.09932608706212992,0.4514852027317077,0.6724479218455031,0.46911833521927987,0.1156720755581713
265,0.2955720239681616,0.13419460283896334,0.1787868697195995,0.8948938176961982,0.38566506696464964,0.18376112684579668
266,0.2629952621283504,0.167033219807541,0.5052015177090725,0.732372586856089,0.3522851641221348,0.1929141247681641
267,0.3421310183965195,0.3426843943645587,0.19055831612095395,0.8730910292936039,0.38005661427669435,0.199151464207955
268,0.2952122084382618,0.32208255933025043,0.16170981283958277,0.3915005723766063,0.3750253609007145,0.19750208780259407
269,0.02991573121542221,0.18636561924803247,0.2546168863816752,0.9567937923834654,0.24729015663232193,0.06331475588571801
270,0.19934427135857696,0.12690051428365867,0.3863095093374532,0.7736035599684388,0.6539658344345337,0.06547992676835766
271,0.6256117395089354,0.22053188948668362,0.10210297922889261,0.8641530439544601,0.2831704257989293,0.11644798255224335
272,0.11976809548802947,0.09459463309057063,0.3255296997333079,0.5670623288357245,0.5398393111815075,0.23926744571968048
273,0.20814248204394653,0.13620727571497415,0.4813073806023938,0.41373431394684,0.15894588191455342,0.1660137191456328
274,0.36803750445731404,0.18655938939610323,0.2200220322240174,0.6808557731773968,0.29015498601352463,0.2761019570890783
275,0.002208347767400004,0.27379729774295936,0.38186530263873225,0.4600885771772054,0.18414798100926444,0.06265900775992406
276,0.10774391508590267,0.24947837889823704,0.021128669363425664,0.8567320483128741,0.31398491857407634,0.32797582449543017
277,0.09959499660683063,0.11286086372459979,0.28249894185790886,0.9153139660863472,0.341954296775572,0.21171139954516316
278,0.549375836612976,0.029184429220287043,0.3871019623619289,0.41066801218277205,0.06811602696205457,0.10544961171464087
279,0.09891117720391773,0.12507955717013014,0.1436061691250315,0.2836975921757868,0.19334253435171442,0.2736177144617285
280,0.15593309643608316,0.14121555265116653,0.2838812230241299,0.571123757884263,0.5444602931767956,0.09285814192799313
281,0.28490907376135444,0.14031362872288286,0.2387283407113346,0.9080205274117177,0.03849509963550872,0.36816404321867574
282,0.4874493583611753,0.012684551116535952,0.22802799895160863,0.4360968048947785,0.3222128972468547,0.23390844559885696
283,0.004673346300870296,0.11740750352952385,0.17604345833880392,1.1614570861694133,0.518260923262922,0.2916753663848718
284,0.109259191063665,0.22360932655984833,0.33700242935762004,0.6293948889669736,0.35818468012861693,0.1176681580611773
285,0.1264711733755777,0.148713261685688,0.07957549457674941,0.7103636345962495,0.5629188558350164,0.10745404218375952
286,0.31659730623485866,0.17155099078730873,0.286241459791162,0.7794330878509266,0.13396294545073076,0.14698501207414297
287,0.17977186548611607,0.24346757005406536,0.5569286517477313,0.5565028218642344,0.35827734448342563,0.14063545878623476
288,0.35344063325378305,0.1975533327513809,0.9840994366965842,0.2342011830533771,0.09018634827327053,0.113055100372044
289,0.12261198182888595,0.2752208411275268,0.4123798954870544,0.9602255066187733,0.18598720332350158,0.20657100245166485
290,0.26504669596500074,0.15231628227898658,0.20740625809963925,0.8711505580430366,0.6329883391077724,0.0019114264738657645
291,0.3179482607786229,0.28121503833540995,0.3130526902809198,0.5531513740456532,0.16767523492560435,0.14329881735616914
292,0.037713201536189705,0.10966457262115659,0.18637408293280658,0.8230030664948613,0.2700186675163266,0.11319872653603451
293,0.37659151377457656,0.06271364973125416,0.2162246757829924,0.9570131981894734,0.32388460904569694,0.25196024479735135
294,0.05036993323920602,0.13219158373569634,0.4167151442056822,0.8141736930368234,0.6082139894668531,0.06599877539810557
295,0.29292758609280256,0.2570371584121294,0.8187350147845617,0.5699507068410972,0.48272500686427994,0.25661355806149616
296,0.36427916069882194,0.135492347440725,0.2810852825202318,0.7990393511436243,0.3985967790133735,0.2649072023474498
297,0.5488223908676267,0.20606425193533912,0.31899407801056506,0.9018133285816172,0.45227620948303565,0.31783073588271943
298,0.1282808288039259,0.21697724430816712,0.1467476676558396,0.7960025670801161,0.2930637208562091,0.4159234408866311
299,0.2430057660121896,0.19608365336717215,0.2755825034056903,0.2173978127828704,0.3323756422128463,0.19660578723071037
300,0.07947776087348579,0.1540696605397104,0.347256389509156,0.5544984281161037,0.45726850496805244,0.13197876640430564
301,0.14289896574926536,0.1824155624686344,0.6144879872918493,0.3735222414397136,0.585871903967422,0.2127240258926946
302,0.38275676844936146,0.07359253114825698,0.02633424591924931,0.9537260223585561,0.27337989625560893,0.3181567582299652
303,0.059334287176488615,0.21743786268180806,0.26562439553059863,0.12293065523429714,0.3663111829290607,0.0441605681821513
304,0.11300824616191849,0.11163597972018592,0.25218223680533736,0.6566925355537385,0.4665404921095309,0.16711125060929383
305,0.25468949213547565,0.3446809243646944,0.3439334988728311,0.9797342835661126,0.11080981710772522,0.10230971733581207
306,0.34218146846057407,0.28587882695865724,0.5242577349787665,0.6312659978932271,0.546092465928829,0.10467543277812229
307,0.08611108032148315,0.12600970249625648,0.3668038258318497,0.5876469249388838,0.3440521362963473,0.23142741861240415
308,0.07628564072277633,0.010260901097468168,0.20352487989197968,0.7081279210686457,0.20185803298874178,0.18281655820517173
309,0.11901927528896375,0.039928381478737424,0.21526482703397956,0.9060992396959043,0.2930260824229528,0.1686226317444686
310,0.1913473855136878,0.17409032276719197,0.19583575134289746,0.7223932537317759,0.4190533138080454,0.10894693157986235
311,0.026506940509583993,0.1937859075423818,0.28855204002231893,0.4603831864293132,0.39204086115532766,0.14142462769598235
312,0.1939528902042361,0.1443845186641985,0.37621600496877766,0.6914306855488956,0.3207255419112076,0.17453056129589647
313,0.5089475869269604,0.19636314268131935,0.14596098286944736,0.35741565861412417,0.6708517443965665,0.07527554119302762
314,0.34522557212705257,0.31541182614570334,0.18232610117890163,0.9206725357915773,0.5803559452154423,0.14705947180811463
315,0.09663170258891507,0.13075512569054495,0.2238258868746164,1.0208556044501071,0.3448974844890138,0.11645115720902567
316,0.003846041775515202,0.1255213734348592,0.091427339010364,0.5021746125683639,0.26510282059916207,0.29188231289574396
317,0.2298501727214555,0.15826670567743298,0.4371212948767751,0.8652905699099049,0.26917163021906704,0.21389847577123192
318,0.16490112269889368,0.2155188269724501,0.06034427756290244,1.1449930552909937,0.1282681815765824,0.10072518687042212
319,0.14817576968549726,0.0077090591600153515,0.28233102503566165,0.7419018903458883,0.2278939699092453,0.3745877605050361
320,0.04509160618011593,0.16630012659480872,0.1144022465767314,1.4532585370614806,0.1955716096947091,0.0913469002397361
321,0.12907190402824736,0.04374628149168193,0.1795463727207831,0.19204676619592442,0.30381147217798987,0.07216634379591065
322,0.3938750817333846,0.3837372863948595,0.4518354859090618,1.0333942050175677,0.2640627677557548,0.08215682514423756
323,0.016559101412684185,0.06992135836519747,0.15734464453338015,0.5524802759765167,0.3476535192993304,0.20612251893495348
324,0.32419716817084077,0.1970493700945056,0.19302251517253188,0.9404290966120232,0.16488630829076167,0.0726494725261132
325,0.057423467996532196,0.12431831113416349,0.4992012747449079,0.4392967153522684,0.11780155679740022,0.10479996135827353
326,0.2462869758727902,0.19366120545453588,0.16854632372095563,1.0248713110288918,0.1226764030402621,0.07517561061873208
327,0.20775788913401771,0.3645381450044018,0.3072078558407944,0.45404531962781164,0.08577096577764447,0.24511668231485498
328,0.443660987138608,0.10250144426939796,0.7688273393603763,0.24320625346398878,0.38925612286768946,0.2246749140091219
329,0.08899648653716818,0.3020736065217892,0.47477721768459424,0.8243755867925088,0.2893261245276526,0.12036562224064158
330,0.1437888167548581,0.32735366791027454,0.45208889458092066,0.3045351021908637,0.201170621859729,0.19748500046714612
331,0.509808951177254,0.3006546707540222,0.4268973111144409,0.4526169273062435,0.17186272261011742,0.031037866428674326
332,0.19977666504017522,0.10124760273787722,0.3659414613777371,0.1989649018382872,0.13822195923194724,0.22927728331481667
333,0.24061913694404513,0.17696584845228938,0.7380081366085514,0.5905050482746902,0.3102937135014555,0.15429479455605152
334,0.018629335638829903,0.14054697060254617,0.22631399772689245,1.0147730855386874,0.2567282555275666,0.13175611608686752
335,0.2939799035508739,0.13135205532932995,0.34188028079709915,0.963439066292746,0.15437524663036978,0.06916200169419623
336,0.12917355008975218,0.21710692263930811,0.47793977387134867,0.5026844902388387,0.2751702154747286,0.1788445402222203
337,0.19625221469449838,0.21511319134547144,0.10636361093960761,0.6321239185589748,0.23118779633453157,0.0695934256861539
338,0.07716884442999461,0.1868676645201114,0.2618621063634754,1.0012510313731664,0.4168578491556599,0.1469400323601846
339,0.4587922724494885,0.24383037936926938,0.1973325830162651,0.7777780114421434,0.23769460332785144,0.0690124723780308
340,0.21631579876219456,0.16177807621200485,0.3155739008978753,0.3946740970090207,0.5618241577573478,0.09898472411963735
341,0.3734988594598878,0.3473086873441491,0.32795014867707667,0.7730171406011216,0.21727287852100544,0.13831357039580702
342,0.02506256335450853,0.18149939903737194,0.1402237125981266,1.3473846708198147,0.2854112264712983,0.051918225840696504
343,0.3546096348903054,0.08036318943636726,0.21121478599995883,0.6420236886656551,0.15610607039749536,0.17276016428704763
344,0.02597036633285406,0.1698164130738261,0.5169550662584071,0.4862691827672769,0.08521927760492196,0.2585922230743197
345,0.6667678451745936,0.07233129164757687,0.3149691107750457,0.7168549190660012,0.33835086096745676,0.16772694006367678
346,0.6099432926095153,0.19134537850921984,0.39969988731467876,0.45997181202919946,0.18964759388174032,0.19178242748673394
347,0.20376937259823863,0.22618887284025296,0.5800795795049557,0.4645908668402905,0.26859857030378054,0.14125207500650183
348,0.14828262537283088,0.29747926221092413,0.2483165480485432,0.5223606072183294,0.18315152457880557,0.1555404165039404
349,0.21840137762473585,0.12386559493429299,0.6203213618866783,0.504148029334398,0.3622419486703237,0.4446375881140186
350,0.06419909039187648,0.13508764529314402,0.16784031800004995,0.568803820460299,0.025647723074080288,0.29314140140815387
351,0.287063736767371,0.17427883608890196,0.13800266677685522,0.8888905877231633,0.23918210999013034,0.1547578621010533
352,0.2872562993761862,0.157113877959119,0.3873708031348615,0.7599696924326614,0.25433714423889947,0.24530201130113244
353,0.08582662290900445,0.17030150288182727,0.2918031642009169,0.23659133997490722,0.32709549135604504,0.03677404630269892
354,0.05928085111749548,0.049003184725304176,0.07203913877127127,0.9531828594535107,0.09873413369860692,0.20896394583985026
355,0.24269273414413217,0.10584181816339197,0.073566795245446,0.7907224216885931,0.5554928144190164,0.1609958975563556
356,0.1212447222559109,0.12156308979447962,0.2757437125985932,0.966571648761345,0.10009905356802828,0.289386849495264
357,0.10724654098771563,0.16500018235157515,0.19375123128866623,0.9233842781671312,0.09393529178179055,0.18196265466713812
358,0.31974075417228115,0.09348564338456425,0.8395691572979064,0.4136161495511323,0.03604174863913711,0.12246498747808467
359,0.17815280006683776,0.06837726457256428,0.1703391689292267,0.7568536078690082,0.19457788514791383,0.11029205489597091
360,0.16384548240893168,0.05894018206779516,0.27152652493309687,0.5078806623190268,0.6311749425526302,0.19862418462215808
361,0.6391336581802628,0.1836831600901827,0.578809644322889,0.8483664735135719,0.3092629779752821,0.1032680524256239
362,0.49760437234762034,0.16674420572134616,0.1412923137132897,0.7476716833934676,0.3730353357220933,0.1335499177246315
363,0.06713960619660786,0.061390175490551306,0.33681528728866494,0.7993158027195267,0.14988878609809006,0.1338419213841091
364,0.2502036486631001,0.09856798695409341,0.24864488476398594,0.30713062886556003,0.37513108794362204,0.22319905402619006
365,0.02080228403230472,0.24958696329256227,0.4013530406213991,0.7863625690223901,0.18964936763723822,0.25019977841929036
366,0.10016959763100933,0.13098051488963916,0.23659026805126765,0.6338895235568165,0.1448621604454808,0.08170419151494562
367,0.1645843923355442,0.09964347463154197,0.3406822782918643,1.0545220907966482,0.4359495306837905,0.14384295712444325
368,0.13441558362866793,0.051437299434695855,0.310580460860846,0.4713453322186555,0.3419862152897315,0.172888249894066
369,0.4146603099952927,0.13580374896935374,0.5231776712431048,0.20828741077365512,0.30668546732912133,0.0941518756976225
370,0.29098812081512937,0.18564722502824807,0.26524925157337004,0.8722828216766484,0.28717022411592996,0.13772193747871458
371,0.11889414280540167,0.17387832184750993,0.2401603198069084,0.4063473581402298,0.15285143138854307,0.2970525987463989
372,0.4807183923925542,0.034550717062808,0.6554293313609504,0.7449514837636811,0.16231559073006874,0.1423557187802203
373,0.4579142486597243,0.1952383606291531,0.5461560173261587,0.2792487237478745,0.11342093812661488,0.04564347210706888
374,0.265552234646502,0.07390814925827487,0.10003538014882361,1.0176188200946295,0.34950096714882484,0.07673849011868623
375,0.20438099341143973,0.1493781901264418,0.41512514741939543,0.5996010183921626,0.11438489096387286,0.20326194376352844
376,0.2302612451043695,0.3388544944815238,0.45251116848938805,0.8790526485781641,0.0661794993448033,0.15870723732149208
377,0.01622990169595173,0.09469027549182965,0.4109323406334459,0.41032985977305014,0.3618587449335164,0.09602148935004715
378,0.2795110060729622,0.1009244437402184,0.2671111184342149,0.8415663121806553,0.31524788155117467,0.21261055769376455
379,0.3604157820580991,0.07330194512393559,0.30452143287915295,0.5175965030351892,0.3591300250417202,0.14659506516548168
380,0.053419307561114904,0.2421536432706481,0.29020492844197393,0.7625086222932596,0.2251926217971358,0.12873736128238017
381,0.33190276939753605,0.21627734740661406,0.4250059244136443,0.6598790531807688,0.2687516335660857,0.20489538892705408
382,0.6373765305534332,0.024375671208800076,0.4491222759501806,0.740224481200556,0.22466539841166672,0.20263487384516785
383,0.576388727125192,0.22141687384108358,0.13579965004554134,0.609335381197081,0.2138285931383413,0.1799465537091925
384,0.010422792489321875,0.22276739602723722,0.37694494338367585,0.6286312741572321,0.5111989811215352,0.12414376595702548
385,0.023433079839122406,0.03779072253354931,0.7162469521975785,0.44424298057341466,0.41793348361660065,0.06037236846717532
386,0.12424597356430374,0.12394954533997356,0.3217679557246967,0.4431064668498434,0.41218021383275916,0.2687751317408906
387,0.31786515531333637,0.3942090445220359,0.48452050676338587,0.7617754756596646,0.20707051532011314,0.12998504227215488
388,0.11792248995826826,0.27721409267035924,0.1484948277337734,1.1140111695478006,0.37305914615910113,0.0357866120446795
389,0.1422268778915905,0.14506882722801678,0.35419026646688134,0.29701902852927836,0.316336992824484,0.19857619701587587
390,0.3442783826802013,0.03298959917499082,0.04144839904825791,0.7605398226454134,0.2663623393132462,0.13027284896281427
391,0.16042337524875938,0.08795423743422041,0.40138395230531204,1.2063081991191233,0.17637357676515988,0.21678922328549452
392,0.06822190786368373,0.04651938808645982,0.5557945623450067,0.6721187416969868,0.2953876885440143,0.12472947399596802
393,0.3087616501200633,0.04221924598896654,0.48331449957932265,0.12980959443601436,0.26157904000722576,0.05081093774751989
394,0.35479388958069513,0.3162318897435397,0.20307109889736175,0.9662626460073771,0.42621642056169173,0.06410661570317473
395,0.21739024458143247,0.273427048178959,0.07259108303750035,0.7059762715304263,0.2580093689221661,0.12139550945314212
396,0.4446978016928792,0.2856810865429016,0.3143083324910253,0.6337085458592863,0.2876844358717703,0.19616625108416555
397,0.3704169748164938,0.16054426412166276,0.19620070793169037,0.5982745389549493,0.3476559814646105,0.10843410254638201
398,0.4113278175984755,0.29062273986660797,0.07071149808644091,0.4492714491556211,0.26338325134515733,0.23495670206915228
399,0.14561405781134998,0.18661786609367464,0.25924868210801066,0.6015358466271296,0.1960122583269322,0.18545598636143543
400,0.39692278078582005,0.3126678693423024,0.4967747835066631,0.48855884479951994,0.13635950910275083,0.08415459689263603
401,0.07476107346492367,0.08462008365744532,0.22517866446198392,0.9964277751548789,0.05378874396425458,0.19339349835159067
402,0.5299739565307043,0.08438149404544468,0.36744844979613217,0.29982115050179486,0.3549311616841977,0.1861368821116894
403,0.2460080499449751,0.08490094792561897,0.4575830671441297,0.8998865275619261,0.08257339663790016,0.22166678180399438
404,0.048141856124008064,0.2275424146901715,0.4967802587853193,0.5570179145999279,0.46518039749717877,0.23347753945782385
405,0.28173696781759494,0.1096957794180598,0.39796765149266744,0.9482333401439418,0.24082898952289186,0.15962947954008755
406,0.04297294397312054,0.041343615491800656,0.36577928859575237,1.010309726531358,0.39376355853495754,0.2504575182778508
407,0.5563385586919707,0.26749406041198065,0.0999443582145115,0.40087200343794865,0.257050003491759,0.2180078029932959
408,0.03811799986017181,0.1873255613163139,0.2781476988043863,0.3602809764597215,0.07391484591071543,0.23861850572313056
409,0.2633074076720399,0.05391177353357952,0.2149079293357222,1.0642653748517683,0.09543473266101073,0.08080667884864585
410,0.5170500150253832,0.07101113866620345,0.2642967483892906,1.025464411211897,0.10859671313637265,0.25458176176410674
411,0.04177320365178663,0.1976605090034674,0.22215450267407993,1.1206264901949787,0.010068666722232314,0.1054154783107731
412,0.2876988035675185,0.2852383931665317,0.6839205471559168,0.5055020374395999,0.2037978259769504,0.28851442698769264
413,0.00823575843952637,0.11032205157066986,0.23015306740859828,0.6461037637302461,0.15398356288473417,0.1802007988431081
414,0.06899493034711188,0.15387898029135422,0.0808279466057574,0.973398058583251,0.13165596587385878,0.20878599813248067
415,0.6142563383868526,0.041538281649935845,0.3632565798025231,0.38269944020137203,0.08804480701994301,0.11128669549246517
416,0.13394392976723662,0.08173191137571968,0.14101967843241064,0.780741550165036,0.36346060245919265,0.20916722722292747
417,0.09977027625767726,0.14594952988348717,0.2014949133813428,0.884789494006353,0.288989268141796,0.33102374536882356
418,0.08963809320889815,0.08882640895810773,0.44197692597137195,0.45244332181922103,0.4363683966096791,0.08579597634653757
419,0.2931858117110858,0.19644010635328585,0.3239420039569235,0.5255095303032377,0.516382338994276,0.41964887512183785
420,0.1903749880933212,0.05887045410649727,0.5098484137273019,0.7385502243362579,0.19999071831343132,0.09985789065807035
421,0.23829494515927419,0.21765270393009253,0.4484298268302188,0.6630920821558193,0.42584115113469123,0.3925693347297875
422,0.09596329148215041,0.15481609278383876,0.33828835536059304,0.42586128457198946,0.4427679537411941,0.07558296040012386
423,0.3692297619437275,0.1595926693832016,0.6973490848438276,0.52520262290838,0.5841231824021276,0.11424032680525839
424,0.19352607328054103,0.15670740918279205,0.219575547011155,0.3414461100862153,0.1677444585104275,0.22714496443497212
425,0.22998226848395992,0.24485615432175115,0.5601748785420243,0.7734727898017082,0.29117735440292014,0.3519068441241627
426,0.2618009770491053,0.13855489899460016,0.46144956079833205,0.051982338806841846,0.4965310071258836,0.18005071841341003
427,0.18330021842662653,0.13942563789408963,0.18790665956127026,0.8015032842527081,0.189341576050193,0.054799050996218804
428,0.18566763733060698,0.20812427757763421,0.46308544056039275,0.7554373498432078,0.06384147635654473,0.11887890162756495
429,0.38359076076895965,0.06865271452654265,0.6089505065089604,0.3153607135096548,0.4496128976886471,0.09491500226544901
430,0.11847745424309694,0.11512841999366649,0.6273948413692579,0.4521577685414894,0.20479225648981772,0.35491038854352364
431,0.1015296725107111,0.15690956677004622,0.4142316716489559,0.04631103967346593,0.5612363529559711,0.1925960917703028
432,0.6572710743320254,0.09712600501306755,0.2606225115960771,0.24837410336356588,0.41232894182981744,0.04005914521861517
433,0.13379673928544986,0.31742037252630195,0.3149354194779307,0.6674388750688087,0.4726914897980358,0.25288213693636247
434,0.3186494102829692,0.029640280048003485,0.3251353965188861,1.0680529929834155,0.1334271127421454,0.2726737638465037
435,0.1678562966159942,0.2089543812472484,0.5583673565164113,0.8968652562308913,0.1848662178345529,0.3610230037757456
436,0.12311070252442174,0.3166518774918908,0.5146746167084996,0.5095921456235274,0.3004525647130742,0.12609513692566884
437,0.37126607789409766,0.19813187724866418,0.15240299235418941,0.8670734293457553,0.5173815678925652,0.2387931809661385
438,0.36468947288997894,0.28252625961481603,0.11768297075505323,0.27889061729016956,0.19825378934176244,0.3481467017248541
439,0.5417116605425863,0.3323545590375722,0.4447634519999668,0.4592723331283161,0.47413122531093843,0.21090628008075973
440,0.2733322952206726,0.09991512815594193,0.2525315431439645,0.717683888528303,0.3253965527416527,0.342181475027016
441,0.5112924645473141,0.09446649006943082,0.27038995875005994,0.5438918318230284,0.210315057145117,0.07730245332566033
442,0.3939570763854586,0.18133732539247083,0.15870064737780934,1.2594483667315217,0.40615041657296674,0.1711075790857333
443,0.44746169165016664,0.04539619887843147,0.43003973407756346,0.2600072142092855,0.1676122209391447,0.032545528067798465
444,0.16921747048292168,0.16120440114522272,0.4232045161960693,0.5466078730179479,0.16556211200357543,0.11282552022169319
445,0.1742581234926714,0.20174973740597243,0.45540409580738317,0.32248509572301676,0.5571008721574179,0.08255930516875844
446,0.21622299235898446,0.0061087596137163885,0.13988051487699024,1.1345467994526197,0.011111765550628608,0.03703342526733428
447,0.15222147247192963,0.15050158317706963,0.236973694159795,0.9838789138600892,0.47330707710125786,0.16317084410088245
448,0.14606316471572112,0.038085011028053346,0.4680828284102419,0.5267588435747719,0.37154914148703627,0.17680467755902293
449,0.5869291002930753,0.10496034664171035,0.2872246134510787,1.0054426036830595,0.270358096160341,0.0960209762301921
450,0.43772532448444607,0.09383389669403495,0.25430176893766304,0.9971901991631918,0.1451749631689139,0.24248287203333144
451,0.10095673518612569,0.06107097817549339,0.3622679187186682,0.3391742010445667,0.3338191977800852,0.0749833668985472
452,0.03195162151183284,0.2396303455252268,0.11225381926626449,0.5259953395947174,0.31162554003836335,0.18648127115762225
453,0.39292941626294786,0.18322587721153644,0.3800108190313365,0.6787482107315762,0.7041579997107243,0.04815041819994903
454,0.17125396293378392,0.2885718649552583,0.11923734939733956,0.8329825619223106,0.24595752604070367,0.2916231106421552
455,0.21065429407342173,0.3848950915199251,0.337486509682327,0.2307470520038317,0.29907460364754423,0.3173001433499202
456,0.08827310685067126,0.23570472197212713,0.4285706285096361,0.5312772570923247,0.39570611829648705,0.20438269537929687
457,0.19315777637918577,0.1919090377408123,0.09319541655563414,0.5297378996441637,0.16836917340916685,0.25985498118232425
458,0.1235874286578525,0.1054968079191633,0.11319265902154164,1.1022642906089426,0.05680617395277504,0.24094549779571248
459,0.5507558010216267,0.1654018415028053,0.2324330710300184,0.5088611200257451,0.42475184561631,0.24148919664462348
460,0.1523656846333036,0.2511771051793293,0.2800808393610505,0.7796438485892736,0.14395487629000864,0.0926908842000038
461,0.10920770415878733,0.14437816293136055,0.24706889059032644,0.3020925083511034,0.6496557638454087,0.13391320099211534
462,0.1189249519921316,0.16510953526455818,0.3548053333537072,0.5233897244756388,0.35707710835994494,0.06196995829397797
463,0.09390266192662036,0.1900252850846964,0.2818530902025392,0.662478663163318,0.29244911230695725,0.12734452501907242
464,0.21812977298886527,0.2029413249759214,0.7178940024439829,0.2525025571829591,0.2563550333111671,0.32597087400780866
465,0.3028159746470737,0.24675387791309472,0.03675116243597527,0.7594434578330067,0.4192532602667463,0.2859094276894766
466,0.02409563097571535,0.047226107456980033,0.31505997511404554,0.34277432466368907,0.16993875630847746,0.06358647637400978
467,0.11921073408584565,0.011387739035467168,0.5876991945367124,0.34659074229571024,0.17841453051024248,0.09393624391646935
468,0.06708590351511012,0.1538971342429436,0.37275698203867447,1.2814286389667242,0.3275832518325933,0.06077049969903833
469,0.28963087844514357,0.1325285464281524,0.20107613497865462,0.18653626781455548,0.49321372082899495,0.10994082306873217
470,0.3251998128341227,0.0991684009675753,0.06807302174336093,0.8332541981606768,0.12861737145619948,0.25105512368137717
471,0.0022982779524063357,0.08891134916555433,0.09738834494618576,1.3097828376437661,0.29430102866779667,0.014276172982384405
472,0.5461251829799477,0.2695290781748769,0.24998318548004306,1.1348722680138694,0.24947455130796437,0.2385715205003081
473,0.5045239318705459,0.3135374358596016,0.7044760714347753,0.37616416799514657,0.3335913930956686,0.059101392394645784
474,0.28427927799154507,0.13512622613132144,0.1698246903501393,0.5712707320144024,0.6418367938658655,0.0548578641463883
475,0.08825085724699128,0.2976425308830847,0.3472584528665453,0.8568472812502663,0.04284106714156302,0.03338131542078747
476,0.2217742331830883,0.12484999979873544,0.23343690019890526,0.4567624025100717,0.21562401408626483,0.07895740747308953
477,0.1502047454637975,0.01792819827540669,0.4814263051684302,0.6667952675692932,0.1260151789996508,0.18914340108632907
478,0.28673342868628143,0.1475880542195176,0.5709747409874756,0.34732075236217697,0.29982423897005267,0.43009921243133237
479,0.2155828748247928,0.12099432647840534,0.18085353071383256,0.41348326607181934,0.23217466202234044,0.1498403085171104
480,0.3081963234485149,0.2697565236123466,0.15490836458456414,0.9274085657249952,0.20596429780994807,0.09624826892269242
481,0.13408084922617636,0.040477825864249944,0.16903340595794095,1.0653218736904593,0.16240657156108407,0.2103049189169812
482,0.3502651290879474,0.26486239044653775,0.3368050581536821,0.818526289067197,0.2553203843155175,0.10159212627925959
483,0.4320366577324519,0.04628073047786438,0.3522735233275744,0.5861913038646733,0.16995259441160546,0.31149486799498827
484,0.36644206749665437,0.5366054187238918,0.3030801637664216,0.6447182809844867,0.15088414725820382,0.20019410037642582
485,0.19203775963668268,0.16823559360167692,0.5868386151096867,0.8355547928179488,0.43772786185804013,0.1748969852486008
486,0.053735723648273614,0.29389904980664716,0.05774140056249515,1.2518255920782497,0.06020545622333307,0.28664184538268683
487,0.1045120456911251,0.2370200158524118,0.23342584279595516,0.7280540110711277,0.3068394121869037,0.2511037260726353
488,0.00699034703012863,0.038551048584766885,0.07776112278361064,1.0251215115219914,0.1165622040473534,0.13614435074930334
489,0.13169444798525348,0.17504267965034281,0.1062818729092406,0.8743632652510861,0.2556427634840917,0.025964272267963034
490,0.2949281499979362,0.083702960214726,0.23716177806206057,0.8204045503585224,0.4880267295155626,0.2327027193978194
491,0.055871011268616155,0.13128975410921373,0.3160757812219525,0.41598385116892334,0.4367317700862481,0.33423884779209084
492,0.10249691911571202,0.036480735452813794,0.09624512348943028,0.9149190954660098,0.24199644482683616,0.1981648252332091
493,0.3717754794711505,0.12448828861848349,0.35947562936538213,0.6499772827583785,0.33006683888924887,0.1273013022072178
494,0.38230668327233597,0.3297611441274334,0.29556615908770495,0.812807528808528,0.38525580158888834,0.20666230374174135
495,0.07827405056846046,0.17982652851738676,0.043938911362947315,0.890666897431215,0.19604914600756743,0.24883602197098176
496,0.10566411867011155,0.2059758487002642,0.22610925549809965,1.1832065253033297,0.4614695689918247,0.23270979400678704
497,0.21539631148259608,0.23692406768266402,0.4325200222582529,0.8766818340223014,0.15051237826635883,0.14605257186373685
498,0.5363859326786469,0.3485102669310942,0.22113164387959608,0.8319966608192291,0.19384271604559702,0.18251625675822544
499,0.07398969226055196,0.1085120542427325,0.28452192694580475,0.7190313022937321,0.14050479562433954,0.021779886068377958
