,abs_amplitude,amplitude_squared,surface_energy,param_0,real_group_sampling_width
0,0.013688812835282862,0.00018738359683940483,6.583029061144084,-0.013688812835282862,0.7194540288029647
1,0.14581576381945183,0.021262236978250155,6.65410924411081,0.14581576381945183,0.7190285828409346
2,0.006596853166235456,4.351847169687076e-05,6.582534297224571,-0.006596853166235456,0.7186033884644948
3,0.11218420712160623,0.012585296327503447,6.625175553311823,-0.11218420712160623,0.7013592781823684
4,0.16057428350947844,0.02578410052458236,6.6690091000911655,-0.16057428350947844,0.6684978462388484
5,0.016289006387032345,0.00026533172907678055,6.583297075768239,-0.016289006387032345,0.6371761012189506
6,0.2981039289277344,0.08886595244215173,6.865170651895419,-0.2981039289277344,0.6218859771603472
7,0.04057132473097064,0.0016460323904258695,6.588037999588219,-0.04057132473097064,0.6069627656291916
8,0.1872316208389577,0.03505567984198322,6.69918684851546,-0.1872316208389577,0.6211506955760859
9,0.06304010598981355,0.003974054963206926,6.596004272268429,-0.06304010598981355,0.6207833808559434
10,0.12201388741486331,0.01488738872208694,6.632896446213694,-0.12201388741486331,0.5916972456093494
11,0.1006842698309115,0.010137322191383795,6.616929718450399,0.1006842698309115,0.6055283396168598
12,0.1111288745895273,0.012349626767534887,6.624383320657142,0.1111288745895273,0.6196827394414313
13,0.2864025862309608,0.08202644139978295,6.844885599842334,0.2864025862309608,0.6048123983459188
14,0.0968805392993649,0.009385838894935786,6.614390974356772,0.0968805392993649,0.5902988963718188
15,0.19688097708292215,0.03876211913712612,6.711113408083024,-0.19688097708292215,0.6185840494508147
16,0.0779151615618271,0.0060707724012056185,6.603149711901897,-0.0779151615618271,0.6182182525055214
17,0.1521405935559097,0.02314676020754451,6.660333565694037,0.1521405935559097,0.6326692827089102
18,0.0916492522908251,0.00839958544546731,6.611053786464734,0.0916492522908251,0.617487307424243
19,0.10574163508118058,0.011181293389641559,6.620450780828364,-0.10574163508118058,0.6470752384235758
20,0.040380132433438826,0.0016305550953420581,6.587984922496819,0.040380132433438826,0.6466925933395319
21,0.056239371687600986,0.0031628669278161354,6.593232366548588,-0.056239371687600986,0.6163925099079989
22,0.042211615815167275,0.00178182050972728,6.588503599400751,-0.042211615815167275,0.6016011234651345
23,0.10518420225848568,0.011063716404754025,6.620054558292581,-0.10518420225848568,0.587164681492531
24,0.1671551497125479,0.027940844075424305,6.676073393028954,0.1671551497125479,0.573074666494046
25,0.023419786256628078,0.0005484863883061454,6.584270339375623,-0.023419786256628078,0.5462238715628741
26,0.1382526675241092,0.019113800077531877,6.646987451740829,-0.1382526675241092,0.5589920123186285
27,0.18594418056131481,0.034575238284618844,6.697635198528172,-0.18594418056131481,0.545578048424237
28,0.18103839040313646,0.03277489879975845,6.691809071486007,0.18103839040313646,0.5452554232551756
29,0.06241194563514116,0.0038952509579638153,6.59573517417192,0.06241194563514116,0.5449329888690828
30,0.04437080669236756,0.0019687684865314498,6.589144427585337,0.04437080669236756,0.5318563951495537
31,0.12241282396361304,0.014984899470746516,6.633222769627758,0.12241282396361304,0.5442886919945956
32,0.08254721973931164,0.006814043486690202,6.605676084934676,-0.08254721973931164,0.5703691896320778
33,0.08254721973931164,0.006814043486690202,6.605676084934676,-0.08254721973931164,0.5309134202034984
34,0.11315509876117709,0.012804076375651742,6.6259107047731645,-0.11315509876117709,0.5181732498741981
35,0.23330639984075688,0.05443187620665512,6.760696298184442,0.23330639984075688,0.5302856992465228
36,0.044408295639821294,0.001972096721633771,6.589155834234571,-0.044408295639821294,0.5556952202044315
37,0.0872909226926997,0.007619705184542875,6.6084106181803515,0.0872909226926997,0.5423603684429733
38,0.03266183589409022,0.0010667955239724801,6.586050551402538,0.03266183589409022,0.5819779268976715
39,0.06560761338379464,0.00430435893391747,6.59713175969019,0.06560761338379464,0.5680123768957004
40,0.018409323694568103,0.0003389031988913866,6.583550006113906,0.018409323694568103,0.5676764852855922
41,0.10785106730870744,0.011631852719627344,6.621968331416814,-0.10785106730870744,0.5540541226945226
42,0.12605073680744355,0.015888788249699404,6.6362449166441895,0.12605073680744355,0.5407586518584799
43,0.08026140164018987,0.006441892593247873,6.604411579521194,-0.08026140164018987,0.5666700017536256
44,0.003078782996741327,9.478904741023505e-06,6.582417212973188,0.003078782996741327,0.5530717914464179
45,0.0013009351216617393,1.6924321907730444e-06,6.582390429176802,-0.0013009351216617393,0.5527447348855212
46,0.07745824686003777,0.005999780006630552,6.602908228037913,-0.07745824686003777,0.5394806850365529
47,0.07745824686003777,0.005999780006630552,6.602908228037913,-0.07745824686003777,0.5021616539477509
48,0.045927107456863014,0.002109299199354242,6.5896259982386605,0.045927107456863014,0.5018647028717886
49,0.041337978791233826,0.0017088284905444975,6.588253333854265,0.041337978791233826,0.5015679273965334
50,0.0641626444851533,0.004116844947328173,6.596491768213899,0.0641626444851533,0.5012713274181445
51,0.1250549225879309,0.015638733663473393,6.635409357025543,0.1250549225879309,0.537887472828372
52,0.04621066092162919,0.0021354251828137874,6.589715512908035,-0.04621066092162919,0.5375693954472193
53,0.02941757580337294,0.000865393766147193,6.585359010184531,0.02941757580337294,0.537251506159721
54,0.055871544790410226,0.003121629517266816,6.59309134313356,0.055871544790410226,0.5369338048546484
55,0.041474293600998385,0.0017201170297018156,6.588292040748373,0.041474293600998385,0.5240491651580562
56,0.058058884199883046,0.0033708340345354293,6.593943406815887,0.058058884199883046,0.49949540717465896
57,0.058058884199883046,0.0033708340345354293,6.593943406815887,0.058058884199883046,0.4649423913835526
58,0.02979546452006529,0.0008877697059664695,6.585435853910491,-0.02979546452006529,0.4646674497541062
59,0.02979546452006529,0.0008877697059664695,6.585435853910491,-0.02979546452006529,0.43252368727231716
60,0.014562500897689706,0.0002120664323952135,6.583113934108175,0.014562500897689706,0.4322679163003502
61,0.13398043170919616,0.017950756080982577,6.643120573203307,0.13398043170919616,0.4320122965774178
62,0.13752984459268972,0.018914458153689386,6.646325258474493,-0.13752984459268972,0.4635693081303441
63,0.17164833623317338,0.029463151331616543,6.681043322310511,-0.17164833623317338,0.4744053745939361
64,0.04141973625577849,0.001715594551498251,6.588276533871688,-0.04141973625577849,0.5212667057954985
65,0.1714755890043697,0.02940387762439552,6.680850060765216,-0.1714755890043697,0.520958457031515
66,0.056094274871469854,0.0031465676733560145,6.59317662775782,-0.056094274871469854,0.4965495108413272
67,0.05746770417535539,0.0033025370231861595,6.593709929314996,-0.05746770417535539,0.4732842194782641
68,0.028965462603073755,0.0008389980238100643,6.585268357490834,-0.028965462603073755,0.47300434494562077
69,0.012418539848324459,0.00015422013196442246,6.58291502103757,0.012418539848324459,0.48406095811975575
70,0.08503199479754103,0.007230440139249045,6.607089902407049,-0.08503199479754103,0.5072555437510976
71,0.18765276591810093,0.03521356055671358,6.699696459180574,0.18765276591810093,0.5315615365173988
72,0.15438276438852047,0.023834037940241425,6.662598315151699,-0.15438276438852047,0.5439869409567542
73,0.07658950382874125,0.00586595209673277,6.602452920276805,0.07658950382874125,0.5309330492656237
74,0.21124165509965825,0.04462303684924297,6.729815906354581,0.21124165509965825,0.5306190843521263
75,0.07515551960820605,0.005648352127579443,6.60171236406487,0.07515551960820605,0.5830331546500824
76,0.16723504423058294,0.027967560018805033,6.67616072951215,-0.16723504423058294,0.5690422826637911
77,0.12203171306805538,0.0148917389943242,6.632911005797682,0.12203171306805538,0.5823438103693424
78,0.22820168719479253,0.05207601003854994,6.7533267720284895,-0.22820168719479253,0.5959562651266995
79,0.14073160192036557,0.019805383779072244,6.649282974557406,-0.14073160192036557,0.6245125004357989
80,0.08299449520889993,0.0068880862349801125,6.605927566169853,-0.08299449520889993,0.6241431977272021
81,0.0021871359836110604,4.783563810806321e-06,6.582401062053438,-0.0021871359836110604,0.6237741134041307
82,0.021865964308413692,0.0004781203951368215,6.58402852419462,0.021865964308413692,0.5945478506121392
83,0.029311047408008453,0.0008591375001545191,6.5853375242671435,-0.029311047408008453,0.5802806639156444
84,0.04426226490494704,0.001959148094515707,6.589111455829034,0.04426226490494704,0.5663558426251013
85,0.3237107783245651,0.1047886680034957,6.911551123793267,-0.3237107783245651,0.566020930599217
86,0.06192670756295873,0.0038349171095882102,6.595529121002635,-0.06192670756295873,0.5656862166220799
87,0.13725449852753846,0.01883879736604606,6.646073858725375,0.13725449852753846,0.5789092953146218
88,0.01449546010147231,0.00021011836355337563,6.58310723573367,-0.01449546010147231,0.5785669598599392
89,0.00154535837574446,2.3881325094835556e-06,6.5823928222525705,-0.00154535837574446,0.5782248268438157
90,0.16047233774864672,0.025751371182515748,6.668901687470288,-0.16047233774864672,0.591740999171637
91,0.004189801451782882,1.7554436205361943e-05,6.582444990659827,-0.004189801451782882,0.5775411676484721
92,0.12439167911270774,0.015473289832478851,6.63485631636944,0.12439167911270774,0.5910413592451508
93,0.12701275015245378,0.016132238701289648,6.637058044135497,-0.12701275015245378,0.6048571217194676
94,0.020745185725718943,0.00043036273079457297,6.5838643852750875,-0.020745185725718943,0.5765171941541701
95,0.10548081085417677,0.011126201458454615,6.620265137210888,-0.10548081085417677,0.562682683720286
96,0.009625002348627343,9.264067021108187e-05,6.582703247386071,0.009625002348627343,0.549180155889672
97,0.05949001403495119,0.0035390617698786895,6.594518377591622,0.05949001403495119,0.5488554006302718
98,0.11204523181550269,0.012554133972589736,6.625070816719387,0.11204523181550269,0.5485308374134596
99,0.18202105111490036,0.03313166304897317,6.692965075456021,0.18202105111490036,0.5353679072000126
100,0.07916420871120859,0.006266971940871794,6.603816929118126,0.07916420871120859,0.5478822866534133
101,0.08135394049550532,0.00661846363414622,6.605011646017127,-0.08135394049550532,0.5741349773538562
102,0.03384656812520648,0.0011455901738542432,6.586321033403965,-0.03384656812520648,0.6016456093781972
103,0.03384656812520648,0.0011455901738542432,6.586321033403965,-0.03384656812520648,0.5600262672523436
104,0.12315991874559183,0.015168365585420783,6.633836589125504,0.12315991874559183,0.5596950981928976
105,0.07738525029043149,0.005988476962512726,6.602869777299449,0.07738525029043149,0.572778132761829
106,0.12795938933702722,0.016373605319504915,6.637863857023815,-0.12795938933702722,0.5724394229430401
107,0.09107132511419355,0.008293986258055141,6.6106961117896335,-0.09107132511419355,0.5721009134188066
108,0.17943220424929607,0.032195915921761104,6.689931474265499,-0.17943220424929607,0.5583723791509968
109,0.0975572165241218,0.009517410495934384,6.6148357168341985,-0.0975572165241218,0.5580421881109743
110,0.11931619109048056,0.014236353456340072,6.630716248074227,0.11931619109048056,0.5446510168636097
111,0.03823077540703174,0.0014615921882229032,6.587405389916523,0.03823077540703174,0.5573823916865037
112,0.3328794289600329,0.1108087142247576,6.928789222778543,0.3328794289600329,0.5570527860711952
113,0.08981602403474556,0.008066918173409992,6.609926774978364,0.08981602403474556,0.570074055831141
114,0.16491919884654335,0.027198342148185707,6.673644434146552,0.16491919884654335,0.5973901020488375
115,9.546786005348862e-05,9.114112303192488e-09,6.582384638872389,-9.546786005348862e-05,0.6113542682198067
116,0.08177378750130729,0.00668695232230896,6.605244348306134,0.08177378750130729,0.5966837829537163
117,0.13512793960515984,0.018259560061935725,6.6441480749312785,-0.13512793960515984,0.5963309366342802
118,0.0005660777709188408,3.204440427284436e-07,6.582385709791425,-0.0005660777709188408,0.5959782989689565
119,0.11870968502349644,0.014091989318377735,6.63023244893713,-0.11870968502349644,0.5680543790599785
120,0.03711625893012385,0.0013776166769679985,6.587117291266806,0.03711625893012385,0.5414388042777137
121,0.09485020673868837,0.008996561718371925,6.6130744982925975,0.09485020673868837,0.5809890456415784
122,0.13734076324974748,0.018862485250023188,6.646152570669239,0.13734076324974748,0.5806454803357267
123,0.012339329270215443,0.00015225904683879559,6.58290827718034,0.012339329270215443,0.6084680739351191
124,0.11938476527179437,0.01425272217900144,6.630771095596491,0.11938476527179437,0.6226911908984212
125,0.06806614337444235,0.004632999873870142,6.598252886751284,0.06806614337444235,0.6223229652131744
126,0.16148997394605563,0.026079011685097728,6.669976669669061,0.16148997394605563,0.6368699442616096
127,0.15125742292446767,0.02287880798975128,6.659449840519427,0.15125742292446767,0.6673866265315092
128,0.1444257918050665,0.020858809338520416,6.652774035065813,0.1444257918050665,0.6669919703978251
129,0.005851320257367593,3.423794875428035e-05,6.582502376195075,0.005851320257367593,0.6509863638567686
130,0.09517267116917312,0.009057837337475557,6.613281785485602,0.09517267116917312,0.6662033581269341
131,0.11648488523259046,0.01356872848764977,6.628477808860826,-0.11648488523259046,0.6502166756783425
132,0.06562424676252714,0.004306541763149053,6.597139208451552,0.06562424676252714,0.6654156782650394
133,0.19994481342934367,0.03997792841729505,6.715008815638086,0.19994481342934367,0.6494478975341739
134,0.23576319428016634,0.05558428377718746,6.764290468228045,-0.23576319428016634,0.6646289297097159
135,0.060834174030074864,0.003700796729921435,6.595070988364035,0.060834174030074864,0.6642359043278663
136,0.060834174030074864,0.003700796729921435,6.595070988364035,0.060834174030074864,0.6182868257946272
137,0.05802059285164954,0.0033663891948568854,6.593928212759142,0.05802059285164954,0.6479130670459947
138,0.05802059285164954,0.0033663891948568854,6.593928212759142,0.05802059285164954,0.6030931345394358
139,0.013743806316156446,0.0001888922120560218,6.583034248692657,-0.013743806316156446,0.5748358566894397
140,0.13607349151022569,0.018515995091783463,6.64500089035203,0.13607349151022569,0.5744959300446957
141,0.031810753040874114,0.0010119240090274817,6.585862168026846,-0.031810753040874114,0.5741562044140713
142,0.18616479240453443,0.0346573299310234,6.697900417335452,-0.18616479240453443,0.547254735191051
143,0.19724619514062935,0.038906061497455235,6.711575025663246,-0.19724619514062935,0.5469311185206762
144,0.20833509931661692,0.04340351360726464,6.725940012431359,0.20833509931661692,0.533806576282363
145,0.04022082114906565,0.001617714453905127,6.587940886260049,-0.04022082114906565,0.5593848059174238
146,0.1329880180342192,0.01768581294066981,6.64223855455433,-0.1329880180342192,0.5459614162726887
147,0.039447324464447736,0.0015560914074034169,6.587729538965761,-0.039447324464447736,0.5456385644007435
148,0.1608573376308115,0.025875083069672886,6.6693076577001085,-0.1608573376308115,0.5453159034458268
149,0.12223045489987278,0.014940284105029832,6.633073469796779,0.12223045489987278,0.5714456216278859
150,0.03839970564542164,0.0014745373936550265,6.587449797627999,-0.03839970564542164,0.5446711538355534
151,0.06361884697111259,0.004047357689933841,6.596254549487501,-0.06361884697111259,0.5443490649546013
152,0.014940625764518774,0.0002232222982354022,6.583152292740002,-0.014940625764518774,0.5440271665394861
153,0.0789666403797914,0.006235730292871301,6.6037107015789385,0.0789666403797914,0.5309723095670951
154,0.13833980286098874,0.01913790105561723,6.647067496545665,0.13833980286098874,0.5433839406563091
155,0.10146015665109975,0.010294163387665702,6.617459135720364,0.10146015665109975,0.5830762675387058
156,0.10144992580164308,0.010292087445158887,6.617452129372493,0.10144992580164308,0.569084360985339
157,0.08616524231166985,0.00742444898262878,6.607748262544625,-0.08616524231166985,0.5554282140227791
158,0.035737111254525306,0.0012771411208183192,6.586772526050654,0.035737111254525306,0.5420997695286901
159,0.17463428693318186,0.030497134172660895,6.68441134960323,0.17463428693318186,0.5547715082082906
160,0.054368420227518956,0.0029559251180360925,6.592524559648469,-0.054368420227518956,0.5813543074138865
161,0.26373683762067057,0.06955711951815195,6.807318959014852,0.26373683762067057,0.581010526112099
162,0.10596436031737877,0.011228445657471277,6.620609655252894,-0.10596436031737877,0.608850611486809
163,0.1741825729527373,0.030339568720435656,6.683898505020246,-0.1741825729527373,0.608490570367062
164,0.11931964044310762,0.014237176595472485,6.630719006247951,-0.11931964044310762,0.6529387124941438
165,0.03658194640784454,0.00133823880298641,6.586982180293276,0.03658194640784454,0.6372703377738723
166,0.04415038406842242,0.0019492564133892084,6.589077553675307,0.04415038406842242,0.6521667159729481
167,0.1542664491721868,0.02379813734019489,6.662480082881319,-0.1542664491721868,0.6216101484341048
168,0.12639841718849404,0.015976559867756587,6.63653811634628,-0.12639841718849404,0.6212425620185441
169,0.13607275789488962,0.018515795441121245,6.645000226535826,-0.13607275789488962,0.6510104322854297
170,0.20414849715938688,0.04167660889243619,6.720437518403479,0.20414849715938688,0.6353883299277822
171,0.05475640580686414,0.002998263976885985,6.592669394127638,0.05475640580686414,0.6502407156499024
172,0.24545608563163437,0.060248689973604226,6.778766553118089,0.24545608563163437,0.6197743887773021
173,0.03891731062925374,0.0015145570666138264,6.587587075837034,0.03891731062925374,0.63426179411548
174,0.046722019108833876,0.002182947069606238,6.58987832458414,-0.046722019108833876,0.604544142363989
175,0.12388972752845803,0.015348664587075572,6.634439613070768,0.12388972752845803,0.6041866478557356
176,0.1526696631970703,0.02330802606070688,6.660865227037024,0.1526696631970703,0.5758781346196247
177,0.24932662602593214,0.06216376644547502,6.784677155835574,-0.24932662602593214,0.5755375916284302
178,0.016876229774829374,0.0002848071314128375,6.583364033358909,0.016876229774829374,0.6323886712000619
179,0.18500188414433694,0.03422569713695467,6.696505484229027,-0.18500188414433694,0.6948554486782632
180,0.09419682940178989,0.008873042669349908,6.612656579033809,0.09419682940178989,0.7281506028017757
181,0.2984253559517307,0.08905769307491716,6.865736130258664,-0.2984253559517307,0.7277200141591249
182,0.04939772740194387,0.002440135472476756,6.590759212047727,0.04939772740194387,0.71025713494075
183,0.042750131928267154,0.0018275737798842467,6.5886604549632475,0.042750131928267154,0.7268596006033268
184,0.0323692274739825,0.0010477668872624234,6.585985224988031,0.0323692274739825,0.7094173684713455
185,0.0642581312320587,0.004129107429436478,6.596533627260321,0.0642581312320587,0.7089978576440695
186,0.0642581312320587,0.004129107429436478,6.596533627260321,0.0642581312320587,0.6599523332625613
187,0.08710511424397965,0.007587300927456747,6.608300711679622,0.08710511424397965,0.6753789096570993
188,0.1480259951712136,0.02191169524642815,6.6562566963881675,-0.1480259951712136,0.6591720442466328
189,0.23511617204606694,0.05527961435759575,6.763340938223374,-0.23511617204606694,0.658782245769898
190,0.18109357108852536,0.032794881489594786,6.691873839561717,0.18109357108852536,0.6429736455318208
191,0.2309342538498464,0.05333062960118529,6.757255104298637,0.2309342538498464,0.6128478093856468
192,0.08530112512691701,0.007276281947917952,6.607245485707848,-0.08530112512691701,0.5981414840595344
193,0.011237950180785411,0.00012629152426581484,6.582818976712113,0.011237950180785411,0.5977877757349883
194,0.2921891841290588,0.08537451932200503,6.854843388990133,0.2921891841290588,0.5974342765742975
195,0.02796639576705573,0.0007821192921995926,6.585072999859296,-0.02796639576705573,0.5830978251785098
196,0.03642480974602946,0.001326766765034443,6.586942816271726,0.03642480974602946,0.5827530128551935
197,0.009999140696473507,9.99828146678727e-05,6.582728498520831,0.009999140696473507,0.5963750328388414
198,0.09263774048317373,0.008581750961827846,6.611670635576248,0.09263774048317373,0.5960223690974221
199,0.09263774048317373,0.008581750961827846,6.611670635576248,0.09263774048317373,0.5547920193575406
200,0.07344857914081242,0.005394693777804185,6.600848715035712,-0.07344857914081242,0.5415455597925966
201,0.05758584704402544,0.0033161297797778934,6.593756399338163,-0.05758584704402544,0.5286798547446167
202,0.13640976372580235,0.018607623639729225,6.6453055197808295,0.13640976372580235,0.5536358736047369
203,0.10379496155718809,0.010773394044658154,6.619075836078277,0.10379496155718809,0.5281963506192753
204,0.029490403324548803,0.0008696838882445591,6.585373743622136,-0.029490403324548803,0.5278990055817759
205,0.027822910098785444,0.0007741143263650971,6.585045504070914,0.027822910098785444,0.5038738626332836
206,0.14937606915945417,0.022313210037530035,6.657583062819784,-0.14937606915945417,0.5271966822769216
207,0.20215458647033543,0.04086647683099233,6.717850472416826,0.20215458647033543,0.5269083718698353
208,0.03363551363934817,0.0011313477777827768,6.586272145813663,0.03363551363934817,0.5266229611092523
209,0.0470877376974439,0.0022172550414632794,6.589995855989065,-0.0470877376974439,0.5506485735714276
210,0.010363405018008393,0.00010740016356728153,6.582754007948355,-0.010363405018008393,0.5381284989325441
211,0.04017845392368606,0.0016143081596977638,6.5879292043948325,0.04017845392368606,0.5624461097299287
212,0.04017827071808912,0.0016142934378960575,6.5879291539063445,-0.04017827071808912,0.5621527488469944
213,0.025426351549481807,0.0006464993531178359,6.584607111555428,0.025426351549481807,0.5375105179798959
214,0.16762876783014316,0.02809940380425204,6.676591676238587,-0.16762876783014316,0.5255181009708415
215,0.355371598734057,0.12628897318679963,6.97239948997579,0.355371598734057,0.5488236600106742
216,0.2998557801183343,0.08991348887037486,6.868257922353895,-0.2998557801183343,0.5606650763305535
217,0.18635923594447057,0.03472976482180685,6.698134405624543,-0.18635923594447057,0.572707453267242
218,0.04635405638227111,0.002148698543090769,6.5897609893587346,-0.04635405638227111,0.5977559383825152
219,0.2327752312551346,0.054184308285881395,6.7599232555773385,-0.2327752312551346,0.6104802632375043
220,0.21728430738287058,0.04721247023485379,6.738018615849558,-0.21728430738287058,0.6369378768836333
221,0.08213835451361925,0.006746709282204996,6.605447359028491,0.08213835451361925,0.6644171247056236
222,0.0343508704858638,0.0011799823031365887,6.586439080415639,-0.0343508704858638,0.6641008716131276
223,0.0343508704858638,0.0011799823031365887,6.586439080415639,-0.0343508704858638,0.6229425554662115
224,0.18324972708397863,0.03358046247635265,6.694418263236184,0.18324972708397863,0.6359132839590481
225,0.12309088923057376,0.01515136701157338,6.633779725887377,0.12309088923057376,0.6224204975142874
226,0.11176368139240148,0.012491120478382228,6.624859010325794,-0.11176368139240148,0.6623727089269088
227,0.0026264979433928692,6.898491446646972e-06,6.582408336947665,-0.0026264979433928692,0.6484425956497183
228,0.19937757235454123,0.03975141635799032,6.714283705746902,-0.19937757235454123,0.6481498618478498
229,0.0396137918142697,0.0015692525019043013,6.587774679333278,0.0396137918142697,0.6346381632294548
230,0.015420469258630845,0.00023779087215637892,6.583202384519948,-0.015420469258630845,0.6214657801395123
231,0.08761779792380345,0.0076768785130164555,6.60860451870888,-0.08761779792380345,0.634021665525434
232,0.0498889627873425,0.0024889086079968445,6.590926215870064,-0.0498889627873425,0.6084636556902099
233,0.024369600479857367,0.0005938774275478644,6.584426310454323,0.024369600479857367,0.6082005503593371
234,0.23377213726623536,0.05464941216202358,6.761375296014492,-0.23377213726623536,0.6079397858980524
235,0.03500397536707748,0.001225278291498967,6.586594542145455,0.03500397536707748,0.620017533647933
236,0.03500397536707748,0.001225278291498967,6.586594542145455,0.03500397536707748,0.5836421752375106
237,0.008794853862061913,7.734945445502535e-05,6.582650656662494,-0.008794853862061913,0.6071208060344214
238,0.055910975981412446,0.0031260372351940794,6.593106417131774,-0.055910975981412446,0.6068691205808151
239,0.28045747398123194,0.07865639471193339,6.834807886084254,-0.28045747398123194,0.5947484002227025
240,0.1599127075228282,0.025572074027281597,6.668313150596061,0.1599127075228282,0.6063227614417042
241,0.11099650215633575,0.012320223490941445,6.6242844539492625,-0.11099650215633575,0.6427850369762066
242,0.018770185333375627,0.0003523198574492695,6.583596127324477,0.018770185333375627,0.6301064577145853
243,0.004453757961898022,1.9835959983170023e-05,6.582452838420858,-0.004453757961898022,0.6422204710387815
244,0.13994578122322984,0.01958482168218011,6.64855119018511,0.13994578122322984,0.6419670804986798
245,0.10524237145749668,0.011075956749997711,6.620095810992261,0.10524237145749668,0.6542103067204075
246,0.16688663293530734,0.02785114825248401,6.6757801400784595,-0.16688663293530734,0.6666372825603406
247,0.1266518743048835,0.01604069726494001,6.636752336768591,-0.1266518743048835,0.6923680246197984
248,0.1064058498118101,0.011322204874173488,6.620925525993461,-0.1064058498118101,0.7328133480611241
249,0.16890669741696812,0.028529472432307225,6.677996703189389,0.16890669741696812,0.7187661663496021
250,0.15852925216495317,0.02513152379197931,6.666866258197562,-0.15852925216495317,0.7322050735082408
251,0.0781239241287355,0.006103347521272421,6.603260507071001,0.0781239241287355,0.7182816108615454
252,0.030815059049259255,0.0009495678642093347,6.585648065284373,-0.030815059049259255,0.7316068653958351
253,0.1033312274986499,0.01067734257637774,6.618751916981292,0.1033312274986499,0.773488324157655
254,0.10334398839598403,0.010679979937589283,6.618760811845049,-0.10334398839598403,0.787726858391468
255,0.08920117580463786,0.007956849764929911,6.609553732990841,0.08920117580463786,0.7587894427335371
256,0.1399277949092127,0.019579787788154692,6.648534485253537,-0.1399277949092127,0.7726502801867083
257,0.09113003632755887,0.008304683521062199,6.610732347615792,-0.09113003632755887,0.7583014060462063
258,0.12767177543059688,0.01630008224160076,6.637618434424471,0.12767177543059688,0.7580336070992412
259,0.07142879212829124,0.0051020723449066415,6.599851902818395,-0.07142879212829124,0.7577679527647894
260,0.08976077516247366,0.008056996757768149,6.60989315258074,0.08976077516247366,0.7714010311839963
261,0.10543796693023529,0.011117164870381389,6.620234684778251,-0.10543796693023529,0.7572953318628859
262,0.0259939288319031,0.0006756843361180433,6.584707379177972,0.0259939288319031,0.7435005229692201
263,0.0031967012566828656,1.0218898924477813e-05,6.582419758374329,-0.0031967012566828656,0.743247778105287
264,0.13253183084439168,0.017564686186966452,6.641835172193371,0.13253183084439168,0.7429970176405067
265,0.14881515558744962,0.022145950532516837,6.657030653027857,0.14881515558744962,0.7697256271483394
266,0.05770357913694521,0.0033297030452136985,6.593802801558228,-0.05770357913694521,0.7694697997893696
267,0.04897120026511875,0.002398178455406367,6.590615535163508,0.04897120026511875,0.7557162041354522
268,0.17072757646198033,0.029147905364581343,6.68001523124991,0.17072757646198033,0.7554687447905024
269,0.09343574410274383,0.008730238276033428,6.612173290798479,0.09343574410274383,0.7291380135951501
270,0.13078514669560673,0.01710475459619137,6.640302678969196,-0.13078514669560673,0.7417786254992462
271,0.014470549207728011,0.00020939679437327778,6.583104754634176,0.014470549207728011,0.7415410454778032
272,0.017640976665423296,0.0003112040577100092,6.583454783684063,0.017640976665423296,0.7413052740892222
273,0.14827282561932273,0.021984830817138087,6.656498364173172,-0.14827282561932273,0.7671909504432836
274,0.24855520519853483,0.06177969003128576,6.783493283674659,0.24855520519853483,0.7409320794898969
275,0.006206985878486115,3.8526673695726054e-05,6.5825171276431105,-0.006206985878486115,0.7407015829244171
276,0.02003970821667872,0.0004015899054096206,6.5837654885429755,-0.02003970821667872,0.7404728147955077
277,0.21390364578120052,0.04575476967848931,6.733405477283249,0.21390364578120052,0.7659557555665505
278,0.11055835004363232,0.012223148764370334,6.623958008456071,0.11055835004363232,0.7401106472894575
279,0.024194523359488938,0.0005853749605928559,6.584397095582031,-0.024194523359488938,0.7274518478586797
280,0.06187286694369231,0.0038282516638318527,6.595506355648689,-0.06187286694369231,0.7522182446762936
281,0.01732369976970318,0.00030011057371081407,6.583416645799231,0.01732369976970318,0.727103575884598
282,0.10909328174592109,0.011901344122094919,6.622875421060343,0.10909328174592109,0.7029122187798603
283,0.14909679002641887,0.02222985279618204,6.657307778698796,0.14909679002641887,0.679607133217946
284,0.05323088761189221,0.0028335273959498994,6.592105792618241,0.05323088761189221,0.690817874291102
285,0.0848951216382971,0.0072071816779812605,6.607010960094204,0.0848951216382971,0.6792513781324682
286,0.029009798752386618,0.0008415684236539722,6.585277185385551,-0.029009798752386618,0.6679183793976659
287,0.21641442501869923,0.04683520335617419,6.736825802924419,-0.21641442501869923,0.6788230182066547
288,0.09590243339743501,0.009197276731549459,6.613753403336033,0.09590243339743501,0.6898678352504659
289,0.09590243339743501,0.009197276731549459,6.613753403336033,0.09590243339743501,0.6566277187281906
290,0.00809999871989367,6.560997926227908e-05,6.582610280341287,0.00809999871989367,0.6564439188150606
291,0.05610203828250952,0.003147438699452164,6.5931796064606605,0.05610203828250952,0.6562614238943708
292,0.02760603456453442,0.0007620931443782691,6.585004212447513,0.02760603456453442,0.6560802201238237
293,0.007023626778062841,4.9331333117521414e-05,6.58255429070051,0.007023626778062841,0.6453958048449606
294,0.17300641452396828,0.029931219466439143,6.682568741610927,0.17300641452396828,0.6771296121008034
295,0.08325467955537677,0.006931341667868471,6.606074464475704,0.08325467955537677,0.6661772960873902
296,0.03748690103877153,0.00140526774949065,6.587212160039478,-0.03748690103877153,0.6659982647652596
297,0.0018656982428731372,3.4808299334599116e-06,6.58239658091603,-0.0018656982428731372,0.6449431212660232
298,0.03749746451964743,0.001406059845402218,6.587214877589776,-0.03749746451964743,0.655090106886182
299,0.03010648024833648,0.0009064001529434746,6.585499832378671,0.03010648024833648,0.6653628068994716
300,0.2554371280423108,0.06524812638250387,6.794156791992445,0.2554371280423108,0.6547804949837418
301,0.28638719773503685,0.0820176270265271,6.844859313244195,-0.28638719773503685,0.6755163676981483
302,0.1456705612555133,0.021219912416496255,6.653969209644489,-0.1456705612555133,0.6753419296921734
303,0.11354962659191231,0.01289351769916272,6.626211163752834,0.11354962659191231,0.6751686796729054
304,0.06623728921811524,0.004387378482964245,6.597415037264328,-0.06623728921811524,0.6645719475503384
305,0.033258823364439485,0.0011061493315869858,6.586185647973886,-0.033258823364439485,0.6644036769392375
306,0.06231427778159396,0.0038830692154416544,6.595693572735375,0.06231427778159396,0.6745877413125024
307,0.04692380216672129,0.0022018432097815977,6.58994305944179,0.04692380216672129,0.6641037671824566
308,0.048888537565734844,0.002390089105316267,6.590587832846397,-0.048888537565734844,0.6846565691010227
309,0.071647708296035,0.005133394104073724,6.599958625858195,0.071647708296035,0.6740851005909587
310,0.11369364251983384,0.01292624434942777,6.626321089676595,0.11369364251983384,0.6739198536999276
311,0.07884671548155905,0.006216804542229924,6.603646347453614,-0.07884671548155905,0.6737557023958605
312,0.21253554061810365,0.045171356025829584,6.731555913060191,0.21253554061810365,0.7157257776452478
313,0.010560222036161845,0.00011151828945303824,6.58276817067773,0.010560222036161845,0.7487579575015365
314,0.05003678624819888,0.0025036799780479443,6.590976791454217,0.05003678624819888,0.7599469702096597
315,0.12269719676994162,0.015054602095201772,6.633455996643183,-0.12269719676994162,0.7712676697652303
316,0.023330519493045473,0.0005443131398153748,6.584255998745706,-0.023330519493045473,0.7483309722077842
317,0.10287322018627151,0.010582899431493101,6.6184333661596035,0.10287322018627151,0.7708324635066873
318,0.01601877721806816,0.00025660122356209946,6.583267058983081,0.01601877721806816,0.7706528395195942
319,0.10259579085037163,0.010525896300213198,6.618241071497895,0.10259579085037163,0.7819911825232515
320,0.05977954674546326,0.0035735942090930274,6.594636380811744,-0.05977954674546326,0.7818112172486891
321,0.10936563024120907,0.011960841078056865,6.623075623548475,0.10936563024120907,0.7589183545294251
322,0.007759675925159776,6.021257046350422e-05,6.582591716394742,-0.007759675925159776,0.7367639457046793
323,0.008091466073012508,6.547182321071246e-05,6.5826098051671655,-0.008091466073012508,0.7365975079561148
324,0.03456618752411941,0.0011948213199525885,6.586490011295652,-0.03456618752411941,0.7152256946922361
325,0.05863989458766056,0.003438637237251942,6.594175166976033,-0.05863989458766056,0.7150660949201127
326,0.0672848153655703,0.0045272463787788845,6.597892193203399,0.0672848153655703,0.704601787457206
327,0.06282905340683917,0.003947489951999448,6.595913563068259,-0.06282905340683917,0.6943221995666106
328,0.16226689794854993,0.026330546169845117,6.670801522951433,0.16226689794854993,0.6744194826522728
329,0.13434560541218385,0.0180487416935662,6.643446668690916,0.13434560541218385,0.6742726076365587
330,0.013277221140281088,0.00017628460120792702,6.582990895510906,0.013277221140281088,0.6838669557895152
331,0.030666224099617726,0.000940417300527975,6.585616644305924,0.030666224099617726,0.6740106379041169
332,0.15857342049487508,0.025145529687444466,6.666912275083682,-0.15857342049487508,0.6738664796069217
333,3.495204188669332e-05,1.2216452320491643e-09,6.582384611723713,3.495204188669332e-05,0.6548364824738506
334,0.12285447912714753,0.015093223041602728,6.63358521073259,-0.12285447912714753,0.6546980892281402
335,0.09334537845111929,0.008713359678182686,6.612116160734547,-0.09334537845111929,0.6545605459867186
336,0.005200188426233668,2.704195966833459e-05,6.58247762469058,-0.005200188426233668,0.6362387173828302
337,0.028342081086785945,0.0008032735603299495,6.58514565944494,0.028342081086785945,0.6184819193000031
338,0.03858567518242156,0.0014888543292833427,6.58749890972917,0.03858567518242156,0.6448933308196954
339,0.009230376223355007,8.519984522467743e-05,6.582677656516452,-0.009230376223355007,0.6358184166386872
340,0.26468196784827686,0.07005654410403626,6.808838417541,-0.26468196784827686,0.6446031608450963
341,0.10236112760668038,0.010477800444911105,6.618078809071124,0.10236112760668038,0.6444724393868921
342,0.13716899516737271,0.01881533323522672,6.645995886964769,-0.13716899516737271,0.6443425039356039
343,0.0890644463634214,0.007932475606022766,6.609471114290468,0.0890644463634214,0.6442133474258498
344,0.0055956399753458175,3.131118673368814e-05,6.5824923092710765,0.0055956399753458175,0.6712389434293651
345,0.02365407286136488,0.0005595151629307585,6.584308237271695,0.02365407286136488,0.6803804868003687
346,0.09665083554907543,0.009341384012334423,6.614240682290846,0.09665083554907543,0.6618796341179228
347,0.09015065661490858,0.00812714088809916,6.610130848827338,-0.09015065661490858,0.6439330908801381
348,0.24057793936299482,0.05787774490814481,6.771422533323865,0.24057793936299482,0.6526281730578685
349,0.16814464900963522,0.028272622990573423,6.677157709651966,0.16814464900963522,0.6525017941279011
350,0.082581964469749,0.006819780855682886,6.605695572750471,0.082581964469749,0.6436088389310161
351,0.09250351126502514,0.008556899596358632,6.611586496012456,0.09250351126502514,0.6700653157513199
352,0.0946200746711402,0.008952958530772147,6.612926980359769,-0.0946200746711402,0.6790118108867921
353,0.2749408829179622,0.0755924890997086,6.8255975767035855,0.2749408829179622,0.6973453964308138
354,0.09216351656892396,0.008494113786350323,6.6113739042319,-0.09216351656892396,0.6788066472295792
355,0.15232680951379238,0.023203456896651188,6.660520500895446,0.15232680951379238,0.6970313686335083
356,0.03121398754717414,0.0009743130185951423,6.585733031902553,0.03121398754717414,0.7156927885263523
357,0.12106827222200489,0.014657526538821481,6.632126974676903,0.12106827222200489,0.7061301540703467
358,0.04753097854880601,0.002259193921807057,6.590139519004432,0.04753097854880601,0.715402225664973
359,0.0790207097230432,0.006244272565133454,6.603739747535687,-0.0790207097230432,0.6966452105660547
360,0.07454368167430556,0.005556760477560198,6.601400561974031,-0.07454368167430556,0.6874147637908504
361,0.09987918960688005,0.009975852516527096,6.616384518751199,-0.09987918960688005,0.6963670462656689
362,0.06252496621423559,0.003909371400091302,6.595783395218579,0.06252496621423559,0.6871913390815171
363,0.052836929039269113,0.00279174107030076,6.591962804665634,0.052836929039269113,0.6960920382921645
364,0.14916940449379995,0.022251511237034904,6.65737930884049,0.14916940449379995,0.6959680750133012
365,0.08615618305187117,0.007422887878067533,6.6077429659461,-0.08615618305187117,0.7049336909844977
366,0.004360775790766144,1.9016365497332092e-05,6.5824500192642175,-0.004360775790766144,0.6868005620707749
367,0.05511523484258637,0.0030376891117534464,6.5928042509996105,0.05511523484258637,0.6691814590759564
368,0.054733639183457694,0.0029957712582649354,6.592660867250048,0.054733639183457694,0.6520604691098284
369,0.1329910465799814,0.017686618470438783,6.642241236873716,-0.1329910465799814,0.6436318025314364
370,0.00593293854126592,3.519975973443858e-05,6.582505684439099,0.00593293854126592,0.660211142892613
371,0.061129139997946016,0.0037367717568884836,6.595193884167203,-0.061129139997946016,0.6434546927512351
372,0.209658927901338,0.04395686604873845,6.727699693856906,0.209658927901338,0.6433449575398231
373,0.1355070841216335,0.01836216984714746,6.644489367525141,0.1355070841216335,0.6432358259486877
374,0.1630923824894198,0.0265991252260752,6.6716818616494145,0.1630923824894198,0.6431272930125173
375,0.34369799020037733,0.11812830846777868,6.949536218088031,-0.34369799020037733,0.6594726131038656
376,0.2288208733119339,0.052358992063236104,6.754213549878593,-0.2288208733119339,0.6429549839149045
377,0.10747414156027699,0.011550691104118457,6.621695059396283,-0.10747414156027699,0.6509772976873595
378,0.04657873891872952,0.0021695789192591676,6.589832526277169,0.04657873891872952,0.6508697608260057
379,0.17438261607513683,0.03040929678920857,6.684125473845228,0.17438261607513683,0.6589485015698412
380,0.0402097649664758,0.0016168251986592244,6.5879378365717365,-0.0402097649664758,0.6671062579405073
381,0.18616458823875887,0.03465725391410664,6.697900171760389,-0.18616458823875887,0.6837938410819234
382,0.18672597388220677,0.034866589322258563,6.698576311978696,0.18672597388220677,0.6922154018093466
383,0.005586810844819642,3.121245541579437e-05,6.582491969672753,-0.005586810844819642,0.7094406093137191
384,0.037539407854938915,0.0014092071420994496,6.587225675405598,-0.037539407854938915,0.7181330792857286
385,0.05228451550706223,0.0027336705618082307,6.591764075728573,0.05228451550706223,0.7180187052184615
386,0.05228451550706223,0.0027336705618082307,6.591764075728573,0.05228451550706223,0.6919497448105023
387,0.04128488142682604,0.001704441434427086,6.588238291005316,-0.04128488142682604,0.6834220706251426
388,0.11944381971305956,0.014266826067645877,6.63081835291197,-0.11944381971305956,0.6917104576728728
389,0.04185101007479031,0.0017515070442801998,6.588399668651645,0.04185101007479031,0.7086574455217128
390,0.19210006450394324,0.036902434782419155,6.705139011188375,0.19210006450394324,0.7085474439272295
391,0.1857487952687169,0.03450261494377971,6.6974005376484955,-0.1857487952687169,0.6999046773088649
392,0.05606368325016489,0.0031431365795748195,6.593164894183376,-0.05606368325016489,0.6997971354947772
393,0.05606368325016489,0.0031431365795748195,6.593164894183376,-0.05606368325016489,0.6748337987601011
394,0.22875894846982453,0.052330656505019835,6.754124774327616,0.22875894846982453,0.6828948710969339
395,0.024072612492048735,0.0005794906721923408,6.584376876622428,0.024072612492048735,0.6746494834670123
396,0.06279725255475621,0.003943494928425836,6.595899921227829,-0.06279725255475621,0.690886118242549
397,0.21882294346275216,0.04788348058570283,6.740138250436444,0.21882294346275216,0.690782608289902
398,0.03395398093341519,0.0011528728212267221,6.5863460308800565,0.03395398093341519,0.6825049402491808
399,0.0767860595698731,0.0058960989442681,6.6025554953434185,-0.0767860595698731,0.6824037042988179
400,0.029801658573658546,0.000888138853740916,6.585437121615468,-0.029801658573658546,0.6742673845073861
401,0.04327510417490943,0.0018727346413492634,6.588815266502794,0.04327510417490943,0.6821827262418906
402,0.2729933463171488,0.07452536713343473,6.822378890610863,0.2729933463171488,0.674089563737502
403,0.08722250119204795,0.007607764714196807,6.608370120087818,0.08722250119204795,0.6739915430092307
404,0.19300369397074843,0.03725042588635431,6.706258442449807,-0.19300369397074843,0.6980312526075195
405,0.23486460907360016,0.05516138459529502,6.762972332114993,0.23486460907360016,0.7144570683198922
406,0.013975805956737891,0.00019532315214039033,6.583056362063272,0.013975805956737891,0.7143547011341983
407,0.05231366005922107,0.002736719028791742,6.591774508726898,-0.05231366005922107,0.7226184245735655
408,0.14144884092001414,0.020007774597615467,6.649954213870803,0.14144884092001414,0.7059240534708044
409,0.06653261649180665,0.0044265890572458225,6.597548815642119,0.06653261649180665,0.7223730427605556
410,0.16612834788996766,0.027598627972650124,6.674954294766144,0.16612834788996766,0.713970525396977
411,0.009214035487160599,8.489844995865486e-05,6.582676619934812,-0.009214035487160599,0.7138706919016323
412,0.009214035487160599,8.489844995865486e-05,6.582676619934812,-0.009214035487160599,0.6895586621267323
413,0.1558921768047779,0.024302370788932135,6.664139990091284,-0.1558921768047779,0.6894631699842737
414,0.09109140879444742,0.008297644756157133,6.610708504638046,0.09109140879444742,0.705334456856956
415,0.2179127397022478,0.04748596212453961,6.738882836749838,-0.2179127397022478,0.7215319496545939
416,0.01648211928948745,0.0002716602562728943,6.5833188338871995,-0.01648211928948745,0.7214334600374573
417,0.10898918097112234,0.011878641568756057,6.622799023050259,0.10898918097112234,0.7131829282698819
418,0.028385201458481536,0.0008057196618385823,6.585154061003368,-0.028385201458481536,0.705046290844142
419,0.17833943900833119,0.03180495550580628,6.688662532823607,-0.17833943900833119,0.7049514193387332
420,0.1265905443555537,0.01602516592023541,6.636700463998613,-0.1265905443555537,0.6891258456561021
421,0.08903537937639375,0.007927298780698361,6.609453566435561,0.08903537937639375,0.6968355543345275
422,0.04128323539158954,0.001704305524397391,6.588237824979218,-0.04128323539158954,0.6812655727763964
423,0.18222994462095488,0.03320775271655628,6.693211530575924,-0.18222994462095488,0.6888517032319031
424,0.1630932397635571,0.026599404856573125,6.671682777992357,-0.1630932397635571,0.6965044154760442
425,0.07495225537465283,0.0056178405857471745,6.60160850060009,0.07495225537465283,0.7042241375618872
426,0.057287545752093494,0.0032818628982982053,6.593639247730936,0.057287545752093494,0.6963407919050894
427,0.16853130059498816,0.02840279928023826,6.677582975773963,-0.16853130059498816,0.7040229450699615
428,0.019806667969606007,0.0003923040960582165,6.583733570623036,0.019806667969606007,0.7196989726221563
429,0.04873964908948117,0.0023755533933657626,6.590538053648848,0.04873964908948117,0.7356866722326639
430,0.24790585756171551,0.06145731421340958,6.782499007448324,0.24790585756171551,0.7275278341779499
431,0.09233066463736432,0.008524951632377438,6.611478323766006,-0.09233066463736432,0.7436144085501663
432,0.09233066463736432,0.008524951632377438,6.611478323766006,-0.09233066463736432,0.7194418303227731
433,0.1203768602950201,0.014490588494486785,6.631567942125097,-0.1203768602950201,0.7037711308282604
434,0.014459614534988313,0.0002090804525004453,6.583103666898669,0.014459614534988313,0.7192247861539762
435,0.12415594899202889,0.01541469967011128,6.634660423080056,-0.12415594899202889,0.7036301428598883
436,0.06654072997487007,0.004427668745588572,6.597552499178387,-0.06654072997487007,0.6959343401822197
437,0.08209092715578031,0.00673892032129563,6.605420899066946,0.08209092715578031,0.6883401492992044
438,0.10597809464070479,0.011231356543674182,6.620619462717373,0.10597809464070479,0.6808459993597482
439,0.00944367899310336,8.91830729247817e-05,6.582691355883016,-0.00944367899310336,0.6807625117903746
440,0.09323056317577882,0.008691937910072887,6.612043650562447,-0.09323056317577882,0.6955069785846112
441,0.10052442714300042,0.010105160452428399,6.616821137736756,0.10052442714300042,0.6954224621676751
442,0.029057531843705575,0.0008443401568479635,6.585286704701105,-0.029057531843705575,0.6879198116707935
443,0.04797251831169998,0.0023013625131663895,6.590283957626409,-0.04797251831169998,0.6732707353956484
444,0.06550520426353236,0.004290931785607098,6.597085939766934,0.06550520426353236,0.680416964850614
445,0.07594026521842555,0.005766923881444813,6.6021159352345835,-0.07594026521842555,0.6876229860399996
446,0.22825606273559987,0.052100830175558104,6.753404567775038,0.22825606273559987,0.6875412838233864
447,0.002115681863997604,4.476109749648376e-06,6.582400004475493,0.002115681863997604,0.6874599550750555
448,0.002115681863997604,4.476109749648376e-06,6.582400004475493,0.002115681863997604,0.6658977446740368
449,0.12283539673253324,0.015088534690438839,6.633569525401239,-0.12283539673253324,0.6658196737200909
450,0.2542491121726422,0.06464261104057678,6.792299622195205,0.2542491121726422,0.6587642613971726
451,0.020153716162345126,0.00040617227515237116,6.583781239224123,-0.020153716162345126,0.665649108200861
452,0.02680364769082258,0.0007184355295337386,6.584854244899952,0.02680364769082258,0.6517538874098854
453,0.14740734172468858,0.021728924394339117,6.655652612936158,0.14740734172468858,0.6516788133312629
454,0.113624714256999,0.01291057568998467,6.626268460854273,-0.113624714256999,0.6448341645341267
455,0.08197707511624142,0.006720240844613887,6.605357441271322,-0.08197707511624142,0.6380763097140204
456,0.005429867645484615,2.9483462647480637e-05,6.58248602258264,-0.005429867645484615,0.6248724202418093
457,0.005429867645484615,2.9483462647480637e-05,6.58248602258264,-0.005429867645484615,0.6056530143216633
458,0.10142276926029038,0.010286578124426104,6.617433535174585,0.10142276926029038,0.6118870261987405
459,0.1467859636224382,0.02154611911656775,6.655048217089599,-0.1467859636224382,0.6055304098190543
460,0.231908869820784,0.05378172390155335,6.75866547129743,0.231908869820784,0.6054627592930799
461,0.027475171050442698,0.0007548850242510845,6.584979452793509,0.027475171050442698,0.6053954084217007
462,0.120943501784543,0.014627330623907754,6.632025868906424,-0.120943501784543,0.6053283552187648
463,0.06292026580740481,0.003958959849274475,6.595952728861819,-0.06292026580740481,0.6241471380477366
464,0.08552251380680673,0.0073141003678354475,6.6073738284063985,-0.08552251380680673,0.6240786004725656
465,0.02785306362778253,0.0007757931534533022,6.585051270609709,0.02785306362778253,0.6240103638169489
466,0.09366087482483783,0.00877235947295394,6.612315853367927,0.09366087482483783,0.6176253012065339
467,0.03574917187361984,0.0012780032896496118,6.586775484714037,0.03574917187361984,0.6238612473817762
468,0.05360480353272176,0.0028734749617816994,6.592242478188323,-0.05360480353272176,0.6175050242016432
469,0.053998057216155214,0.0029157901831191723,6.592387253943025,0.053998057216155214,0.6112269926378022
470,0.05247120186905997,0.002753227025583643,6.591831004263849,-0.05247120186905997,0.6173593352587252
471,0.022969164072317638,0.0005275824981810474,6.5841985057379055,0.022969164072317638,0.6111094695045459
472,0.018844483612119343,0.0003551145626074345,6.583605734279821,0.018844483612119343,0.6110446112853511
473,0.1255407212968142,0.01576047270372438,6.635816196501883,0.1255407212968142,0.6296365414581321
474,0.28745598390281213,0.08263094268153379,6.846687476011139,0.28745598390281213,0.6295702777033437
475,0.03505813856910274,0.001229073079930409,6.586607565759022,-0.03505813856910274,0.635820817790179
476,0.03505813856910274,0.001229073079930409,6.586607565759022,-0.03505813856910274,0.617033160334352
477,0.08539071875271415,0.007291574849105127,6.607297385626281,-0.08539071875271415,0.6169690344248195
478,0.15827029307916454,0.02504948567136464,6.6665966957818945,-0.15827029307916454,0.6292689431291064
479,0.162011466434726,0.026247715256330347,6.670529937662433,-0.162011466434726,0.6292040887073287
480,0.162011466434726,0.026247715256330347,6.670529937662433,-0.162011466434726,0.6107644978368562
481,0.011028648766230165,0.00012163109360887013,6.582802949364478,-0.011028648766230165,0.6167534194440325
482,0.00675330251680023,4.560709488342033e-05,6.582541481118916,0.00675330251680023,0.6289469376786814
483,0.04416008727739425,0.0019501133083470773,6.589080490570254,0.04416008727739425,0.635088857774058
484,0.04294858964066048,0.0018445813521218485,6.588718758485452,0.04294858964066048,0.6350247443521262
485,0.07266819702901495,0.005280666859447737,6.600460347462847,0.07266819702901495,0.6412006893167199
486,0.10278989306368178,0.010565762116043135,6.6183755571603395,0.10278989306368178,0.6411364887595328
487,0.04634492359630168,0.00214785194314704,6.589758088818433,0.04634492359630168,0.628706478725749
488,0.17576536366839735,0.030893463065483972,6.685700689508643,-0.17576536366839735,0.6286440423457725
489,0.042206258876068464,0.001781368288313708,6.58850204898723,-0.042206258876068464,0.6471411733892136
490,0.17660038779469517,0.03118769696923672,6.686657308193629,-0.17660038779469517,0.6726227901502984
491,0.1583308844709664,0.025068668977358512,6.666659732195395,0.1583308844709664,0.6660911545750102
492,0.0966485593073741,0.009340944016191007,6.6142391947005175,0.0966485593073741,0.6724779386763461
493,0.16071180542681318,0.02582828440354586,6.669154094765476,-0.16071180542681318,0.6659742326876856
494,0.07884029026583166,0.006215791369200589,6.603642902250077,0.07884029026583166,0.6659096868015867
495,0.03640475293417345,0.0013253060361982105,6.586937804010357,-0.03640475293417345,0.6722563966674242
496,0.07046921244763828,0.004965909902990378,6.599387882947335,-0.07046921244763828,0.6594575305473442
497,0.11539170720201156,0.013315246090994765,6.627627209689853,-0.11539170720201156,0.672101633392422
498,0.07909290079074865,0.006255686955495209,6.603778558729832,-0.07909290079074865,0.684962277967279
499,0.250234992875406,0.0626175516593545,6.786074915195622,0.250234992875406,0.6719992471932372
500,0.20394375822280514,0.041593056518042,6.720170873886075,-0.20394375822280514,0.6848064715547437
501,0.18837491553017874,0.035485108801001974,6.700572637539663,0.18837491553017874,0.6782894113272695
502,0.06853665783698001,0.004697273467463274,6.598472070298158,-0.06853665783698001,0.6911649874200738
503,0.009156877094778549,8.384839812888003e-05,6.582673008511735,-0.009156877094778549,0.6976485997117956
504,0.0003039018818323039,9.23563537812156e-08,6.582384925210806,0.0003039018818323039,0.6845753647216356
505,0.059264649824609245,0.0035122987188335566,6.5944269185004005,-0.059264649824609245,0.690971962641148
506,0.0013001632916065653,1.6904245848412185e-06,6.58239042227102,0.0013001632916065653,0.6909081226057774
507,0.10347546665932038,0.010707172200364124,6.618852518990105,0.10347546665932038,0.6780371687935988
508,0.06780151202383473,0.004597045032718206,6.598130263454461,0.06780151202383473,0.677975014528509
509,0.031432105618047546,0.000987977263584096,6.585779948692537,0.031432105618047546,0.6779131091311356
510,0.08845054661252544,0.007823499196054535,6.6091016823157105,0.08845054661252544,0.6653579127247676
511,0.1729858569638511,0.029924106709517954,6.682545570836985,-0.1729858569638511,0.6715026094789445
512,0.1094033652770221,0.011969096333937525,6.623103400103351,0.1094033652770221,0.6840002709526186
513,0.06034612759960739,0.003641655116268097,6.594868934413471,0.06034612759960739,0.6776433223854009
514,0.028309781835924808,0.0008014437475976581,6.585139374611835,-0.028309781835924808,0.6713577204824641
515,0.12077117576170748,0.014585676894865241,6.6318863895218145,0.12077117576170748,0.6590436595101483
516,0.11160520793645269,0.012455722438538843,6.624740016691102,-0.11160520793645269,0.6589850992090625
517,0.13996333585100215,0.019589735382540423,6.648567496108749,-0.13996333585100215,0.6589267696909498
518,0.13345140804420663,0.01780927830898134,6.642649634073681,-0.13345140804420663,0.6528620266042662
519,0.13345140804420663,0.01780927830898134,6.642649634073681,-0.13345140804420663,0.6351463734258351
520,0.06462295149216388,0.004176125859558565,6.596694119946301,0.06462295149216388,0.6409114457868699
521,0.0010419367531637608,1.0856321975934398e-06,6.582388341898586,-0.0010419367531637608,0.6408555810570217
522,0.0010419367531637608,1.0856321975934398e-06,6.582388341898586,-0.0010419367531637608,0.6235642544911958
523,0.033586329711152954,0.0011280415434662757,6.586260796847846,0.033586329711152954,0.6178799170518284
524,0.03156049563466391,0.00099606488470564,6.58580771733585,0.03156049563466391,0.6234458331275671
525,0.10910894448063901,0.011904761765679167,6.622886921746344,-0.10910894448063901,0.6290512847360215
526,0.27006627891108737,0.07293579500488123,6.81757391612745,0.27006627891108737,0.6289974880177212
527,0.13308944390833471,0.017712800079829772,6.642328416424153,-0.13308944390833471,0.6289438992144523
528,0.015495532157370692,0.00024011151684010922,6.58321036357097,-0.015495532157370692,0.6460739456434499
529,0.08892316899584696,0.007907329984263958,6.609385876756239,0.08892316899584696,0.6460193161061712
530,0.13161501094366143,0.017322511105700118,6.64102840333906,-0.13161501094366143,0.6402081466735328
531,0.045954972555594414,0.0021118595025854357,6.589634770720344,0.045954972555594414,0.6401544188837002
532,0.11062309082180025,0.012237468222968267,6.624006165954475,-0.11062309082180025,0.6633474639373675
533,0.19702395964250702,0.03881844067321223,6.7112940428944245,0.19702395964250702,0.663292209955237
534,0.03853135555609534,0.0014846653609902392,6.587484540236729,0.03853135555609534,0.6691562846247947
535,0.0506400889496091,0.0025644186088243214,6.5911847394324345,0.0506400889496091,0.6810746137241139
536,0.0506400889496091,0.0025644186088243214,6.5911847394324345,0.0506400889496091,0.6631714783602619
537,0.020111238370326023,0.0004044619087880737,6.583775360308905,0.020111238370326023,0.6869721091616747
538,0.10385317805409888,0.010785482591936365,6.619116598845982,-0.10385317805409888,0.6869159427837822
539,0.1922954231305525,0.03697752975695823,6.705380637374339,-0.1922954231305525,0.7052406495667984
540,0.2107915175575897,0.04443306387423165,6.72921267134557,0.2107915175575897,0.6928992943429794
541,0.005283534141761914,2.7915733027163806e-05,6.582480630161032,-0.005283534141761914,0.680796144714599
542,0.20312253637964253,0.041258764785299204,6.7191036456929565,0.20312253637964253,0.6748078791433476
543,0.0536678490091623,0.0028802380172702428,6.592265617822433,0.0536678490091623,0.6688832291536714
544,0.0536678490091623,0.0028802380172702428,6.592265617822433,0.0536678490091623,0.6515556201082325
545,0.1150151695505276,0.01322848922673661,6.627335993386801,-0.1150151695505276,0.6745921645623633
546,0.06890734327016154,0.004748221956551877,6.598645794535774,0.06890734327016154,0.6687019861805885
547,0.07049093407358828,0.0049689717865669695,6.59939831864127,-0.07049093407358828,0.6571486346267854
548,0.19900597366063558,0.03960337755261758,6.713809649439487,-0.19900597366063558,0.6514317274623832
549,0.10671136186776764,0.011387314751673653,6.621144846480794,-0.10671136186776764,0.6627383468635044
550,0.02229699093592534,0.0004971558047967367,6.5840939431669145,-0.02229699093592534,0.6513500079038661
551,0.24046480456529815,0.05782332223462703,6.771253613458347,-0.24046480456529815,0.656932331677767
552,0.06823788183242141,0.004656408516975508,6.5983327170982236,-0.06823788183242141,0.6568813033009198
553,0.16930783918346717,0.02866514440897478,6.678439718361987,0.16930783918346717,0.6797663440240262
554,0.001374542287097491,1.8893664990192016e-06,6.582391106593397,-0.001374542287097491,0.6914582211360851
555,0.040289821942868995,0.001623269752188088,6.587959937963005,0.040289821942868995,0.6914050882689065
556,0.23044940737744038,0.053106929360613474,6.75655529318841,0.23044940737744038,0.6854768022776324
557,0.07032564486964443,0.004945696326331346,6.599318988349838,-0.07032564486964443,0.6854245055041395
558,0.04586669437999258,0.002103753653347643,6.589606997142911,0.04586669437999258,0.6853723994299881
559,0.1783601239960672,0.03181233383189247,6.688686488799051,0.1783601239960672,0.6853204830141509
560,0.07889940378041821,0.0062251159169054715,6.603674609290799,-0.07889940378041821,0.7029127908501119
561,0.05966095520469587,0.0035594295759367274,6.594587978763402,-0.05966095520469587,0.7148518574879507
562,0.011187535605154689,0.0001251609529166039,6.582815088659313,-0.011187535605154689,0.7208594911065592
563,0.03899355360151685,0.0015204972224743677,6.587607451294158,0.03899355360151685,0.7208056574711564
564,0.06422765857747127,0.004125192126344219,6.596520262136805,-0.06422765857747127,0.7147130400685622
565,0.2034177714685731,0.04137878974924063,6.719486897451922,-0.2034177714685731,0.7328964996351975
566,0.10643797099593352,0.011329041669731185,6.620948556742463,-0.10643797099593352,0.732842344066408
567,0.02906123630532019,0.0008445554555936603,6.585287444126893,0.02906123630532019,0.7327883827882168
568,0.14142434035324203,0.020000844044349642,6.649931232393813,0.14142434035324203,0.7327346147570719
569,0.09078895090912555,0.008242633607179608,6.610522150295116,-0.09078895090912555,0.7388173960469048
570,0.08442332787785153,0.007127298289971224,6.606739799492991,0.08442332787785153,0.73263833783348
571,0.034513298378312754,0.0011911677649504458,6.586477471594499,0.034513298378312754,0.7386991898397754
572,0.07450863533109073,0.005551536738901462,6.601382777402889,0.07450863533109073,0.726490172607263
573,0.09654997288183767,0.00932189726348359,6.614174798063962,-0.09654997288183767,0.7324793554141461
574,0.0675003077777244,0.00455629155008752,6.597991264624134,-0.0675003077777244,0.7324267245936522
575,0.13502011329720753,0.01823043099479076,6.6440511765787615,0.13502011329720753,0.7263544354392444
576,0.3032231055742476,0.0919442517540913,6.874228287988382,0.3032231055742476,0.7144322062050545
577,0.0034296246297902955,1.1762325101264221e-05,6.58242506737605,-0.0034296246297902955,0.7202814806865128
578,0.04152898124968106,0.0017246562836363611,6.588307605015415,0.04152898124968106,0.7084995415178756
579,0.09298966665371922,0.008647078104369819,6.611891796137622,0.09298966665371922,0.7084495066811253
580,0.08984281808077145,0.008071731960694594,6.609943088061414,-0.08984281808077145,0.7026266894979052
581,0.23055658230860512,0.05315633764582461,6.756709882211024,0.23055658230860512,0.7025774094732207
582,0.2972649661797403,0.08836646011784215,6.863696744289895,0.2972649661797403,0.691163475649745
583,0.0008850814197778334,7.833691196359453e-07,6.582387302169386,-0.0008850814197778334,0.6911153307098759
584,0.01598846018180613,0.00025563085898520004,6.583263722694238,-0.01598846018180613,0.679925780872075
585,0.045999161931027044,0.002115922898356848,6.589648693229728,0.045999161931027044,0.6689360782401101
586,0.09537137708885388,0.009095699567824363,6.613409856671774,-0.09537137708885388,0.6743294125782673
587,0.02098903274268496,0.0004405394954735013,6.583899363149694,-0.02098903274268496,0.6742830764668658
588,0.07550451661457225,0.005700932029200217,6.601891336073038,-0.07550451661457225,0.6963611468514763
589,0.08068486931176294,0.0065100481358562655,6.604643225348063,-0.08068486931176294,0.6963136203448065
590,0.06647292036917192,0.004418649142406271,6.597521727076732,-0.06647292036917192,0.6962662575925864
591,0.04378281535489778,0.0019169349204010728,6.588966772589093,-0.04378281535489778,0.6962190577500452
592,0.00042492782299803633,1.805636547578505e-07,6.582385228628093,-0.00042492782299803633,0.6850981168190028
593,0.015446909138017245,0.00023860700191816067,6.583205190615246,-0.015446909138017245,0.6850519859426062
594,0.015074804258099692,0.0002272497234200206,6.583166140552249,-0.015074804258099692,0.6905014482468581
595,0.19673711891853718,0.03870549396036664,6.710931781512866,0.19673711891853718,0.7015592240757478
596,0.011113455492672343,0.00012350889298760908,6.58280940718429,0.011113455492672343,0.7127752217028135
597,0.011113455492672343,0.00012350889298760908,6.58280940718429,0.011113455492672343,0.6959295118978551
598,0.013975351795692703,0.00019531045781337125,6.583056318412938,0.013975351795692703,0.7014287596407293
599,0.018864571559928038,0.0003558720601396458,6.583608338211361,0.018864571559928038,0.6958466947922175
600,0.2694583419562876,0.07260779804983163,6.816580880653748,-0.2694583419562876,0.6958009240977376
601,0.1825613568079088,0.03332864899954459,6.693603046708636,0.1825613568079088,0.6902820914660646
602,0.03472285834058372,0.0012056768913402446,6.5865272691950505,-0.03472285834058372,0.6902369871636442
603,0.06748942891657955,0.004554823015486044,6.5979862556642015,-0.06748942891657955,0.6956463736914441
604,0.006896326035420106,4.755931278681319e-05,6.582548195817124,0.006896326035420106,0.701089196642509
605,0.2702290138249257,0.07302371991279188,6.817840024367573,-0.2702290138249257,0.7121308690672282
606,0.005403773645167642,2.9200769608208388e-05,6.582485050222221,0.005403773645167642,0.7010167249690223
607,0.00997898256287867,9.958009299023654e-05,6.58272711348766,-0.00997898256287867,0.7009716687341858
608,0.1395444765435914,0.01947266093382493,6.648178949781172,0.1395444765435914,0.7009267630747907
609,0.057973582517546834,0.003360936269918812,6.593909572534367,0.057973582517546834,0.7008820072373642
610,0.02874004222226211,0.0008259900269374088,6.585223681604568,0.02874004222226211,0.690014655151386
611,0.1305087736739589,0.01703254000588063,6.640061943773539,-0.1305087736739589,0.6793331935852905
612,0.1787849457011214,0.03196405680935293,6.689179034232252,-0.1787849457011214,0.684579426269539
613,0.04137867574523607,0.001712194806429388,6.588264876587084,0.04137867574523607,0.6952203134824316
614,0.19574603163860407,0.03831650890226139,6.709683616938748,-0.19574603163860407,0.7005718798755505
615,0.0024717847857485794,6.1097200270581505e-06,6.5824056237477135,0.0024717847857485794,0.7005280129709746
616,0.16130580008844522,0.026019561142173454,6.669781660277195,-0.16130580008844522,0.7004842907339681
617,0.020729210697181505,0.0004297001761281441,6.583862108029948,0.020729210697181505,0.6897454852857655
618,0.1933059961693953,0.03736720815504228,6.706633959253979,-0.1933059961693953,0.7003798937743544
619,0.14324797871454484,0.020519983405802692,6.651651886196509,0.14324797871454484,0.7057279541741648
620,0.10798507851688205,0.011660777182297181,6.622065710589144,-0.10798507851688205,0.7111082251720644
621,0.14544829673140705,0.021155207022067433,6.653755105642438,0.14544829673140705,0.7220190138672964
622,0.2538232583535159,0.06442624648119567,6.791635557390842,0.2538232583535159,0.7330793924761289
623,0.17982801285708752,0.032338114208128835,6.690392790318101,-0.17982801285708752,0.7442911684071203
624,0.07185985307947312,0.005163838484603463,6.600062353475136,0.07185985307947312,0.7672413753519255
625,0.0678940620028879,0.004609603655251987,6.598173095322537,-0.0678940620028879,0.7613898091120636
626,0.022431580965735644,0.0005031758246223536,6.5841146316801975,0.022431580965735644,0.7729787375489983
627,0.11823195604088912,0.013978795429254738,6.62985301988043,-0.11823195604088912,0.7671022366313207
628,0.08464712307373858,0.0071651354446606455,6.606868241001275,0.08464712307373858,0.7670561668053295
629,0.04780473987815642,0.002285293154818199,6.590228917140631,0.04780473987815642,0.7670102457244369
630,0.019332718053843123,0.00037375398734939186,6.583669807066655,-0.019332718053843123,0.7786105664083914
631,0.08400221396303029,0.00705637195069072,6.606499009757348,-0.08400221396303029,0.7727288090299078
632,0.07337667897952332,0.00538413701806402,6.600812762898675,-0.07337667897952332,0.7843786184991294
633,0.14718698702088184,0.02166400914828524,6.655438011111291,0.14718698702088184,0.7902365883699195
634,0.04693362392570559,0.002202765054799564,6.589946217462828,0.04693362392570559,0.796129066516385
635,0.2295048077773225,0.05267245679290575,6.755195351294251,-0.2295048077773225,0.8020562019531402
636,0.10542452372213991,0.011114330202040041,6.6202251321148395,-0.10542452372213991,0.8080181441046613
637,0.03889610175357852,0.0015129067316247342,6.587581414947358,0.03889610175357852,0.8079709750688728
638,0.03889610175357852,0.0015129067316247342,6.587581414947358,0.03889610175357852,0.7900883288609118
639,0.14523174305666775,0.02109225919127796,6.65354679332304,-0.14523174305666775,0.7900424940230509
640,0.03402820738985657,0.0011579188981670893,6.586363351194391,-0.03402820738985657,0.7841583831537376
641,0.03402820738985657,0.0011579188981670893,6.586363351194391,-0.03402820738985657,0.7668830662473095
642,0.03597947981964587,0.0012945229680923042,6.586832173585371,-0.03597947981964587,0.7668389913501807
643,0.09326189191898604,0.008697780484308634,6.612063427273847,0.09326189191898604,0.7724775445386011
644,0.0790792509657707,0.006253527933307346,6.603771217688266,0.0790792509657707,0.7611282927655891
645,0.1494903509693949,0.022347365032952864,6.6576958464889975,0.1494903509693949,0.7610849535545859
646,0.048147574423617355,0.002318188922877772,6.590341589391757,-0.048147574423617355,0.7554692108088189
647,0.16615808351348746,0.027608508716875074,6.6749866158488524,0.16615808351348746,0.7554264586925392
648,0.06926993454900127,0.004798323832422919,6.598816616032494,0.06926993454900127,0.7553838405029814
649,0.017770695535500917,0.00031579761981547226,6.583470575493359,0.017770695535500917,0.7498359521453218
650,0.03993347486107452,0.0015946824144800708,6.587861896580912,-0.03993347486107452,0.7497939086179647
651,0.015942672910756316,0.0002541688195393633,6.583258695926923,0.015942672910756316,0.7388956089911131
652,0.015942672910756316,0.0002541688195393633,6.583258695926923,0.015942672910756316,0.7228889649729457
653,0.0358190506241151,0.0012830043876129202,6.586792646648256,0.0358190506241151,0.717612286036968
654,0.06312196793555705,0.003984382836057492,6.596039536740483,0.06312196793555705,0.7072292861036453
655,0.008528143317324488,7.272922844082633e-05,6.582634766131656,0.008528143317324488,0.7071902331388987
656,0.1517079552844813,0.02301530369659818,6.659900066007093,0.1517079552844813,0.7071513009992595
657,0.069325040594686,0.004805961253454861,6.598842654300297,0.069325040594686,0.7071124891249242
658,0.1454884317383531,0.02116688376968543,6.653793744734544,-0.1454884317383531,0.7173516445785204
659,0.10936607567277928,0.011960938508064085,6.6230759513747905,-0.10936607567277928,0.7173125108815632
660,0.09748972457548763,0.009504246397804436,6.614791223967597,-0.09748972457548763,0.7121321205707294
661,0.14988552402388505,0.022465670311914623,6.658086450455128,0.14988552402388505,0.7223971413423248
662,0.09727880036521264,0.009463165000494895,6.614652367505975,0.09727880036521264,0.7171958061179232
663,0.1579261744038208,0.02494067656182603,6.666239107729745,0.1579261744038208,0.7223113631000125
664,0.01799968799956246,0.0003239887680815929,6.583498734797327,-0.01799968799956246,0.7222725485803286
665,0.1219521690870734,0.014872331545042142,6.632846051642854,-0.1219521690870734,0.7170955923082029
666,0.06485106733229731,0.00420566093413816,6.596794927814234,0.06485106733229731,0.7221875546556341
667,0.11729567580585584,0.013758275562752435,6.629113606490197,0.11729567580585584,0.7170267428869407
668,0.02747452619524024,0.0007548495896529422,6.584979331076015,0.02747452619524024,0.7119104881818795
669,0.08639160651135343,0.007463509675612524,6.6078807847849,-0.08639160651135343,0.7220495524431737
670,0.13892836337143116,0.019301090149064417,6.647609392835308,0.13892836337143116,0.7118502649934049
671,0.03374322523347652,0.0011386052491571264,6.58629705753426,0.03374322523347652,0.7118128046308588
672,0.09287814431281152,0.008626349690991443,6.611821624390572,0.09287814431281152,0.7067640129026028
673,0.007073860761911535,5.003950607891165e-05,6.58255672646356,0.007073860761911535,0.6968248642958338
674,0.21247524360397438,0.045145729144568256,6.7314746268214884,-0.21247524360397438,0.6967885195459619
675,0.2924814738698086,0.08554541255705553,6.8553502181187564,0.2924814738698086,0.6918682781162249
676,0.2614978297102056,0.06838111494314768,6.803736095569376,-0.2614978297102056,0.6918324045845659
677,0.09572182859191102,0.009162668468979193,6.613636361060732,0.09572182859191102,0.7015690367855175
678,0.1788189782075493,0.03197622696719199,6.689218537065029,-0.1788189782075493,0.7015328740425771
679,0.2602543529929467,0.0677323282517773,6.8017564839037155,-0.2602543529929467,0.7064196040369981
680,0.16580148206775178,0.027490131455863015,6.67459935242305,-0.16580148206775178,0.7014680653734111
681,0.1304997465942441,0.017030183861161924,6.640054088778028,0.1304997465942441,0.7063400910497948
682,0.12785969086943924,0.016348100549228563,6.637778724918965,0.12785969086943924,0.7212118896842364
683,0.01708044754849436,0.00029174168845686697,6.5833878741918745,-0.01708044754849436,0.711217141637551
684,0.13976945292879459,0.019535499972014526,6.648387509997676,0.13976945292879459,0.7161353601634982
685,0.08636501955690615,0.007458916603064782,6.607865202241224,0.08636501955690615,0.7111523924304163
686,0.2879333267165324,0.08290560063404938,6.847505585633846,0.2879333267165324,0.7062113164813433
687,0.11742109877581022,0.013787714437718581,6.629212333590433,-0.11742109877581022,0.7110737363947335
688,0.1886335357077058,0.03558261079359032,6.700887135761171,0.1886335357077058,0.7159625668209411
689,0.21888831638413825,0.04791209504948261,6.74022858542126,0.21888831638413825,0.7208779129276726
690,0.07771161108741326,0.006039094497801371,6.603041961978437,0.07771161108741326,0.7109885226394143
691,0.11668138892458146,0.013614546521369442,6.62863151638769,-0.11668138892458146,0.7207919416056636
692,0.09129170442356446,0.008334175296559459,6.610832244138539,0.09129170442356446,0.735747607561874
693,0.058308557560709344,0.003399887884810555,6.594042720217771,-0.058308557560709344,0.7357113032412623
694,0.06929010064162937,0.004801118046927126,6.598826142393679,0.06929010064162937,0.7306585683214106
695,0.08429018860274615,0.007104835894686516,6.606663544706928,0.08429018860274615,0.7306227218240665
696,0.09282448848925447,0.008616385663291735,6.611787892289021,-0.09282448848925447,0.7256193658467927
697,0.15205262775529005,0.0231200016072888,6.66024533305052,-0.15205262775529005,0.7255839701018181
698,0.02700501987779169,0.0007292710985999244,6.584891467119963,-0.02700501987779169,0.7255486771878342
699,0.029816376265540984,0.0008890162936083157,6.585440134862933,-0.029816376265540984,0.7206014115954177
700,0.12886346118546577,0.016605791628698043,6.638638688166021,0.12886346118546577,0.7205665605703708
701,0.07152239429238201,0.005115452885314959,6.599897495264493,-0.07152239429238201,0.7156672963770726
702,0.07785666272792191,0.006061659931129385,6.603118717189199,0.07785666272792191,0.725380542906713
703,0.20393041153901176,0.0415876127504707,6.720153499597277,-0.20393041153901176,0.7204625909366863
704,0.148658302575435,0.022099290924609584,6.656876520214555,-0.148658302575435,0.7204281405394677
705,0.009336375256624535,8.716790293251085e-05,6.5826844251966765,-0.009336375256624535,0.7107539434725191
706,0.026802980640545784,0.000718399771217472,6.58485412206216,0.026802980640545784,0.705955651267935
707,0.16761861284561308,0.028095999372287527,6.67658054972869,0.16761861284561308,0.7106797089374968
708,0.1954602990032766,0.03820472848645029,6.709324781975736,-0.1954602990032766,0.7106461083419995
709,0.15355089245896356,0.02357787657494419,6.661754526522559,0.15355089245896356,0.7106126038274491
710,0.04913626436872803,0.002414372476113532,6.590670991013877,-0.04913626436872803,0.7011370143869049
711,0.015022994245961943,0.00022569035611420566,6.583160778869523,0.015022994245961943,0.7011041434732362
712,0.007258958145521707,5.269247335843594e-05,6.582565851324004,0.007258958145521707,0.6917814486950168
713,0.12766426608371442,0.016298164834693436,6.637612033615308,0.12766426608371442,0.6825955444083456
714,0.0985896459710357,0.009719918292694156,6.615520030351231,-0.0985896459710357,0.6825638105013626
715,0.1235099509132935,0.015254707974604171,6.634125392574723,0.1235099509132935,0.6735255066433393
716,0.009626200089163643,9.266372815661414e-05,6.582703326687597,-0.009626200089163643,0.677976263733746
717,0.11797210995802293,0.013917418727947854,6.629647250768139,0.11797210995802293,0.6779450071821377
718,0.050679664158252966,0.0025684283591933103,6.591198466600567,-0.050679664158252966,0.6869411559428036
719,0.06837960761299111,0.004675770737306632,6.598398745344162,0.06837960761299111,0.6869096616269418
720,0.001250238108916099,1.5630953289861036e-06,6.582389984282442,-0.001250238108916099,0.6778766068791703
721,0.001250238108916099,1.5630953289861036e-06,6.582389984282442,-0.001250238108916099,0.6645827279815205
722,0.12062861703121891,0.014551263246864477,6.6317711458996556,-0.12062861703121891,0.6601956465490133
723,0.11479013821438278,0.013176775831277101,6.627162385392495,-0.11479013821438278,0.6645163490238379
724,0.1356659719052058,0.018405255932984088,6.644632658197541,0.1356659719052058,0.6558257707570874
725,0.05104945214562967,0.002606046564368934,6.591327245561509,-0.05104945214562967,0.6472606097181597
726,0.006570240458453841,4.316805968190373e-05,6.582533091967142,-0.006570240458453841,0.6430114369759965
727,0.035435445287538204,0.0012556707827261135,6.586698845792605,0.035435445287538204,0.6387959707298165
728,0.12380839512880332,0.015328518704369888,6.6343722434141785,0.12380839512880332,0.6429480903116825
729,0.04051980208998529,0.0016418543614115763,6.5880236718068685,0.04051980208998529,0.651351054291504
730,0.07885608664079585,0.006218282400300702,6.603651372765193,-0.07885608664079585,0.6470984781607703
731,0.23124166473023972,0.05347270750721259,6.757699434271235,0.23124166473023972,0.6428794507841855
732,0.0023850033813008487,5.6882411288164814e-06,6.5824041739515025,0.0023850033813008487,0.6345631978986003
733,0.02132662968800804,0.00045482513384942586,6.583948462240136,-0.02132662968800804,0.6428113021043403
734,0.024060271505073477,0.0005788966648978507,6.5843748355460745,0.024060271505073477,0.642783020608231
735,0.0894961370712039,0.008009558550667716,6.609732382137856,-0.0894961370712039,0.6469215149790256
736,0.13743958121059427,0.018889638483343536,6.646242793401873,-0.13743958121059427,0.6468932067795864
737,0.11583092288743022,0.013416802696953806,6.627968045691697,0.11583092288743022,0.6427098827818157
738,0.0859415762222324,0.007385954523561783,6.607617652057974,-0.0859415762222324,0.6426819107643644
739,0.011972961753736966,0.00014335181315644816,6.582877646322201,-0.011972961753736966,0.6467974971683755
740,0.13697433878149287,0.018761969484627182,6.645818545880948,-0.13697433878149287,0.6467694988688907
741,0.14962198871566876,0.02238673950723171,6.6578258568835675,0.14962198871566876,0.6509001520845473
742,0.02184986806462566,0.0004774167344415483,6.58402610588022,0.02184986806462566,0.6550516185046655
743,0.16639948078266453,0.027688787204740342,6.675249195199371,-0.16639948078266453,0.6550234909195252
744,0.046149630630058794,0.002129788407290861,6.589696200161383,0.046149630630058794,0.650827476586432
745,0.023317087701331073,0.0005436865788715648,6.584253845670285,0.023317087701331073,0.6425544865708468
746,0.02963032080736122,0.0008779559111471433,6.5854021516502375,-0.02963032080736122,0.6466308856115925
747,0.10869871083116794,0.011815409736357868,6.622586220311678,-0.10869871083116794,0.6466034155218257
748,0.1812713357442999,0.0328592971625227,6.692082608675742,0.1812713357442999,0.6506946007628013
749,0.01726273947497675,0.0002980021741809206,6.583409397320134,0.01726273947497675,0.6631635743340754
750,0.11414333540435886,0.013028701017231964,6.62666519012946,-0.11414333540435886,0.6715879740001024
751,0.14455634757665461,0.020896537624702578,6.65289894404029,-0.14455634757665461,0.6673259815005415
752,0.10853885113901271,0.01178068220657676,6.622469336540595,-0.10853885113901271,0.6589217893177282
753,0.006615627972790208,4.376653347436428e-05,6.582535150443412,0.006615627972790208,0.6506343967851465
754,0.009084719096712962,8.253212106618118e-05,6.58266848145535,0.009084719096712962,0.6506072663410134
755,0.13531600989885825,0.018310422534947905,6.6443172576021645,0.13531600989885825,0.6465003127369614
756,0.013580897869000047,0.00018444078692821003,6.583018941908595,-0.013580897869000047,0.6505478240150289
757,0.23785314615413355,0.05657411913541962,6.767371995798002,-0.23785314615413355,0.6546153279097896
758,0.09216152313444981,0.008493746346461727,6.611372660013936,0.09216152313444981,0.6587028968294739
759,0.024939227072168797,0.000621965046957197,6.584522817535895,0.024939227072168797,0.6586757898537604
760,0.2164350622311727,0.0468441361630116,6.736854054936062,-0.2164350622311727,0.6711141789426418
761,0.0775256772771783,0.006010230637285199,6.602943778319552,0.0775256772771783,0.6710867058792859
762,0.16670489924753276,0.02779052343313005,6.675581905814032,-0.16670489924753276,0.6752552622352612
763,0.16085516918155995,0.025874385452428275,6.669305368666026,-0.16085516918155995,0.6752277640645428
764,0.4221493256007729,0.17821005310518737,7.111770013271855,0.4221493256007729,0.6794111298058443
765,0.16158207641387773,0.02610876741822022,6.670074266513989,-0.16158207641387773,0.6793836065644507
766,0.2174668816168909,0.04729184460017484,6.738269476845992,0.2174668816168909,0.675156637297645
767,0.09560379416425742,0.009140085458601701,6.613559983182533,-0.09560379416425742,0.6793233000208978
768,0.09560379416425742,0.009140085458601701,6.613559983182533,-0.09560379416425742,0.6668084860552
769,0.19122634078803263,0.036567513411180794,6.704060978153357,0.19122634078803263,0.6667817530406702
770,0.024958013124600525,0.0006229024191277321,6.58452603819364,-0.024958013124600525,0.6708807947524135
771,0.02310641224204399,0.0005339062866992803,6.584220236951338,-0.02310641224204399,0.6708540375371151
772,0.019161010487531424,0.0003671443229032892,6.583647086683172,-0.019161010487531424,0.6749674933911624
773,0.2653365744901403,0.07040349776216177,6.809893257392861,0.2653365744901403,0.6749407120101366
774,0.031704339845710486,0.0010051651650523055,6.585838962419621,0.031704339845710486,0.6832487658381108
775,0.17849509634749358,0.03186049942010102,6.688842865324518,-0.17849509634749358,0.6916482301935056
776,0.1355982406096864,0.018386882856442403,6.644571556530432,0.1355982406096864,0.6958674586426593
777,0.2735511840965049,0.07483025032059992,6.823299062904416,0.2735511840965049,0.7087193751665177
778,0.14412240199998627,0.020771266758245647,6.652484170657781,-0.14412240199998627,0.7173983524713692
779,0.05234728135281395,0.002740237865030663,6.591786551432026,-0.05234728135281395,0.7130094095756033
780,0.16941930646665335,0.028702901403641807,6.678562988796495,-0.16941930646665335,0.7129816232115345
781,0.02931444174994291,0.0008593364951107959,6.585338207680107,-0.02931444174994291,0.7173033104799289
782,0.059586412295739286,0.00355054053027783,6.594557603306452,-0.059586412295739286,0.7086144001697517
783,0.1390620981659778,0.01933826714632405,6.647732822856048,0.1390620981659778,0.7128987093392429
784,0.03080927572612481,0.0009492114707683834,6.585646841519432,0.03080927572612481,0.7259470933705964
785,0.09960269743420902,0.009920697336170589,6.616198251213968,-0.09960269743420902,0.7303250799875353
786,0.04953366323572092,0.00245358379354981,6.590805261878495,-0.04953366323572092,0.7302970507842231
787,0.0630350822112078,0.003973421589373726,6.596002109594586,0.0630350822112078,0.7215066448939679
788,0.10282834327444582,0.010573668180567266,6.618402226771635,0.10282834327444582,0.730230049411279
789,0.08303069590130677,0.00689409646185528,6.60594797799744,0.08303069590130677,0.7302022361300156
790,0.08381902033453394,0.0070256281698410136,6.60639462709622,0.08381902033453394,0.7257972116261919
791,0.08474728273142604,0.007182101930360262,6.606925832304378,-0.08474728273142604,0.7257697065131209
792,0.10952750192150729,0.011996273677165782,6.623194841064093,-0.10952750192150729,0.7345003204111102
793,0.010674650787981868,0.00011394816944536192,6.582776527275811,0.010674650787981868,0.7344726254174093
794,0.03399556615132371,0.0011556985179490263,6.586355729911022,-0.03399556615132371,0.7300641778883156
795,0.011960615629288116,0.00014305632623157116,6.582876630171062,0.011960615629288116,0.7256877069008414
796,0.3815018198176556,0.14554363852418295,7.025271529969804,0.3815018198176556,0.7256605496334851
797,0.4080478322069363,0.16650303336878003,7.081210639803663,0.4080478322069363,0.7299712988715509
798,0.04609429579817054,0.002124684105129242,6.589678711603064,-0.04609429579817054,0.7299441177776025
799,0.0665232941662531,0.004425348666729844,6.59754458383459,0.0665232941662531,0.7299170055487377
